lat,lon,mwd,swh_typical,swh_rough,mwp_typical,mwp_rough,swh_typical_norm,swh_rough_norm
27.0,50.0,355.33008,0.6038055,1.3837597,3.518957,2.3579226,0.23044948462868844,0.24481428905504293
27.0,50.5,339.3906,0.7009502,1.6715132,3.6880085,2.416647,0.28156783758331105,0.30928832609278906
27.0,51.0,328.32913,0.7405205,1.8194838,3.7523704,2.467823,0.3023900404557556,0.342442607169679
27.0,51.5,317.3974,0.7774014,1.9560268,3.8100467,2.4927063,0.32179707912869293,0.37303643788551716
27.0,52.0,305.09915,0.7833477,1.9852216,3.8508582,2.4990988,0.32492609123054234,0.3795778315202909
27.0,52.5,292.49347,0.7297593,1.8918178,3.8722904,2.4785905,0.29672740769707556,0.3586497737022602
27.0,53.0,276.62378,0.5694143,1.4606645,3.8999975,2.4667597,0.21235257059621257,0.2620455716279685
27.0,53.5,,,,,,,
27.0,54.0,,,,,,,
27.0,54.5,,,,,,,
27.0,55.0,,,,,,,
27.0,55.5,,,,,,,
27.0,56.0,181.278,0.28220588,0.57162917,3.117409,2.4239504,0.06122112611816634,0.06284832427303456
27.0,56.5,194.92404,0.36673534,0.8029344,3.346652,2.5999806,0.10570122358383684,0.11467457361958198
27.0,57.0,216.28888,0.34793374,0.69016886,3.3491266,2.5843282,0.0958076670158785,0.08940832585213165
27.0,57.5,,,,,,,
27.0,58.0,,,,,,,
27.0,58.5,,,,,,,
27.0,59.0,,,,,,,
27.0,59.5,,,,,,,
27.0,60.0,,,,,,,
27.0,60.5,,,,,,,
27.0,61.0,,,,,,,
27.0,61.5,,,,,,,
27.0,62.0,,,,,,,
27.0,62.5,,,,,,,
27.0,63.0,,,,,,,
27.0,63.5,,,,,,,
27.0,64.0,,,,,,,
27.0,64.5,,,,,,,
27.0,65.0,,,,,,,
27.0,65.5,,,,,,,
27.0,66.0,,,,,,,
27.0,66.5,,,,,,,
27.0,67.0,,,,,,,
27.0,67.5,,,,,,,
27.0,68.0,,,,,,,
27.0,68.5,,,,,,,
27.0,69.0,,,,,,,
27.0,69.5,,,,,,,
27.0,70.0,,,,,,,
27.0,70.5,,,,,,,
27.0,71.0,,,,,,,
27.0,71.5,,,,,,,
27.0,72.0,,,,,,,
27.0,72.5,,,,,,,
27.0,73.0,,,,,,,
27.0,73.5,,,,,,,
27.0,74.0,,,,,,,
27.0,74.5,,,,,,,
27.0,75.0,,,,,,,
27.0,75.5,,,,,,,
27.0,76.0,,,,,,,
27.0,76.5,,,,,,,
27.0,77.0,,,,,,,
27.0,77.5,,,,,,,
27.0,78.0,,,,,,,
27.0,78.5,,,,,,,
27.0,79.0,,,,,,,
27.0,79.5,,,,,,,
27.0,80.0,,,,,,,
27.0,80.5,,,,,,,
27.0,81.0,,,,,,,
27.0,81.5,,,,,,,
27.0,82.0,,,,,,,
27.0,82.5,,,,,,,
27.0,83.0,,,,,,,
27.0,83.5,,,,,,,
27.0,84.0,,,,,,,
27.0,84.5,,,,,,,
27.0,85.0,,,,,,,
27.0,85.5,,,,,,,
27.0,86.0,,,,,,,
27.0,86.5,,,,,,,
27.0,87.0,,,,,,,
27.0,87.5,,,,,,,
27.0,88.0,,,,,,,
27.0,88.5,,,,,,,
27.0,89.0,,,,,,,
27.0,89.5,,,,,,,
27.0,90.0,,,,,,,
27.0,90.5,,,,,,,
27.0,91.0,,,,,,,
27.0,91.5,,,,,,,
27.0,92.0,,,,,,,
27.0,92.5,,,,,,,
27.0,93.0,,,,,,,
27.0,93.5,,,,,,,
27.0,94.0,,,,,,,
27.0,94.5,,,,,,,
27.0,95.0,,,,,,,
27.0,95.5,,,,,,,
27.0,96.0,,,,,,,
27.0,96.5,,,,,,,
27.0,97.0,,,,,,,
27.0,97.5,,,,,,,
27.0,98.0,,,,,,,
27.0,98.5,,,,,,,
27.0,99.0,,,,,,,
27.0,99.5,,,,,,,
27.0,100.0,,,,,,,
26.5,50.0,,,,,,,
26.5,50.5,349.44662,0.52002335,1.1898761,3.2677474,2.2804632,0.18636263469700337,0.20137271934974268
26.5,51.0,336.80728,0.5021064,1.130628,3.179259,2.3029869,0.17693460504906247,0.18809759314100272
26.5,51.5,331.2706,0.7040185,1.7235659,3.6747658,2.4707239,0.28318238562183135,0.32095126149043035
26.5,52.0,319.73468,0.78852713,2.0002909,3.8654544,2.4960933,0.3276515368927849,0.38295424664365246
26.5,52.5,309.50702,0.79697335,2.0528753,3.9255712,2.5209317,0.33209600559240776,0.39473630878324606
26.5,53.0,298.29767,0.7456528,1.9674782,3.9411545,2.5487344,0.3050907081987249,0.3756022302529346
26.5,53.5,286.812,0.6391791,1.7022467,3.9140682,2.525797,0.24906337896924233,0.31617446610836514
26.5,54.0,274.26773,0.5363714,1.3916463,3.820121,2.495828,0.19496512053077691,0.24658134463067963
26.5,54.5,262.2081,0.49436322,1.26811,3.7694864,2.5283856,0.17286006441129892,0.21890181877754902
26.5,55.0,236.99295,0.4393192,1.0979595,3.4376206,2.5128634,0.14389544520996714,0.18077789588879659
26.5,55.5,227.47368,0.4372063,1.065692,3.433267,2.5860887,0.14278362233482897,0.17354802447362758
26.5,56.0,220.89185,0.4670839,1.1275752,3.620321,2.7225919,0.1585054630293685,0.1874135759359227
26.5,56.5,215.65192,0.44555548,0.99380136,3.7945569,3.0557292,0.14717702970207594,0.15744021925944607
26.5,57.0,,,,,,,
26.5,57.5,,,,,,,
26.5,58.0,,,,,,,
26.5,58.5,,,,,,,
26.5,59.0,,,,,,,
26.5,59.5,,,,,,,
26.5,60.0,,,,,,,
26.5,60.5,,,,,,,
26.5,61.0,,,,,,,
26.5,61.5,,,,,,,
26.5,62.0,,,,,,,
26.5,62.5,,,,,,,
26.5,63.0,,,,,,,
26.5,63.5,,,,,,,
26.5,64.0,,,,,,,
26.5,64.5,,,,,,,
26.5,65.0,,,,,,,
26.5,65.5,,,,,,,
26.5,66.0,,,,,,,
26.5,66.5,,,,,,,
26.5,67.0,,,,,,,
26.5,67.5,,,,,,,
26.5,68.0,,,,,,,
26.5,68.5,,,,,,,
26.5,69.0,,,,,,,
26.5,69.5,,,,,,,
26.5,70.0,,,,,,,
26.5,70.5,,,,,,,
26.5,71.0,,,,,,,
26.5,71.5,,,,,,,
26.5,72.0,,,,,,,
26.5,72.5,,,,,,,
26.5,73.0,,,,,,,
26.5,73.5,,,,,,,
26.5,74.0,,,,,,,
26.5,74.5,,,,,,,
26.5,75.0,,,,,,,
26.5,75.5,,,,,,,
26.5,76.0,,,,,,,
26.5,76.5,,,,,,,
26.5,77.0,,,,,,,
26.5,77.5,,,,,,,
26.5,78.0,,,,,,,
26.5,78.5,,,,,,,
26.5,79.0,,,,,,,
26.5,79.5,,,,,,,
26.5,80.0,,,,,,,
26.5,80.5,,,,,,,
26.5,81.0,,,,,,,
26.5,81.5,,,,,,,
26.5,82.0,,,,,,,
26.5,82.5,,,,,,,
26.5,83.0,,,,,,,
26.5,83.5,,,,,,,
26.5,84.0,,,,,,,
26.5,84.5,,,,,,,
26.5,85.0,,,,,,,
26.5,85.5,,,,,,,
26.5,86.0,,,,,,,
26.5,86.5,,,,,,,
26.5,87.0,,,,,,,
26.5,87.5,,,,,,,
26.5,88.0,,,,,,,
26.5,88.5,,,,,,,
26.5,89.0,,,,,,,
26.5,89.5,,,,,,,
26.5,90.0,,,,,,,
26.5,90.5,,,,,,,
26.5,91.0,,,,,,,
26.5,91.5,,,,,,,
26.5,92.0,,,,,,,
26.5,92.5,,,,,,,
26.5,93.0,,,,,,,
26.5,93.5,,,,,,,
26.5,94.0,,,,,,,
26.5,94.5,,,,,,,
26.5,95.0,,,,,,,
26.5,95.5,,,,,,,
26.5,96.0,,,,,,,
26.5,96.5,,,,,,,
26.5,97.0,,,,,,,
26.5,97.5,,,,,,,
26.5,98.0,,,,,,,
26.5,98.5,,,,,,,
26.5,99.0,,,,,,,
26.5,99.5,,,,,,,
26.5,100.0,,,,,,,
26.0,50.0,,,,,,,
26.0,50.5,352.6118,0.39815503,0.9280274,2.8727212,2.1648407,0.12223452545234914,0.1427029057783528
26.0,51.0,,,,,,,
26.0,51.5,348.34418,0.625178,1.5242343,3.5806274,2.4291573,0.24169586854228614,0.2762890166205644
26.0,52.0,334.80667,0.7459597,1.8882802,3.8229237,2.501344,0.3052522037763682,0.35785712679773624
26.0,52.5,323.77448,0.7893136,2.0367866,3.9248776,2.5081134,0.3280653908735584,0.3911314694676925
26.0,53.0,315.4411,0.7894355,2.0393176,3.9680753,2.5367444,0.32812953118357596,0.39169857686346193
26.0,53.5,308.2792,0.7627715,2.0103617,3.983856,2.5683298,0.31409870506830145,0.38521071013247127
26.0,54.0,300.81915,0.72367007,1.9465084,3.9798918,2.570429,0.2935232149971273,0.3709037486841887
26.0,54.5,293.83795,0.67792094,1.8270755,3.9639592,2.6155653,0.2694496472847509,0.3441436088366054
26.0,55.0,289.07812,0.62217826,1.6810127,3.9217288,2.6443279,0.2401173896267586,0.31141679510908865
26.0,55.5,286.14676,0.5520584,1.4866308,3.917586,2.6797237,0.20321974319662633,0.2678635774707479
26.0,56.0,279.7231,0.46477526,1.2505863,4.083916,2.8413465,0.1572906392847449,0.2149754440988515
26.0,56.5,182.92004,0.35282525,0.7027509,4.508138,3.6911688,0.0983816223615515,0.09222746287143646
26.0,57.0,204.74178,0.39510095,0.7644471,4.4154463,3.5780337,0.1206274421540656,0.10605110629379365
26.0,57.5,,,,,,,
26.0,58.0,,,,,,,
26.0,58.5,,,,,,,
26.0,59.0,,,,,,,
26.0,59.5,,,,,,,
26.0,60.0,,,,,,,
26.0,60.5,,,,,,,
26.0,61.0,,,,,,,
26.0,61.5,,,,,,,
26.0,62.0,,,,,,,
26.0,62.5,,,,,,,
26.0,63.0,,,,,,,
26.0,63.5,,,,,,,
26.0,64.0,,,,,,,
26.0,64.5,,,,,,,
26.0,65.0,,,,,,,
26.0,65.5,,,,,,,
26.0,66.0,,,,,,,
26.0,66.5,,,,,,,
26.0,67.0,,,,,,,
26.0,67.5,,,,,,,
26.0,68.0,,,,,,,
26.0,68.5,,,,,,,
26.0,69.0,,,,,,,
26.0,69.5,,,,,,,
26.0,70.0,,,,,,,
26.0,70.5,,,,,,,
26.0,71.0,,,,,,,
26.0,71.5,,,,,,,
26.0,72.0,,,,,,,
26.0,72.5,,,,,,,
26.0,73.0,,,,,,,
26.0,73.5,,,,,,,
26.0,74.0,,,,,,,
26.0,74.5,,,,,,,
26.0,75.0,,,,,,,
26.0,75.5,,,,,,,
26.0,76.0,,,,,,,
26.0,76.5,,,,,,,
26.0,77.0,,,,,,,
26.0,77.5,,,,,,,
26.0,78.0,,,,,,,
26.0,78.5,,,,,,,
26.0,79.0,,,,,,,
26.0,79.5,,,,,,,
26.0,80.0,,,,,,,
26.0,80.5,,,,,,,
26.0,81.0,,,,,,,
26.0,81.5,,,,,,,
26.0,82.0,,,,,,,
26.0,82.5,,,,,,,
26.0,83.0,,,,,,,
26.0,83.5,,,,,,,
26.0,84.0,,,,,,,
26.0,84.5,,,,,,,
26.0,85.0,,,,,,,
26.0,85.5,,,,,,,
26.0,86.0,,,,,,,
26.0,86.5,,,,,,,
26.0,87.0,,,,,,,
26.0,87.5,,,,,,,
26.0,88.0,,,,,,,
26.0,88.5,,,,,,,
26.0,89.0,,,,,,,
26.0,89.5,,,,,,,
26.0,90.0,,,,,,,
26.0,90.5,,,,,,,
26.0,91.0,,,,,,,
26.0,91.5,,,,,,,
26.0,92.0,,,,,,,
26.0,92.5,,,,,,,
26.0,93.0,,,,,,,
26.0,93.5,,,,,,,
26.0,94.0,,,,,,,
26.0,94.5,,,,,,,
26.0,95.0,,,,,,,
26.0,95.5,,,,,,,
26.0,96.0,,,,,,,
26.0,96.5,,,,,,,
26.0,97.0,,,,,,,
26.0,97.5,,,,,,,
26.0,98.0,,,,,,,
26.0,98.5,,,,,,,
26.0,99.0,,,,,,,
26.0,99.5,,,,,,,
26.0,100.0,,,,,,,
25.5,50.0,,,,,,,
25.5,50.5,351.56506,0.39404637,0.986726,2.871697,2.146959,0.12007251085570826,0.15585491209538216
25.5,51.0,,,,,,,
25.5,51.5,358.77966,0.36875448,0.8558772,2.8744652,2.2272856,0.10676371017161188,0.1265369394698661
25.5,52.0,347.7682,0.6689584,1.6711707,3.7046263,2.4475281,0.2647334996778557,0.30921158817134753
25.5,52.5,334.64117,0.7310203,1.872905,3.8407097,2.473433,0.29739095410232325,0.35441217373270434
25.5,53.0,327.23154,0.7539137,1.936188,3.9144049,2.494565,0.3094376648084482,0.3685913543887223
25.5,53.5,320.332,0.7467893,1.94423,3.9481049,2.5421333,0.3056887342579449,0.37039323984586253
25.5,54.0,314.2857,0.7227542,1.8818746,3.9652452,2.5734718,0.2930412687850345,0.35642188994749724
25.5,54.5,308.07196,0.68486035,1.7910498,3.9569955,2.6182475,0.27310122256762853,0.3360717036680626
25.5,55.0,303.80768,0.6323944,1.6447921,3.9215093,2.6352,0.24549319444650927,0.3033011923284755
25.5,55.5,300.53363,0.52983,1.3021253,3.8405964,2.650018,0.19152296571244076,0.22652328596934648
25.5,56.0,,,,,,,
25.5,56.5,131.43303,0.40281403,0.82056046,4.492661,3.6822398,0.12468612805993973,0.11862386550558782
25.5,57.0,140.85464,0.44956955,0.9394783,4.6963973,3.8217204,0.1492892689089868,0.1452685913056429
25.5,57.5,164.54765,0.48367497,0.97571176,4.893089,3.846846,0.16723582174526505,0.15338706541467756
25.5,58.0,171.37933,0.50726306,0.93461555,5.2457705,4.0182204,0.1796480694895805,0.1441790490423362
25.5,58.5,176.73988,0.5453038,0.9420205,5.3544374,4.0141063,0.1996654290880101,0.14583819608938825
25.5,59.0,,,,,,,
25.5,59.5,,,,,,,
25.5,60.0,,,,,,,
25.5,60.5,,,,,,,
25.5,61.0,,,,,,,
25.5,61.5,,,,,,,
25.5,62.0,,,,,,,
25.5,62.5,,,,,,,
25.5,63.0,,,,,,,
25.5,63.5,,,,,,,
25.5,64.0,,,,,,,
25.5,64.5,,,,,,,
25.5,65.0,,,,,,,
25.5,65.5,,,,,,,
25.5,66.0,,,,,,,
25.5,66.5,,,,,,,
25.5,67.0,,,,,,,
25.5,67.5,,,,,,,
25.5,68.0,,,,,,,
25.5,68.5,,,,,,,
25.5,69.0,,,,,,,
25.5,69.5,,,,,,,
25.5,70.0,,,,,,,
25.5,70.5,,,,,,,
25.5,71.0,,,,,,,
25.5,71.5,,,,,,,
25.5,72.0,,,,,,,
25.5,72.5,,,,,,,
25.5,73.0,,,,,,,
25.5,73.5,,,,,,,
25.5,74.0,,,,,,,
25.5,74.5,,,,,,,
25.5,75.0,,,,,,,
25.5,75.5,,,,,,,
25.5,76.0,,,,,,,
25.5,76.5,,,,,,,
25.5,77.0,,,,,,,
25.5,77.5,,,,,,,
25.5,78.0,,,,,,,
25.5,78.5,,,,,,,
25.5,79.0,,,,,,,
25.5,79.5,,,,,,,
25.5,80.0,,,,,,,
25.5,80.5,,,,,,,
25.5,81.0,,,,,,,
25.5,81.5,,,,,,,
25.5,82.0,,,,,,,
25.5,82.5,,,,,,,
25.5,83.0,,,,,,,
25.5,83.5,,,,,,,
25.5,84.0,,,,,,,
25.5,84.5,,,,,,,
25.5,85.0,,,,,,,
25.5,85.5,,,,,,,
25.5,86.0,,,,,,,
25.5,86.5,,,,,,,
25.5,87.0,,,,,,,
25.5,87.5,,,,,,,
25.5,88.0,,,,,,,
25.5,88.5,,,,,,,
25.5,89.0,,,,,,,
25.5,89.5,,,,,,,
25.5,90.0,,,,,,,
25.5,90.5,,,,,,,
25.5,91.0,,,,,,,
25.5,91.5,,,,,,,
25.5,92.0,,,,,,,
25.5,92.5,,,,,,,
25.5,93.0,,,,,,,
25.5,93.5,,,,,,,
25.5,94.0,,,,,,,
25.5,94.5,,,,,,,
25.5,95.0,,,,,,,
25.5,95.5,,,,,,,
25.5,96.0,,,,,,,
25.5,96.5,,,,,,,
25.5,97.0,,,,,,,
25.5,97.5,,,,,,,
25.5,98.0,,,,,,,
25.5,98.5,,,,,,,
25.5,99.0,,,,,,,
25.5,99.5,,,,,,,
25.5,100.0,,,,,,,
25.0,50.0,,,,,,,
25.0,50.5,,,,,,,
25.0,51.0,,,,,,,
25.0,51.5,9.477414,0.4083573,0.97299767,3.0276554,2.2991235,0.12760303803636433,0.15277894476503642
25.0,52.0,355.81525,0.515264,1.2173179,3.3131545,2.3555532,0.18385821434756947,0.2075213419664875
25.0,52.5,344.24692,0.62808716,1.5452363,3.6238673,2.453656,0.2432267048510085,0.2809947366079356
25.0,53.0,336.6856,0.67663276,1.69143,3.7728245,2.4943888,0.26877179868812523,0.3137508779503993
25.0,53.5,330.3966,0.6804988,1.7102334,3.8218102,2.5759945,0.27080612858937175,0.31796398482076904
25.0,54.0,324.46518,0.66934276,1.6696044,3.8547013,2.6332822,0.26493573768225337,0.30886064506316113
25.0,54.5,317.90295,0.6307704,1.5257089,3.8519268,2.6748314,0.2446386385116738,0.27661941971427517
25.0,55.0,,,,,,,
25.0,55.5,,,,,,,
25.0,56.0,,,,,,,
25.0,56.5,101.80208,0.4298171,0.9053251,4.0119853,3.2544117,0.13889537087620932,0.1376162339620365
25.0,57.0,108.62345,0.48907956,1.0847445,4.347346,3.592868,0.17007976231765254,0.17781692860048576
25.0,57.5,131.57072,0.53777814,1.1531885,4.735123,3.8500628,0.1957053530279527,0.19315249337445975
25.0,58.0,152.36427,0.59232765,1.1668317,5.11519,4.081322,0.22440975703023278,0.1962094030970963
25.0,58.5,162.16785,0.6675211,1.2460084,5.52013,4.297537,0.26397717721537967,0.2139497254565975
25.0,59.0,170.09401,0.75375694,1.3246188,5.9651084,4.4975452,0.30935517629238646,0.23156317516491626
25.0,59.5,176.26324,0.838075,1.4039412,6.4335423,4.7120366,0.3537240240369654,0.2493361371833111
25.0,60.0,181.98576,0.9356796,1.5982877,6.80379,4.9557743,0.405084385124642,0.292881421942199
25.0,60.5,185.36482,1.0252767,1.8402395,7.0619226,5.135761,0.45223108853539473,0.34709314423129384
25.0,61.0,189.22517,1.07099,1.9887056,7.202512,5.278987,0.4762858062104506,0.3803584589104923
25.0,61.5,190.58365,0.9055322,1.6966115,7.081923,4.931005,0.3892205575433301,0.31491185619382966
25.0,62.0,,,,,,,
25.0,62.5,193.2973,1.063022,1.9850373,7.112886,4.989346,0.47209300589595293,0.379536537811085
25.0,63.0,198.68365,1.0983958,2.1028717,7.3136945,5.0250244,0.49070699432987114,0.4059384961318565
25.0,63.5,201.18561,1.1715602,2.259191,7.36811,5.1529264,0.5292066743810679,0.4409634142878117
25.0,64.0,206.31493,1.1671349,2.254033,7.186311,5.0395937,0.5268780518006553,0.43980772463068324
25.0,64.5,209.03633,1.004763,1.9588865,7.11898,4.8334594,0.441436635050669,0.37367718483903606
25.0,65.0,208.15018,1.1807773,2.3393607,7.3039007,5.265187,0.5340568109387677,0.4589262312124391
25.0,65.5,212.33989,1.2425367,2.476862,7.308332,5.2352285,0.5665550907552455,0.48973475716410964
25.0,66.0,216.1023,1.2650732,2.5218804,7.229896,5.1616664,0.5784139911061698,0.49982158700365176
25.0,66.5,220.16922,1.225043,2.4505367,7.1237655,5.128281,0.5573498114651259,0.48383632741549654
25.0,67.0,229.14476,0.8897544,1.685823,6.271193,4.5101485,0.3809181668128564,0.31249457160337524
25.0,67.5,,,,,,,
25.0,68.0,,,,,,,
25.0,68.5,,,,,,,
25.0,69.0,,,,,,,
25.0,69.5,,,,,,,
25.0,70.0,,,,,,,
25.0,70.5,,,,,,,
25.0,71.0,,,,,,,
25.0,71.5,,,,,,,
25.0,72.0,,,,,,,
25.0,72.5,,,,,,,
25.0,73.0,,,,,,,
25.0,73.5,,,,,,,
25.0,74.0,,,,,,,
25.0,74.5,,,,,,,
25.0,75.0,,,,,,,
25.0,75.5,,,,,,,
25.0,76.0,,,,,,,
25.0,76.5,,,,,,,
25.0,77.0,,,,,,,
25.0,77.5,,,,,,,
25.0,78.0,,,,,,,
25.0,78.5,,,,,,,
25.0,79.0,,,,,,,
25.0,79.5,,,,,,,
25.0,80.0,,,,,,,
25.0,80.5,,,,,,,
25.0,81.0,,,,,,,
25.0,81.5,,,,,,,
25.0,82.0,,,,,,,
25.0,82.5,,,,,,,
25.0,83.0,,,,,,,
25.0,83.5,,,,,,,
25.0,84.0,,,,,,,
25.0,84.5,,,,,,,
25.0,85.0,,,,,,,
25.0,85.5,,,,,,,
25.0,86.0,,,,,,,
25.0,86.5,,,,,,,
25.0,87.0,,,,,,,
25.0,87.5,,,,,,,
25.0,88.0,,,,,,,
25.0,88.5,,,,,,,
25.0,89.0,,,,,,,
25.0,89.5,,,,,,,
25.0,90.0,,,,,,,
25.0,90.5,,,,,,,
25.0,91.0,,,,,,,
25.0,91.5,,,,,,,
25.0,92.0,,,,,,,
25.0,92.5,,,,,,,
25.0,93.0,,,,,,,
25.0,93.5,,,,,,,
25.0,94.0,,,,,,,
25.0,94.5,,,,,,,
25.0,95.0,,,,,,,
25.0,95.5,,,,,,,
25.0,96.0,,,,,,,
25.0,96.5,,,,,,,
25.0,97.0,,,,,,,
25.0,97.5,,,,,,,
25.0,98.0,,,,,,,
25.0,98.5,,,,,,,
25.0,99.0,,,,,,,
25.0,99.5,,,,,,,
25.0,100.0,,,,,,,
24.5,50.0,,,,,,,
24.5,50.5,,,,,,,
24.5,51.0,,,,,,,
24.5,51.5,16.024012,0.3402939,0.8032097,2.7615063,2.2207193,0.09178752802492446,0.11473626043808846
24.5,52.0,0.95165414,0.44553462,1.0210762,3.0431557,2.3469355,0.14716605214290424,0.16355142112160004
24.5,52.5,349.54288,0.5493533,1.3222902,3.4261348,2.4507518,0.2017962987810581,0.23104142140319056
24.5,53.0,341.4177,0.44101894,1.0177362,3.1770165,2.3707142,0.14478986536682328,0.16280305944984666
24.5,53.5,338.32245,0.48917076,1.1113623,3.3140826,2.5009456,0.1701277499334603,0.18378093147723631
24.5,54.0,330.8649,0.5254044,1.2126336,3.47426,2.6043901,0.18919418630975424,0.20647177126581118
24.5,54.5,321.85498,0.3756724,0.7890666,3.2404566,2.47933,0.11040397856854259,0.11156735555199764
24.5,55.0,,,,,,,
24.5,55.5,,,,,,,
24.5,56.0,,,,,,,
24.5,56.5,,,,,,,
24.5,57.0,69.984726,0.42007652,0.86604434,3.8567662,3.120964,0.13376979167666408,0.12881498466440183
24.5,57.5,86.73827,0.48248008,1.0647582,4.2875867,3.56867,0.16660705852036428,0.17333880479431985
24.5,58.0,119.69507,0.5462996,1.1647868,4.769371,3.9255416,0.20018940366950322,0.19575121921112096
24.5,58.5,144.02986,0.6264561,1.2281934,5.342229,4.2430377,0.24236841654605465,0.20995809817014446
24.5,59.0,159.56041,0.72482616,1.2622925,5.9366636,4.538127,0.2941315599619687,0.21759834251431692
24.5,59.5,171.0288,0.84804624,1.4054983,6.4609575,4.790568,0.358970983676495,0.2496850236190468
24.5,60.0,178.37624,0.98361784,1.6546626,6.8730717,5.0557227,0.4303098751675881,0.3055127829638235
24.5,60.5,183.53131,1.1051965,1.9624279,7.1541257,5.2477856,0.4942855531620295,0.3744706597545467
24.5,61.0,187.87625,1.1871117,2.1765618,7.2932253,5.3434486,0.5373900370056656,0.42244951598651165
24.5,61.5,191.36057,1.2389017,2.3161213,7.3487716,5.372602,0.5646423608451667,0.4537192173477223
24.5,62.0,194.5327,1.2800877,2.4225225,7.387212,5.3976517,0.5863147599932328,0.47755946993594606
24.5,62.5,198.54825,1.3142014,2.5061283,7.4194484,5.3750024,0.6042656411242702,0.4962921768179801
24.5,63.0,202.75139,1.3331131,2.5766351,7.418401,5.362689,0.6142171435224277,0.5120899319827036
24.5,63.5,206.77444,1.341246,2.6220305,7.400076,5.3255754,0.6184967606477463,0.5222612189428855
24.5,64.0,209.79143,1.3442128,2.6560884,7.3785753,5.351788,0.6200578950197825,0.5298922216160454
24.5,64.5,212.17416,1.3490142,2.6795878,7.368491,5.366435,0.6225844273098337,0.5351575167702106
24.5,65.0,215.11308,1.3579402,2.7130833,7.3318915,5.34158,0.6272813798704059,0.5426625015132067
24.5,65.5,218.17474,1.3653494,2.743974,7.271862,5.269604,0.6311801697858304,0.5495838720607639
24.5,66.0,221.25406,1.36556,2.7399921,7.1979437,5.1942735,0.6312910117690098,0.5486917035776492
24.5,66.5,224.83453,1.3266499,2.6519122,7.066752,5.103747,0.6108161702332129,0.5289565157810514
24.5,67.0,232.12724,1.1789143,2.3342535,6.715755,4.87392,0.5330764835402791,0.45778192002886925
24.5,67.5,,,,,,,
24.5,68.0,,,,,,,
24.5,68.5,,,,,,,
24.5,69.0,,,,,,,
24.5,69.5,,,,,,,
24.5,70.0,,,,,,,
24.5,70.5,,,,,,,
24.5,71.0,,,,,,,
24.5,71.5,,,,,,,
24.5,72.0,,,,,,,
24.5,72.5,,,,,,,
24.5,73.0,,,,,,,
24.5,73.5,,,,,,,
24.5,74.0,,,,,,,
24.5,74.5,,,,,,,
24.5,75.0,,,,,,,
24.5,75.5,,,,,,,
24.5,76.0,,,,,,,
24.5,76.5,,,,,,,
24.5,77.0,,,,,,,
24.5,77.5,,,,,,,
24.5,78.0,,,,,,,
24.5,78.5,,,,,,,
24.5,79.0,,,,,,,
24.5,79.5,,,,,,,
24.5,80.0,,,,,,,
24.5,80.5,,,,,,,
24.5,81.0,,,,,,,
24.5,81.5,,,,,,,
24.5,82.0,,,,,,,
24.5,82.5,,,,,,,
24.5,83.0,,,,,,,
24.5,83.5,,,,,,,
24.5,84.0,,,,,,,
24.5,84.5,,,,,,,
24.5,85.0,,,,,,,
24.5,85.5,,,,,,,
24.5,86.0,,,,,,,
24.5,86.5,,,,,,,
24.5,87.0,,,,,,,
24.5,87.5,,,,,,,
24.5,88.0,,,,,,,
24.5,88.5,,,,,,,
24.5,89.0,,,,,,,
24.5,89.5,,,,,,,
24.5,90.0,,,,,,,
24.5,90.5,,,,,,,
24.5,91.0,,,,,,,
24.5,91.5,,,,,,,
24.5,92.0,,,,,,,
24.5,92.5,,,,,,,
24.5,93.0,,,,,,,
24.5,93.5,,,,,,,
24.5,94.0,,,,,,,
24.5,94.5,,,,,,,
24.5,95.0,,,,,,,
24.5,95.5,,,,,,,
24.5,96.0,,,,,,,
24.5,96.5,,,,,,,
24.5,97.0,,,,,,,
24.5,97.5,,,,,,,
24.5,98.0,,,,,,,
24.5,98.5,,,,,,,
24.5,99.0,,,,,,,
24.5,99.5,,,,,,,
24.5,100.0,,,,,,,
24.0,50.0,,,,,,,
24.0,50.5,,,,,,,
24.0,51.0,,,,,,,
24.0,51.5,,,,,,,
24.0,52.0,4.138658,0.42737728,0.971406,3.0363944,2.3846955,0.13761151396662308,0.15242231242007065
24.0,52.5,352.11337,0.46353126,1.081741,3.262986,2.4635828,0.15663603174910845,0.17714396934858245
24.0,53.0,346.0038,0.32791167,0.7269698,2.8389175,2.314086,0.08527189187192036,0.09765393971266696
24.0,53.5,341.78583,0.40911976,0.917907,3.1558273,2.4981027,0.12800425214186292,0.1404353309162936
24.0,54.0,333.7365,0.34730643,0.7619143,2.975772,2.4060628,0.09547757181158519,0.10548361160256271
24.0,54.5,,,,,,,
24.0,55.0,,,,,,,
24.0,55.5,,,,,,,
24.0,56.0,,,,,,,
24.0,56.5,,,,,,,
24.0,57.0,53.23808,0.3809489,0.71851355,3.5570636,2.785405,0.1131805169276158,0.09575923689492488
24.0,57.5,54.76083,0.41274112,0.8469646,3.7319417,2.9813058,0.12990984663848007,0.124539977295271
24.0,58.0,66.98115,0.44323182,0.9300551,4.050464,3.3456573,0.14595430211484872,0.14315723006472902
24.0,58.5,113.113655,0.5343817,1.0441008,4.8274713,3.9972458,0.193918112301434,0.168710303508963
24.0,59.0,148.00912,0.6611477,1.1516426,5.708704,4.417817,0.26062343879505795,0.19280611768171588
24.0,59.5,166.84964,0.8254443,1.3233174,6.4128904,4.7522,0.34707764515422623,0.23127158174745135
24.0,60.0,176.9366,1.0047679,1.6970471,6.877455,5.0860863,0.4414392069359606,0.31500945465012875
24.0,60.5,183.05826,1.1507214,2.0619454,7.174459,5.312557,0.5182411591599921,0.3967685682649017
24.0,61.0,187.85008,1.243053,2.3178568,7.3335757,5.4639935,0.5668267696625179,0.45410806199107245
24.0,61.5,191.83267,1.2960325,2.4666188,7.401614,5.524332,0.5947050652904445,0.4874396709692677
24.0,62.0,195.6448,1.3324003,2.5671804,7.4353466,5.5238767,0.6138420873722126,0.5099715059383713
24.0,62.5,199.97876,1.3576539,2.6424696,7.453516,5.5114036,0.6271307050296604,0.5268408141599654
24.0,63.0,204.13007,1.3733984,2.7029278,7.4508758,5.452427,0.6354156257588238,0.5403870739017902
24.0,63.5,207.86171,1.3814569,2.7442327,7.4333835,5.4222994,0.6396560373156719,0.5496418328298304
24.0,64.0,211.22546,1.3864219,2.7822864,7.409429,5.4586215,0.6422686963985389,0.5581681557698607
24.0,64.5,214.15988,1.3910989,2.8016922,7.3762407,5.4347067,0.6447297397070171,0.5625162284310566
24.0,65.0,217.30128,1.3970644,2.8291912,7.3311353,5.386583,0.6478688825277593,0.5686776451530471
24.0,65.5,220.5708,1.4041092,2.852333,7.281371,5.3302503,0.6515759101666814,0.5738628102117286
24.0,66.0,223.98186,1.4060658,2.8577619,7.210823,5.2601843,0.6526054797591687,0.5750791850611701
24.0,66.5,227.40903,1.3902115,2.825255,7.114611,5.1771445,0.6442627857043073,0.5677956799020907
24.0,67.0,232.3652,1.3418356,2.7273245,6.981966,5.0718393,0.6188070178343935,0.5458533887554919
24.0,67.5,238.3552,1.1639023,2.3475878,6.6005683,4.829828,0.5251770319603167,0.46076959734900796
24.0,68.0,,,,,,,
24.0,68.5,,,,,,,
24.0,69.0,,,,,,,
24.0,69.5,,,,,,,
24.0,70.0,,,,,,,
24.0,70.5,,,,,,,
24.0,71.0,,,,,,,
24.0,71.5,,,,,,,
24.0,72.0,,,,,,,
24.0,72.5,,,,,,,
24.0,73.0,,,,,,,
24.0,73.5,,,,,,,
24.0,74.0,,,,,,,
24.0,74.5,,,,,,,
24.0,75.0,,,,,,,
24.0,75.5,,,,,,,
24.0,76.0,,,,,,,
24.0,76.5,,,,,,,
24.0,77.0,,,,,,,
24.0,77.5,,,,,,,
24.0,78.0,,,,,,,
24.0,78.5,,,,,,,
24.0,79.0,,,,,,,
24.0,79.5,,,,,,,
24.0,80.0,,,,,,,
24.0,80.5,,,,,,,
24.0,81.0,,,,,,,
24.0,81.5,,,,,,,
24.0,82.0,,,,,,,
24.0,82.5,,,,,,,
24.0,83.0,,,,,,,
24.0,83.5,,,,,,,
24.0,84.0,,,,,,,
24.0,84.5,,,,,,,
24.0,85.0,,,,,,,
24.0,85.5,,,,,,,
24.0,86.0,,,,,,,
24.0,86.5,,,,,,,
24.0,87.0,,,,,,,
24.0,87.5,,,,,,,
24.0,88.0,,,,,,,
24.0,88.5,,,,,,,
24.0,89.0,,,,,,,
24.0,89.5,,,,,,,
24.0,90.0,,,,,,,
24.0,90.5,,,,,,,
24.0,91.0,,,,,,,
24.0,91.5,,,,,,,
24.0,92.0,,,,,,,
24.0,92.5,,,,,,,
24.0,93.0,,,,,,,
24.0,93.5,,,,,,,
24.0,94.0,,,,,,,
24.0,94.5,,,,,,,
24.0,95.0,,,,,,,
24.0,95.5,,,,,,,
24.0,96.0,,,,,,,
24.0,96.5,,,,,,,
24.0,97.0,,,,,,,
24.0,97.5,,,,,,,
24.0,98.0,,,,,,,
24.0,98.5,,,,,,,
24.0,99.0,,,,,,,
24.0,99.5,,,,,,,
24.0,100.0,,,,,,,
23.5,50.0,,,,,,,
23.5,50.5,,,,,,,
23.5,51.0,,,,,,,
23.5,51.5,,,,,,,
23.5,52.0,,,,,,,
23.5,52.5,,,,,,,
23.5,53.0,,,,,,,
23.5,53.5,,,,,,,
23.5,54.0,,,,,,,
23.5,54.5,,,,,,,
23.5,55.0,,,,,,,
23.5,55.5,,,,,,,
23.5,56.0,,,,,,,
23.5,56.5,,,,,,,
23.5,57.0,,,,,,,
23.5,57.5,,,,,,,
23.5,58.0,,,,,,,
23.5,58.5,,,,,,,
23.5,59.0,124.115524,0.5419027,0.9296054,5.473391,4.347892,0.19787574193401886,0.1430564798246743
23.5,59.5,159.29701,0.7815135,1.2414445,6.3251977,4.6964664,0.32396091286371087,0.2129271318880673
23.5,60.0,175.10567,1.0251923,1.749517,6.8310747,5.059542,0.4521866764674315,0.32676584844913575
23.5,60.5,183.05931,1.2076697,2.2000215,7.1806026,5.374175,0.548207825644745,0.42770588999004633
23.5,61.0,188.46608,1.3007104,2.4660275,7.3333297,5.5424156,0.5971666104301993,0.4873071892114015
23.5,61.5,192.82611,1.3488213,2.612015,7.4117007,5.619682,0.6224829319341776,0.5200171489088348
23.5,62.0,196.64578,1.3785022,2.7102838,7.458251,5.6381497,0.63810130129241,0.542035243125761
23.5,62.5,200.74687,1.3967924,2.7810876,7.479887,5.603435,0.6477257351561602,0.5578995596897995
23.5,63.0,204.76012,1.4079016,2.838625,7.4814377,5.5531483,0.6535715049662791,0.5707913702317777
23.5,63.5,208.43712,1.4148302,2.8726895,7.464392,5.5173483,0.6572173719183875,0.5784238686667201
23.5,64.0,211.93478,1.4197586,2.8951564,7.4356475,5.5003204,0.6598107104971122,0.5834578015251922
23.5,64.5,215.04588,1.4225147,2.916235,7.406261,5.4784007,0.6612610028859689,0.588180669352997
23.5,65.0,218.37022,1.4272729,2.9461536,7.364229,5.4440846,0.6637648273107621,0.5948842463010295
23.5,65.5,221.96643,1.4344203,2.9703584,7.3178334,5.4011865,0.667525864540809,0.6003075580034885
23.5,66.0,225.55109,1.4411476,2.9904428,7.2721844,5.3422556,0.671065782364683,0.6048076641658486
23.5,66.5,229.02802,1.440015,2.9786303,7.210468,5.2547817,0.6704697949950233,0.6021609671120246
23.5,67.0,233.10146,1.4186972,2.9366164,7.1262827,5.183063,0.6592522350153651,0.5927473369146723
23.5,67.5,239.67682,1.3025091,2.67269,6.7391887,4.934899,0.5981130642175293,0.5336119674885226
23.5,68.0,238.77612,1.1776263,2.4176927,6.6753407,4.966512,0.532398697672563,0.4764772862864079
23.5,68.5,250.81905,0.75302756,1.4479607,5.4900475,3.9445589,0.3089713694592887,0.2591991636661674
23.5,69.0,,,,,,,
23.5,69.5,,,,,,,
23.5,70.0,,,,,,,
23.5,70.5,,,,,,,
23.5,71.0,,,,,,,
23.5,71.5,,,,,,,
23.5,72.0,,,,,,,
23.5,72.5,,,,,,,
23.5,73.0,,,,,,,
23.5,73.5,,,,,,,
23.5,74.0,,,,,,,
23.5,74.5,,,,,,,
23.5,75.0,,,,,,,
23.5,75.5,,,,,,,
23.5,76.0,,,,,,,
23.5,76.5,,,,,,,
23.5,77.0,,,,,,,
23.5,77.5,,,,,,,
23.5,78.0,,,,,,,
23.5,78.5,,,,,,,
23.5,79.0,,,,,,,
23.5,79.5,,,,,,,
23.5,80.0,,,,,,,
23.5,80.5,,,,,,,
23.5,81.0,,,,,,,
23.5,81.5,,,,,,,
23.5,82.0,,,,,,,
23.5,82.5,,,,,,,
23.5,83.0,,,,,,,
23.5,83.5,,,,,,,
23.5,84.0,,,,,,,
23.5,84.5,,,,,,,
23.5,85.0,,,,,,,
23.5,85.5,,,,,,,
23.5,86.0,,,,,,,
23.5,86.5,,,,,,,
23.5,87.0,,,,,,,
23.5,87.5,,,,,,,
23.5,88.0,,,,,,,
23.5,88.5,,,,,,,
23.5,89.0,,,,,,,
23.5,89.5,,,,,,,
23.5,90.0,,,,,,,
23.5,90.5,,,,,,,
23.5,91.0,,,,,,,
23.5,91.5,,,,,,,
23.5,92.0,,,,,,,
23.5,92.5,,,,,,,
23.5,93.0,,,,,,,
23.5,93.5,,,,,,,
23.5,94.0,,,,,,,
23.5,94.5,,,,,,,
23.5,95.0,,,,,,,
23.5,95.5,,,,,,,
23.5,96.0,,,,,,,
23.5,96.5,,,,,,,
23.5,97.0,,,,,,,
23.5,97.5,,,,,,,
23.5,98.0,,,,,,,
23.5,98.5,,,,,,,
23.5,99.0,,,,,,,
23.5,99.5,,,,,,,
23.5,100.0,,,,,,,
23.0,50.0,,,,,,,
23.0,50.5,,,,,,,
23.0,51.0,,,,,,,
23.0,51.5,,,,,,,
23.0,52.0,,,,,,,
23.0,52.5,,,,,,,
23.0,53.0,,,,,,,
23.0,53.5,,,,,,,
23.0,54.0,,,,,,,
23.0,54.5,,,,,,,
23.0,55.0,,,,,,,
23.0,55.5,,,,,,,
23.0,56.0,,,,,,,
23.0,56.5,,,,,,,
23.0,57.0,,,,,,,
23.0,57.5,,,,,,,
23.0,58.0,,,,,,,
23.0,58.5,,,,,,,
23.0,59.0,107.99071,0.39318475,0.68854,5.465399,4.3677816,0.11961912197968926,0.08904335997723557
23.0,59.5,150.53488,0.6746489,1.0856059,6.2561493,4.6651287,0.2677278641753504,0.17800993529047396
23.0,60.0,173.27872,1.0375608,1.8269818,6.7336235,5.0337386,0.45869511447806444,0.3441226147515887
23.0,60.5,183.37982,1.2789156,2.4068773,7.1509395,5.411049,0.5856980093545113,0.4740539919387922
23.0,61.0,189.47038,1.3678104,2.678269,7.3200836,5.5529556,0.6324751453946348,0.534861996978067
23.0,61.5,193.8709,1.4030586,2.7965405,7.4135704,5.623719,0.6510230802867941,0.5613619276955832
23.0,62.0,197.72142,1.4237548,2.8786259,7.4701595,5.626045,0.6619135717320449,0.5797539748316846
23.0,62.5,201.48717,1.4366361,2.9415271,7.5038543,5.6134624,0.6686918067826637,0.5938476299657898
23.0,63.0,205.12576,1.4429443,2.9800334,7.5190616,5.599037,0.6720112324894602,0.6024753441866387
23.0,63.5,208.71309,1.4468347,2.9966977,7.5077763,5.5863395,0.6740583904527101,0.6062091395358572
23.0,64.0,212.09016,1.4497167,3.0129175,7.479775,5.554493,0.6755749245700545,0.6098433598864215
23.0,64.5,215.30096,1.4520057,3.05244,7.446576,5.5384464,0.6767794450912841,0.6186987504185713
23.0,65.0,218.69354,1.4558764,3.0826206,7.409185,5.493141,0.6788161900555484,0.6254610360165614
23.0,65.5,222.53969,1.4625518,3.1005735,7.3668656,5.4363403,0.6823288835326764,0.6294835668098393
23.0,66.0,226.27985,1.4705614,3.1146262,7.329795,5.392429,0.6865435762366079,0.6326321987817728
23.0,66.5,229.94234,1.476706,3.119832,7.294231,5.3102727,0.6897769378794981,0.6337986258716961
23.0,67.0,233.99883,1.4700058,3.0885417,7.245561,5.2391376,0.6862511967891831,0.626787723297452
23.0,67.5,239.48022,1.3919635,2.8977323,7.065141,5.138484,0.6451847124880024,0.584034951892929
23.0,68.0,242.79254,1.3204521,2.754877,6.9373474,5.133401,0.6075548314966622,0.5520268249918049
23.0,68.5,246.80798,1.176414,2.4933696,6.612274,4.873429,0.5317608073913224,0.49343345553150636
23.0,69.0,253.02158,0.77424246,1.5884821,5.8033457,3.9060545,0.32013482575445784,0.2906843882741972
23.0,69.5,,,,,,,
23.0,70.0,,,,,,,
23.0,70.5,,,,,,,
23.0,71.0,,,,,,,
23.0,71.5,,,,,,,
23.0,72.0,,,,,,,
23.0,72.5,,,,,,,
23.0,73.0,,,,,,,
23.0,73.5,,,,,,,
23.0,74.0,,,,,,,
23.0,74.5,,,,,,,
23.0,75.0,,,,,,,
23.0,75.5,,,,,,,
23.0,76.0,,,,,,,
23.0,76.5,,,,,,,
23.0,77.0,,,,,,,
23.0,77.5,,,,,,,
23.0,78.0,,,,,,,
23.0,78.5,,,,,,,
23.0,79.0,,,,,,,
23.0,79.5,,,,,,,
23.0,80.0,,,,,,,
23.0,80.5,,,,,,,
23.0,81.0,,,,,,,
23.0,81.5,,,,,,,
23.0,82.0,,,,,,,
23.0,82.5,,,,,,,
23.0,83.0,,,,,,,
23.0,83.5,,,,,,,
23.0,84.0,,,,,,,
23.0,84.5,,,,,,,
23.0,85.0,,,,,,,
23.0,85.5,,,,,,,
23.0,86.0,,,,,,,
23.0,86.5,,,,,,,
23.0,87.0,,,,,,,
23.0,87.5,,,,,,,
23.0,88.0,,,,,,,
23.0,88.5,,,,,,,
23.0,89.0,,,,,,,
23.0,89.5,,,,,,,
23.0,90.0,,,,,,,
23.0,90.5,,,,,,,
23.0,91.0,,,,,,,
23.0,91.5,,,,,,,
23.0,92.0,,,,,,,
23.0,92.5,,,,,,,
23.0,93.0,,,,,,,
23.0,93.5,,,,,,,
23.0,94.0,,,,,,,
23.0,94.5,,,,,,,
23.0,95.0,,,,,,,
23.0,95.5,,,,,,,
23.0,96.0,,,,,,,
23.0,96.5,,,,,,,
23.0,97.0,,,,,,,
23.0,97.5,,,,,,,
23.0,98.0,,,,,,,
23.0,98.5,,,,,,,
23.0,99.0,,,,,,,
23.0,99.5,,,,,,,
23.0,100.0,,,,,,,
22.5,50.0,,,,,,,
22.5,50.5,,,,,,,
22.5,51.0,,,,,,,
22.5,51.5,,,,,,,
22.5,52.0,,,,,,,
22.5,52.5,,,,,,,
22.5,53.0,,,,,,,
22.5,53.5,,,,,,,
22.5,54.0,,,,,,,
22.5,54.5,,,,,,,
22.5,55.0,,,,,,,
22.5,55.5,,,,,,,
22.5,56.0,,,,,,,
22.5,56.5,,,,,,,
22.5,57.0,,,,,,,
22.5,57.5,,,,,,,
22.5,58.0,,,,,,,
22.5,58.5,,,,,,,
22.5,59.0,,,,,,,
22.5,59.5,,,,,,,
22.5,60.0,172.366,1.106648,2.0213962,6.752713,5.0677104,0.49504934036474224,0.38768309751858665
22.5,60.5,183.91977,1.361082,2.675485,7.169835,5.442248,0.6289346002816654,0.5342382108947589
22.5,61.0,189.7292,1.4237908,2.8613627,7.322491,5.59893,0.6619325158627298,0.5758859882825628
22.5,61.5,194.1393,1.4515208,2.967716,7.424811,5.6408763,0.676524263887224,0.5997155034379917
22.5,62.0,198.22289,1.4666381,3.0324786,7.4870634,5.6724,0.6844791050943214,0.6142262090090573
22.5,62.5,201.73941,1.4745127,3.086803,7.530246,5.6593914,0.6886227886726394,0.6263981307732106
22.5,63.0,205.05287,1.4779583,3.1238854,7.5505533,5.631771,0.6904359050743485,0.6347068203739075
22.5,63.5,208.40631,1.4798578,3.1324797,7.5450115,5.6076117,0.6914354275191601,0.6366324534085063
22.5,64.0,211.56644,1.4809381,3.1467438,7.525037,5.5705333,0.692003876897526,0.6398284689769024
22.5,64.5,214.783,1.483378,3.18992,7.49131,5.5444927,0.6932878122182492,0.6495025219845765
22.5,65.0,218.38678,1.487077,3.2084553,7.454014,5.501407,0.6952342275527577,0.6536555579933653
22.5,65.5,222.44432,1.4927797,3.2177672,7.4166603,5.4542108,0.6982350531279363,0.6557419854195679
22.5,66.0,226.50462,1.5008341,3.2355144,7.380965,5.3954372,0.7024733319018596,0.6597184146979108
22.5,66.5,230.60573,1.5084108,3.2352629,7.3549476,5.3236146,0.7064602559352056,0.659662056530754
22.5,67.0,234.88239,1.5118504,3.2445874,7.3351235,5.2610526,0.7082701731625275,0.6617513152203304
22.5,67.5,238.69595,1.5002352,3.2294016,7.301308,5.21213,0.7021581818602672,0.6583487776858411
22.5,68.0,242.21765,1.4602307,3.1627626,7.2384133,5.2326083,0.6811074889347771,0.6434176562138048
22.5,68.5,246.34023,1.3410214,2.9238765,7.0222297,5.154326,0.6183785793821491,0.5898928358132274
22.5,69.0,259.63208,0.8885721,1.8388469,5.9647717,4.149182,0.3802960214879134,0.34678111763948066
22.5,69.5,,,,,,,
22.5,70.0,,,,,,,
22.5,70.5,,,,,,,
22.5,71.0,,,,,,,
22.5,71.5,,,,,,,
22.5,72.0,,,,,,,
22.5,72.5,,,,,,,
22.5,73.0,,,,,,,
22.5,73.5,,,,,,,
22.5,74.0,,,,,,,
22.5,74.5,,,,,,,
22.5,75.0,,,,,,,
22.5,75.5,,,,,,,
22.5,76.0,,,,,,,
22.5,76.5,,,,,,,
22.5,77.0,,,,,,,
22.5,77.5,,,,,,,
22.5,78.0,,,,,,,
22.5,78.5,,,,,,,
22.5,79.0,,,,,,,
22.5,79.5,,,,,,,
22.5,80.0,,,,,,,
22.5,80.5,,,,,,,
22.5,81.0,,,,,,,
22.5,81.5,,,,,,,
22.5,82.0,,,,,,,
22.5,82.5,,,,,,,
22.5,83.0,,,,,,,
22.5,83.5,,,,,,,
22.5,84.0,,,,,,,
22.5,84.5,,,,,,,
22.5,85.0,,,,,,,
22.5,85.5,,,,,,,
22.5,86.0,,,,,,,
22.5,86.5,,,,,,,
22.5,87.0,,,,,,,
22.5,87.5,,,,,,,
22.5,88.0,,,,,,,
22.5,88.5,,,,,,,
22.5,89.0,,,,,,,
22.5,89.5,,,,,,,
22.5,90.0,,,,,,,
22.5,90.5,,,,,,,
22.5,91.0,197.35988,0.41135573,0.9981653,4.4001446,3.4103625,0.12918084261611418,0.15841800674958498
22.5,91.5,199.7905,0.5422411,1.2898778,5.878183,4.5964437,0.19805379794378397,0.2237790972993507
22.5,92.0,,,,,,,
22.5,92.5,,,,,,,
22.5,93.0,,,,,,,
22.5,93.5,,,,,,,
22.5,94.0,,,,,,,
22.5,94.5,,,,,,,
22.5,95.0,,,,,,,
22.5,95.5,,,,,,,
22.5,96.0,,,,,,,
22.5,96.5,,,,,,,
22.5,97.0,,,,,,,
22.5,97.5,,,,,,,
22.5,98.0,,,,,,,
22.5,98.5,,,,,,,
22.5,99.0,,,,,,,
22.5,99.5,,,,,,,
22.5,100.0,,,,,,,
22.0,50.0,,,,,,,
22.0,50.5,,,,,,,
22.0,51.0,,,,,,,
22.0,51.5,,,,,,,
22.0,52.0,,,,,,,
22.0,52.5,,,,,,,
22.0,53.0,,,,,,,
22.0,53.5,,,,,,,
22.0,54.0,,,,,,,
22.0,54.5,,,,,,,
22.0,55.0,,,,,,,
22.0,55.5,,,,,,,
22.0,56.0,,,,,,,
22.0,56.5,,,,,,,
22.0,57.0,,,,,,,
22.0,57.5,,,,,,,
22.0,58.0,,,,,,,
22.0,58.5,,,,,,,
22.0,59.0,,,,,,,
22.0,59.5,,,,,,,
22.0,60.0,172.07907,1.2520891,2.4640481,7.1210537,5.323244,0.5715816837355167,0.48686369584293143
22.0,60.5,183.88449,1.41417,2.8650706,7.267026,5.5123887,0.656869979217285,0.576716777112537
22.0,61.0,189.4473,1.462344,3.0164955,7.3827014,5.639275,0.6822195470433262,0.6106450347817033
22.0,61.5,193.29543,1.4870638,3.1036935,7.4688635,5.693466,0.6952272646437974,0.6301826217628385
22.0,62.0,197.15804,1.5009485,3.1523254,7.5295663,5.6985965,0.7025335516550302,0.641079086087147
22.0,62.5,200.98651,1.507624,3.1975012,7.5696077,5.6831284,0.7060462451321582,0.651201173168702
22.0,63.0,204.41383,1.5098572,3.2313817,7.5888095,5.651404,0.7072213457948076,0.658792431314502
22.0,63.5,207.47514,1.511438,3.2636592,7.5864773,5.631299,0.708053193864385,0.6660245463723447
22.0,64.0,210.52745,1.5135664,3.3053954,7.5644355,5.6033077,0.7091731558155376,0.6753759421955381
22.0,64.5,213.80414,1.5159831,3.3272128,7.5347524,5.5620904,0.7104448589988981,0.680264358800612
22.0,65.0,217.67007,1.519299,3.3372915,7.4997067,5.517868,0.7121897263470139,0.6825225851515314
22.0,65.5,222.09256,1.5244843,3.3445008,7.462694,5.487589,0.7149182457258246,0.6841379010363539
22.0,66.0,226.54523,1.5312002,3.3594575,7.4352612,5.470776,0.718452204303291,0.6874891018896699
22.0,66.5,231.04796,1.5383178,3.3541813,7.41889,5.3991504,0.7221975593059498,0.6863069158809683
22.0,67.0,235.3483,1.5442414,3.3740792,7.4113564,5.3298335,0.7253146215505294,0.6907652475535497
22.0,67.5,239.18523,1.5446652,3.3747416,7.4094253,5.299768,0.725537622823989,0.6909136484903854
22.0,68.0,242.90268,1.5204893,3.3218527,7.3438807,5.286294,0.712816074508897,0.6790633689295034
22.0,68.5,244.04103,1.4631493,3.207985,7.3629727,5.38888,0.6826432808273541,0.6535501602077726
22.0,69.0,246.05898,1.2475477,2.7389677,7.119222,5.179013,0.5691919631971997,0.5484621575641204
22.0,69.5,,,,,,,
22.0,70.0,,,,,,,
22.0,70.5,,,,,,,
22.0,71.0,,,,,,,
22.0,71.5,,,,,,,
22.0,72.0,,,,,,,
22.0,72.5,217.90924,0.319803,0.6978002,4.1867175,3.0306878,0.08100504007969582,0.09111820860464076
22.0,73.0,,,,,,,
22.0,73.5,,,,,,,
22.0,74.0,,,,,,,
22.0,74.5,,,,,,,
22.0,75.0,,,,,,,
22.0,75.5,,,,,,,
22.0,76.0,,,,,,,
22.0,76.5,,,,,,,
22.0,77.0,,,,,,,
22.0,77.5,,,,,,,
22.0,78.0,,,,,,,
22.0,78.5,,,,,,,
22.0,79.0,,,,,,,
22.0,79.5,,,,,,,
22.0,80.0,,,,,,,
22.0,80.5,,,,,,,
22.0,81.0,,,,,,,
22.0,81.5,,,,,,,
22.0,82.0,,,,,,,
22.0,82.5,,,,,,,
22.0,83.0,,,,,,,
22.0,83.5,,,,,,,
22.0,84.0,,,,,,,
22.0,84.5,,,,,,,
22.0,85.0,,,,,,,
22.0,85.5,,,,,,,
22.0,86.0,,,,,,,
22.0,86.5,,,,,,,
22.0,87.0,,,,,,,
22.0,87.5,,,,,,,
22.0,88.0,189.02214,0.32457802,0.5841381,5.9297457,4.2269187,0.08351769359850851,0.06565107468781298
22.0,88.5,,,,,,,
22.0,89.0,,,,,,,
22.0,89.5,192.18304,0.3758282,0.68451524,8.0855465,6.1234317,0.11048596525332788,0.08814157588266289
22.0,90.0,194.69975,0.45531997,0.9034726,7.741962,6.026308,0.1523151860479865,0.13720116006743135
22.0,90.5,196.74712,0.44547454,0.9299331,6.910954,5.2680564,0.14713443677248972,0.1431298923471532
22.0,91.0,197.91493,0.7944303,1.7738777,6.916342,5.497641,0.3307578411293763,0.33222412358325737
22.0,91.5,205.08894,0.9554784,2.1605408,7.4995317,6.0269575,0.4155026847032355,0.4188598479690363
22.0,92.0,220.98274,0.51366603,1.1551641,5.93235,4.614418,0.18301736467947127,0.1935951587319431
22.0,92.5,,,,,,,
22.0,93.0,,,,,,,
22.0,93.5,,,,,,,
22.0,94.0,,,,,,,
22.0,94.5,,,,,,,
22.0,95.0,,,,,,,
22.0,95.5,,,,,,,
22.0,96.0,,,,,,,
22.0,96.5,,,,,,,
22.0,97.0,,,,,,,
22.0,97.5,,,,,,,
22.0,98.0,,,,,,,
22.0,98.5,,,,,,,
22.0,99.0,,,,,,,
22.0,99.5,,,,,,,
22.0,100.0,,,,,,,
21.5,50.0,,,,,,,
21.5,50.5,,,,,,,
21.5,51.0,,,,,,,
21.5,51.5,,,,,,,
21.5,52.0,,,,,,,
21.5,52.5,,,,,,,
21.5,53.0,,,,,,,
21.5,53.5,,,,,,,
21.5,54.0,,,,,,,
21.5,54.5,,,,,,,
21.5,55.0,,,,,,,
21.5,55.5,,,,,,,
21.5,56.0,,,,,,,
21.5,56.5,,,,,,,
21.5,57.0,,,,,,,
21.5,57.5,,,,,,,
21.5,58.0,,,,,,,
21.5,58.5,,,,,,,
21.5,59.0,,,,,,,
21.5,59.5,164.3993,1.2220466,2.4702854,7.248004,5.402644,0.555773057594611,0.4882612181282295
21.5,60.0,173.32002,1.3662333,2.82446,7.3255515,5.500349,0.6316453046501631,0.5676175774098624
21.5,60.5,181.88365,1.4479471,3.044655,7.416388,5.616224,0.6746437766366553,0.6169544785000838
21.5,61.0,187.84677,1.490127,3.1677694,7.488952,5.664494,0.6968391467036616,0.6445394775505755
21.5,61.5,192.03777,1.5152138,3.248625,7.5500126,5.6640224,0.710040069345555,0.6626559839983405
21.5,62.0,195.62839,1.5297272,3.2900429,7.589962,5.6710434,0.7176771258968587,0.6719360640365534
21.5,62.5,199.3187,1.5365027,3.3221743,7.620071,5.659515,0.7212424489291015,0.679135432595375
21.5,63.0,202.89453,1.539961,3.3469868,7.6325545,5.6438956,0.7230622145952232,0.6846949120400924
21.5,63.5,206.08316,1.5434852,3.3946836,7.6244297,5.6360765,0.7249166693483275,0.6953818628747431
21.5,64.0,209.21002,1.5474277,3.4287314,7.5981708,5.599425,0.7269912398450521,0.7030106219052297
21.5,64.5,212.61472,1.5506773,3.4614613,7.566697,5.5739403,0.7287012299194567,0.7103440748238271
21.5,65.0,216.94656,1.5536636,3.4739432,7.5326114,5.5445986,0.7302726518326595,0.7131407754163965
21.5,65.5,221.73189,1.5577706,3.4736514,7.5034013,5.5352755,0.7324337882245667,0.7130753892584819
21.5,66.0,226.49486,1.5629432,3.4742641,7.486055,5.5075345,0.7351556583389648,0.7132126788220772
21.5,66.5,231.12575,1.5685863,3.4720073,7.480957,5.4630017,0.7381251194593671,0.7127070044995119
21.5,67.0,235.51053,1.5746672,3.4625485,7.480339,5.4392242,0.7413249211356467,0.7105876703140973
21.5,67.5,239.28839,1.5774479,3.462457,7.4907956,5.422739,0.7427881356798713,0.7105671570096536
21.5,68.0,242.4279,1.5699219,3.4491682,7.4923663,5.3945923,0.7388278714330853,0.7075896829216731
21.5,68.5,244.74185,1.5437472,3.3838027,7.482915,5.4051585,0.7250545474915242,0.6929438780096221
21.5,69.0,244.79251,1.4858973,3.284728,7.5125394,5.4307942,0.6946134622638249,0.6707452239775394
21.5,69.5,244.24318,1.2697403,2.8810058,7.4405155,5.5815554,0.5808698906440647,0.5802872139070963
21.5,70.0,,,,,,,
21.5,70.5,,,,,,,
21.5,71.0,,,,,,,
21.5,71.5,,,,,,,
21.5,72.0,,,,,,,
21.5,72.5,221.23877,0.5823165,1.2689087,5.5593586,3.8460534,0.21914181457045784,0.21908077599079578
21.5,73.0,,,,,,,
21.5,73.5,,,,,,,
21.5,74.0,,,,,,,
21.5,74.5,,,,,,,
21.5,75.0,,,,,,,
21.5,75.5,,,,,,,
21.5,76.0,,,,,,,
21.5,76.5,,,,,,,
21.5,77.0,,,,,,,
21.5,77.5,,,,,,,
21.5,78.0,,,,,,,
21.5,78.5,,,,,,,
21.5,79.0,,,,,,,
21.5,79.5,,,,,,,
21.5,80.0,,,,,,,
21.5,80.5,,,,,,,
21.5,81.0,,,,,,,
21.5,81.5,,,,,,,
21.5,82.0,,,,,,,
21.5,82.5,,,,,,,
21.5,83.0,,,,,,,
21.5,83.5,,,,,,,
21.5,84.0,,,,,,,
21.5,84.5,,,,,,,
21.5,85.0,,,,,,,
21.5,85.5,,,,,,,
21.5,86.0,,,,,,,
21.5,86.5,,,,,,,
21.5,87.0,,,,,,,
21.5,87.5,181.67517,0.8448187,1.4617379,7.4027743,5.741627,0.35727262981481234,0.2622860687545467
21.5,88.0,188.0682,0.8357242,1.4937073,7.397501,5.614679,0.35248700994058757,0.26944913838011414
21.5,88.5,191.89513,0.9236447,1.7115932,7.6581464,5.8559914,0.39875152533184693,0.3182686394437978
21.5,89.0,192.0282,0.99065655,1.9095926,8.077513,6.355679,0.43401370363212305,0.3626323997079872
21.5,89.5,194.10712,1.1412383,2.2242904,8.580229,6.8637605,0.5132510744050806,0.4331435716896286
21.5,90.0,198.20258,1.1484407,2.3543954,8.319174,6.7088175,0.5170410296624313,0.46229490042657057
21.5,90.5,201.07968,1.0903225,2.2934399,8.182645,6.5995135,0.48645874165932895,0.44863720643196
21.5,91.0,203.97311,1.1400594,2.4816027,8.10058,6.668059,0.5126306854896051,0.49079696170984055
21.5,91.5,210.73373,1.1135366,2.4237983,7.982197,6.606981,0.49867419313215045,0.477845320696568
21.5,92.0,,,,,,,
21.5,92.5,,,,,,,
21.5,93.0,,,,,,,
21.5,93.5,,,,,,,
21.5,94.0,,,,,,,
21.5,94.5,,,,,,,
21.5,95.0,,,,,,,
21.5,95.5,,,,,,,
21.5,96.0,,,,,,,
21.5,96.5,,,,,,,
21.5,97.0,,,,,,,
21.5,97.5,,,,,,,
21.5,98.0,,,,,,,
21.5,98.5,,,,,,,
21.5,99.0,,,,,,,
21.5,99.5,,,,,,,
21.5,100.0,,,,,,,
21.0,50.0,,,,,,,
21.0,50.5,,,,,,,
21.0,51.0,,,,,,,
21.0,51.5,,,,,,,
21.0,52.0,,,,,,,
21.0,52.5,,,,,,,
21.0,53.0,,,,,,,
21.0,53.5,,,,,,,
21.0,54.0,,,,,,,
21.0,54.5,,,,,,,
21.0,55.0,,,,,,,
21.0,55.5,,,,,,,
21.0,56.0,,,,,,,
21.0,56.5,,,,,,,
21.0,57.0,,,,,,,
21.0,57.5,,,,,,,
21.0,58.0,,,,,,,
21.0,58.5,,,,,,,
21.0,59.0,158.86945,0.94440293,1.8417355,6.342427,4.9006815,0.4096746671745199,0.34742832842070187
21.0,59.5,167.11572,1.3157684,2.7800348,7.2400846,5.452553,0.6050902126403395,0.5576636566886958
21.0,60.0,174.35342,1.4396344,3.1135626,7.4323907,5.5901527,0.6702695643157314,0.6323938918778045
21.0,60.5,181.06187,1.4953107,3.2726555,7.5198407,5.6349335,0.6995668506066481,0.668040245634267
21.0,61.0,186.33115,1.5256871,3.3633332,7.5775332,5.672988,0.7155511804232106,0.6883574984444578
21.0,61.5,190.60707,1.5449581,3.4027665,7.6199183,5.6859155,0.7256917477547599,0.6971929098728004
21.0,62.0,194.33414,1.558166,3.4406574,7.649356,5.677337,0.7326418600175528,0.7056827469093538
21.0,62.5,197.9678,1.5665182,3.4716072,7.6655135,5.6728034,0.7370368356075386,0.7126173656326975
21.0,63.0,201.36232,1.5716866,3.5039742,7.664449,5.68192,0.7397565102101024,0.719869513214411
21.0,63.5,204.61302,1.5765853,3.548115,7.6487017,5.658805,0.7423342292903484,0.7297597037996363
21.0,64.0,208.00156,1.5824277,3.5653093,7.6190906,5.6128144,0.7454085731475227,0.7336122519503615
21.0,64.5,211.8479,1.5872064,3.5920696,7.586511,5.581312,0.7479231242158494,0.7396081733151464
21.0,65.0,216.41765,1.5902334,3.603266,7.5560555,5.5761747,0.7495159994161193,0.7421168329244839
21.0,65.5,221.24643,1.5935258,3.599765,7.5328846,5.5720587,0.7512484464401438,0.741332412709763
21.0,66.0,226.36516,1.5982898,3.5886638,7.519048,5.5392914,0.7537553445815051,0.738845067705824
21.0,66.5,231.073,1.602725,3.5883515,7.5213976,5.535399,0.7560891736614106,0.738775087422435
21.0,67.0,235.76572,1.6070496,3.5822437,7.5318465,5.5380425,0.7583647903132512,0.737406572231702
21.0,67.5,239.61426,1.6107832,3.5721607,7.5439024,5.5282946,0.7603294597604395,0.7351473843196368
21.0,68.0,242.66081,1.6091274,3.5499153,7.563425,5.505185,0.7594581552067535,0.7301630787003008
21.0,68.5,245.0163,1.5997076,3.52386,7.5821333,5.4913936,0.7545013795028144,0.724325120463746
21.0,69.0,246.29568,1.5733026,3.4798348,7.586009,5.4873757,0.7406068633079977,0.7144608386093937
21.0,69.5,247.83295,1.484549,3.3266892,7.444994,5.4274635,0.6939039982967846,0.680147048340824
21.0,70.0,248.6431,1.2698127,2.8886447,7.2100224,5.27737,0.5809079670921631,0.5819987927466265
21.0,70.5,,,,,,,
21.0,71.0,,,,,,,
21.0,71.5,212.04556,0.8497706,1.816574,7.0527077,4.9811897,0.35987835735317375,0.34179064200279247
21.0,72.0,221.44536,1.0166829,2.264544,7.202756,5.091733,0.4477089614457458,0.44216280155701054
21.0,72.5,231.85599,0.91750044,2.1132946,6.617447,4.5980353,0.39551835187568535,0.4082738610546949
21.0,73.0,254.49725,0.4508881,1.0207235,5.4218416,3.4318974,0.14998309769532103,0.16347238613742138
21.0,73.5,,,,,,,
21.0,74.0,,,,,,,
21.0,74.5,,,,,,,
21.0,75.0,,,,,,,
21.0,75.5,,,,,,,
21.0,76.0,,,,,,,
21.0,76.5,,,,,,,
21.0,77.0,,,,,,,
21.0,77.5,,,,,,,
21.0,78.0,,,,,,,
21.0,78.5,,,,,,,
21.0,79.0,,,,,,,
21.0,79.5,,,,,,,
21.0,80.0,,,,,,,
21.0,80.5,,,,,,,
21.0,81.0,,,,,,,
21.0,81.5,,,,,,,
21.0,82.0,,,,,,,
21.0,82.5,,,,,,,
21.0,83.0,,,,,,,
21.0,83.5,,,,,,,
21.0,84.0,,,,,,,
21.0,84.5,,,,,,,
21.0,85.0,,,,,,,
21.0,85.5,,,,,,,
21.0,86.0,,,,,,,
21.0,86.5,,,,,,,
21.0,87.0,170.39691,0.7076796,1.1721219,6.7101183,5.299937,0.2851089158920117,0.19739471417952187
21.0,87.5,182.87039,1.1121775,1.9446523,7.885381,6.1827965,0.4979590208343409,0.3704878734886287
21.0,88.0,188.99544,1.18733,2.2051282,7.947072,6.2543416,0.5375048936390565,0.4288500943334888
21.0,88.5,192.7665,1.2247151,2.3555696,8.244206,6.4717855,0.5571772442349466,0.4625579942400751
21.0,89.0,195.62628,1.2481188,2.465758,8.440961,6.675906,0.5694924346739567,0.4872468245394705
21.0,89.5,197.57817,1.2807175,2.5588534,8.637871,6.92696,0.5866461568223993,0.5081057567951306
21.0,90.0,200.29645,1.2675706,2.5898256,8.6143675,6.9730906,0.5797281617612973,0.515045397004458
21.0,90.5,202.7892,1.2597113,2.6236386,8.619582,7.051066,0.5755925074834021,0.5226215372722435
21.0,91.0,206.62901,1.2623134,2.6758518,8.603531,7.0698314,0.5769617541211168,0.5343204243727251
21.0,91.5,212.45784,1.2534596,2.6620924,8.479674,6.966073,0.5723028152797336,0.5312374990790882
21.0,92.0,218.62321,1.1229472,2.4141471,8.006902,6.590269,0.503626138710054,0.4756828765197833
21.0,92.5,,,,,,,
21.0,93.0,,,,,,,
21.0,93.5,,,,,,,
21.0,94.0,,,,,,,
21.0,94.5,,,,,,,
21.0,95.0,,,,,,,
21.0,95.5,,,,,,,
21.0,96.0,,,,,,,
21.0,96.5,,,,,,,
21.0,97.0,,,,,,,
21.0,97.5,,,,,,,
21.0,98.0,,,,,,,
21.0,98.5,,,,,,,
21.0,99.0,,,,,,,
21.0,99.5,,,,,,,
21.0,100.0,,,,,,,
20.5,50.0,,,,,,,
20.5,50.5,,,,,,,
20.5,51.0,,,,,,,
20.5,51.5,,,,,,,
20.5,52.0,,,,,,,
20.5,52.5,,,,,,,
20.5,53.0,,,,,,,
20.5,53.5,,,,,,,
20.5,54.0,,,,,,,
20.5,54.5,,,,,,,
20.5,55.0,,,,,,,
20.5,55.5,,,,,,,
20.5,56.0,,,,,,,
20.5,56.5,,,,,,,
20.5,57.0,,,,,,,
20.5,57.5,,,,,,,
20.5,58.0,,,,,,,
20.5,58.5,,,,,,,
20.5,59.0,165.57004,1.1326907,2.3898962,6.627039,5.0299597,0.5087532234034285,0.47024920132497516
20.5,59.5,171.25482,1.4407094,3.1764822,7.375915,5.547484,0.6708351908931675,0.6464916603568112
20.5,60.0,176.57173,1.5117034,3.3804793,7.4943485,5.6318874,0.7081928284170491,0.6921992557423247
20.5,60.5,181.45786,1.5456557,3.4803224,7.5687885,5.669674,0.7260588373334618,0.7145700826395698
20.5,61.0,185.95819,1.5662518,3.5446415,7.625064,5.67036,0.7368966364946885,0.7289814268922357
20.5,61.5,189.45538,1.5793816,3.5763783,7.665619,5.6840496,0.7438056613217244,0.736092385245707
20.5,62.0,193.08281,1.5893599,3.5895004,7.6873965,5.684378,0.7490563219669176,0.7390325187091921
20.5,62.5,196.72546,1.5969906,3.5993383,7.6950145,5.690305,0.753071662196291,0.7412367907958192
20.5,63.0,200.11362,1.6026222,3.6234376,7.6883116,5.6816034,0.7560350386124667,0.7466364908301423
20.5,63.5,203.479,1.6087297,3.654811,7.6664047,5.6505075,0.7592488915644859,0.7536659835865386
20.5,64.0,207.0551,1.6165457,3.7022085,7.633298,5.619308,0.7633617125193041,0.7642858922413014
20.5,64.5,210.92836,1.6227375,3.7372692,7.601624,5.58902,0.7666199148103771,0.7721415797021974
20.5,65.0,215.4701,1.626851,3.733922,7.5746984,5.578457,0.7687844385634001,0.7713916154285344
20.5,65.5,220.52008,1.6310588,3.711184,7.553546,5.586315,0.7709986436127887,0.7662969439576857
20.5,66.0,225.85132,1.6350759,3.7005022,7.5434246,5.587863,0.7731124824068932,0.7639035648457172
20.5,66.5,231.08472,1.6387168,3.688068,7.546822,5.5980916,0.7750283487624495,0.7611175482658789
20.5,67.0,235.8935,1.6422452,3.6861427,7.560216,5.601877,0.7768849990273883,0.7606861812518587
20.5,67.5,239.8736,1.6446102,3.6736867,7.5813255,5.5908294,0.7781294778640029,0.7578953034462278
20.5,68.0,243.05988,1.6441433,3.6522849,7.6034236,5.5838385,0.7778838314541947,0.7530999980121059
20.5,68.5,245.46333,1.6390582,3.630026,7.6264915,5.5799446,0.7752080043594083,0.7481127008692052
20.5,69.0,247.46515,1.6253092,3.598949,7.635633,5.544596,0.7679731655761559,0.7411495558318694
20.5,69.5,248.76826,1.5850713,3.538648,7.591535,5.49452,0.7467996494457618,0.7276384999119938
20.5,70.0,249.35217,1.5014061,3.3762944,7.4515433,5.4475617,0.7027743052098931,0.6912615733649753
20.5,70.5,245.69882,1.3667952,3.0988665,7.316996,5.3306813,0.6319409460008846,0.6291010791540642
20.5,71.0,239.93233,1.254492,2.846876,7.122353,5.284249,0.5728461103653689,0.5726400783747122
20.5,71.5,237.16052,1.2646664,2.8924563,7.1253514,5.267673,0.5781999600667762,0.5828528193042909
20.5,72.0,240.31982,1.2703009,2.931912,7.178921,5.1885056,0.5811648419767812,0.591693252218617
20.5,72.5,247.68483,1.1641941,2.7525394,6.89865,4.863769,0.5253305923309015,0.5515030412676603
20.5,73.0,262.53784,0.6350361,1.492804,5.7786746,3.9585311,0.24688329844665027,0.26924675646895435
20.5,73.5,,,,,,,
20.5,74.0,,,,,,,
20.5,74.5,,,,,,,
20.5,75.0,,,,,,,
20.5,75.5,,,,,,,
20.5,76.0,,,,,,,
20.5,76.5,,,,,,,
20.5,77.0,,,,,,,
20.5,77.5,,,,,,,
20.5,78.0,,,,,,,
20.5,78.5,,,,,,,
20.5,79.0,,,,,,,
20.5,79.5,,,,,,,
20.5,80.0,,,,,,,
20.5,80.5,,,,,,,
20.5,81.0,,,,,,,
20.5,81.5,,,,,,,
20.5,82.0,,,,,,,
20.5,82.5,,,,,,,
20.5,83.0,,,,,,,
20.5,83.5,,,,,,,
20.5,84.0,,,,,,,
20.5,84.5,,,,,,,
20.5,85.0,,,,,,,
20.5,85.5,,,,,,,
20.5,86.0,,,,,,,
20.5,86.5,,,,,,,
20.5,87.0,179.88643,1.1124989,1.9021776,8.093592,6.3821454,0.4981281379744948,0.3609709823082298
20.5,87.5,186.17459,1.2432449,2.223133,8.131451,6.3665,0.5669277632068975,0.4328842707006436
20.5,88.0,190.7943,1.2760195,2.4122305,8.183275,6.44138,0.5841740104969303,0.4752534326280547
20.5,88.5,194.14737,1.2997043,2.5404713,8.35876,6.6023154,0.5966371784335751,0.5039870698872724
20.5,89.0,196.44456,1.3263808,2.6361952,8.60146,6.8568215,0.6106745910843526,0.5254349583447371
20.5,89.5,198.67522,1.3360877,2.708021,8.72901,7.0481505,0.6157824180024944,0.5415282333016043
20.5,90.0,201.0132,1.3338422,2.7410598,8.774876,7.1643367,0.6146007935332516,0.5489309186226996
20.5,90.5,203.84988,1.3297609,2.7636666,8.792141,7.237651,0.6124532065858078,0.5539962090585376
20.5,91.0,208.33942,1.3255849,2.774408,8.731018,7.1999607,0.6102557501552698,0.5564029431864201
20.5,91.5,214.87224,1.3007815,2.76902,8.460403,6.8570323,0.5972039968602926,0.5551957031678638
20.5,92.0,220.7127,1.2621359,2.644766,8.304018,6.5037885,0.576868350774793,0.5273553562130976
20.5,92.5,226.96722,0.9405434,2.0378866,7.4294243,5.9925804,0.407643755998844,0.3913779496414001
20.5,93.0,,,,,,,
20.5,93.5,,,,,,,
20.5,94.0,,,,,,,
20.5,94.5,,,,,,,
20.5,95.0,,,,,,,
20.5,95.5,,,,,,,
20.5,96.0,,,,,,,
20.5,96.5,,,,,,,
20.5,97.0,,,,,,,
20.5,97.5,,,,,,,
20.5,98.0,,,,,,,
20.5,98.5,,,,,,,
20.5,99.0,,,,,,,
20.5,99.5,,,,,,,
20.5,100.0,,,,,,,
20.0,50.0,,,,,,,
20.0,50.5,,,,,,,
20.0,51.0,,,,,,,
20.0,51.5,,,,,,,
20.0,52.0,,,,,,,
20.0,52.5,,,,,,,
20.0,53.0,,,,,,,
20.0,53.5,,,,,,,
20.0,54.0,,,,,,,
20.0,54.5,,,,,,,
20.0,55.0,,,,,,,
20.0,55.5,,,,,,,
20.0,56.0,,,,,,,
20.0,56.5,,,,,,,
20.0,57.0,,,,,,,
20.0,57.5,,,,,,,
20.0,58.0,161.9267,0.99858624,1.9917327,6.1487517,4.756592,0.43818636796665433,0.38103670674869755
20.0,58.5,170.56975,1.3189458,2.8957686,6.9387307,5.1852727,0.6067621889955552,0.5835949842486602
20.0,59.0,170.89574,1.4511418,3.2226999,7.293258,5.476234,0.6763248486837562,0.6568471931165417
20.0,59.5,174.9456,1.5349363,3.4655883,7.413851,5.575129,0.72041819105758,0.7112687761257082
20.0,60.0,178.90013,1.5740187,3.5829904,7.510202,5.649664,0.7409836758676804,0.7375738838710718
20.0,60.5,182.44911,1.5949845,3.6476421,7.584812,5.667326,0.7520160601063393,0.7520597491125375
20.0,61.0,185.79005,1.6079291,3.6953294,7.639263,5.677471,0.7588276042079305,0.762744563144642
20.0,61.5,189.00528,1.617212,3.727087,7.6774225,5.6811924,0.7637123671237033,0.7698601690436514
20.0,62.0,191.92664,1.6242887,3.721294,7.6992955,5.6844406,0.7674361433814759,0.768562168336944
20.0,62.5,195.18169,1.630206,3.7380974,7.702088,5.682562,0.7705498809938492,0.7723271610033375
20.0,63.0,198.67464,1.6360216,3.7492855,7.689442,5.660514,0.7736101108463742,0.7748339509104472
20.0,63.5,202.14156,1.6422359,3.7671125,7.6672,5.6444163,0.7768801061724432,0.7788282759101148
20.0,64.0,205.71481,1.6488596,3.7893856,7.6397376,5.6325665,0.7803655753028254,0.7838187782568348
20.0,64.5,209.95213,1.6560836,3.824223,7.610368,5.627134,0.7841668844928051,0.7916244645381492
20.0,65.0,214.5846,1.6620162,3.842415,7.585195,5.6280475,0.7872886514056012,0.7957005756552737
20.0,65.5,219.33873,1.6670324,3.836214,7.5673842,5.631706,0.7899282211906662,0.7943111732196514
20.0,66.0,225.05946,1.6704829,3.8054528,7.5639234,5.640791,0.791743909477667,0.7874188097666593
20.0,66.5,230.78825,1.6734827,3.7881973,7.573498,5.6405544,0.7933224197576494,0.7835525326595746
20.0,67.0,236.00766,1.6767899,3.790152,7.587796,5.6456122,0.7950627078953679,0.783990523761488
20.0,67.5,240.40189,1.678922,3.7941215,7.6070795,5.653937,0.7961846771716262,0.7848799144012926
20.0,68.0,243.77014,1.6787019,3.776079,7.62872,5.6454287,0.7960688168756825,0.7808372976640802
20.0,68.5,246.44666,1.6751649,3.7455947,7.650475,5.6256943,0.7942076501292561,0.7740070083250562
20.0,69.0,248.71394,1.6674453,3.7337465,7.667072,5.5949674,0.7901455141333565,0.7713522982616837
20.0,69.5,250.61972,1.6392943,3.683295,7.620852,5.5897803,0.7753322076003225,0.7600481320115544
20.0,70.0,252.20073,1.5901648,3.5962965,7.482032,5.5021186,0.749479867564217,0.7405552576236991
20.0,70.5,252.63058,1.5329314,3.4889107,7.3081083,5.387903,0.7193632162567238,0.7164943801725772
20.0,71.0,252.29684,1.4587309,3.33908,7.11793,5.2613153,0.6803182965236956,0.6829233424690768
20.0,71.5,251.93652,1.3937032,3.1918857,7.038344,5.188072,0.6461001781940133,0.6499429704094181
20.0,72.0,251.8529,1.3558302,3.116956,7.1213703,5.1478806,0.6261710781713243,0.6331542196438168
20.0,72.5,257.63483,1.163303,2.7098386,6.80767,4.940481,0.5248616937319956,0.5419355078669157
20.0,73.0,,,,,,,
20.0,73.5,,,,,,,
20.0,74.0,,,,,,,
20.0,74.5,,,,,,,
20.0,75.0,,,,,,,
20.0,75.5,,,,,,,
20.0,76.0,,,,,,,
20.0,76.5,,,,,,,
20.0,77.0,,,,,,,
20.0,77.5,,,,,,,
20.0,78.0,,,,,,,
20.0,78.5,,,,,,,
20.0,79.0,,,,,,,
20.0,79.5,,,,,,,
20.0,80.0,,,,,,,
20.0,80.5,,,,,,,
20.0,81.0,,,,,,,
20.0,81.5,,,,,,,
20.0,82.0,,,,,,,
20.0,82.5,,,,,,,
20.0,83.0,,,,,,,
20.0,83.5,,,,,,,
20.0,84.0,,,,,,,
20.0,84.5,,,,,,,
20.0,85.0,,,,,,,
20.0,85.5,,,,,,,
20.0,86.0,178.11618,0.9908131,1.6787124,7.265931,5.8582096,0.43409606669036566,0.31090137162490616
20.0,86.5,179.17496,1.0141732,1.735902,7.486727,5.977802,0.4463883297129343,0.3237152690040424
20.0,87.0,184.48608,1.245579,2.2168713,8.013733,6.3266115,0.5681559952559381,0.431481246148789
20.0,87.5,189.07455,1.3120997,2.4394913,8.188489,6.4583797,0.6031597304488573,0.481361482706453
20.0,88.0,192.43388,1.333307,2.5700665,8.332368,6.565878,0.6143192034582698,0.5106181558089241
20.0,88.5,194.96678,1.3487008,2.6436753,8.504138,6.743196,0.6224195130066198,0.5271109594218726
20.0,89.0,196.91771,1.362012,2.7185824,8.671534,6.9643703,0.6294240112339949,0.5438946352814266
20.0,89.5,198.97243,1.3685178,2.7786686,8.781941,7.12627,0.63284737874392,0.5573575597239484
20.0,90.0,201.2223,1.3732952,2.8344173,8.848762,7.2484846,0.6353613025231512,0.5698486129483811
20.0,90.5,204.37712,1.3744608,2.842587,8.874282,7.295613,0.6359746658007568,0.5716791048496089
20.0,91.0,209.84212,1.3719393,2.870717,8.825693,7.2603054,0.6346478239058996,0.5779819244800961
20.0,91.5,215.24911,1.3621523,2.863975,8.717335,6.9650373,0.6294978431605384,0.5764713119200389
20.0,92.0,220.96216,1.3398817,2.768937,8.536777,6.7062826,0.6177788282779164,0.5551771129857117
20.0,92.5,225.25487,1.1888874,2.3854065,8.243095,6.3456593,0.538324384113452,0.46924324810627377
20.0,93.0,232.6808,0.6591238,1.2894139,6.7565727,4.905567,0.2595584273686734,0.22367516856550843
20.0,93.5,,,,,,,
20.0,94.0,,,,,,,
20.0,94.5,,,,,,,
20.0,95.0,,,,,,,
20.0,95.5,,,,,,,
20.0,96.0,,,,,,,
20.0,96.5,,,,,,,
20.0,97.0,,,,,,,
20.0,97.5,,,,,,,
20.0,98.0,,,,,,,
20.0,98.5,,,,,,,
20.0,99.0,,,,,,,
20.0,99.5,,,,,,,
20.0,100.0,,,,,,,
19.5,50.0,,,,,,,
19.5,50.5,,,,,,,
19.5,51.0,,,,,,,
19.5,51.5,,,,,,,
19.5,52.0,,,,,,,
19.5,52.5,,,,,,,
19.5,53.0,,,,,,,
19.5,53.5,,,,,,,
19.5,54.0,,,,,,,
19.5,54.5,,,,,,,
19.5,55.0,,,,,,,
19.5,55.5,,,,,,,
19.5,56.0,,,,,,,
19.5,56.5,,,,,,,
19.5,57.0,,,,,,,
19.5,57.5,,,,,,,
19.5,58.0,163.3241,1.1850883,2.4547653,6.5340667,5.0867605,0.5363252764949193,0.48478378566449487
19.5,58.5,170.93832,1.4726907,3.27953,7.1490173,5.3846803,0.6876640400190369,0.6695805597497169
19.5,59.0,174.8328,1.5612973,3.5582063,7.334323,5.5086427,0.7342895602847717,0.7320207614139295
19.5,59.5,177.67616,1.5989178,3.6720803,7.450216,5.587261,0.7540858004770282,0.7575353590573154
19.5,60.0,180.25354,1.6185929,3.725606,7.5330877,5.633136,0.7644389560830513,0.7695283236082219
19.5,60.5,182.8667,1.634277,3.7639642,7.5972104,5.6606827,0.7726920732550715,0.7781228639695407
19.5,61.0,185.49854,1.6471565,3.8145423,7.6444182,5.6854935,0.779469367372047,0.7894553962734712
19.5,61.5,188.33528,1.6551259,3.8502123,7.675121,5.6958222,0.7836629204334593,0.7974476254170713
19.5,62.0,191.13362,1.6600945,3.8556397,7.6923537,5.681768,0.7862774613836128,0.7986636797461307
19.5,62.5,193.96194,1.6648834,3.8481984,7.693648,5.6693015,0.7887974071381609,0.7969963861393712
19.5,63.0,196.95392,1.6707128,3.862544,7.679613,5.6626267,0.7918649135441941,0.8002106713695376
19.5,63.5,200.54271,1.6759946,3.8752143,7.6604013,5.650766,0.7946442433397424,0.8030495738123951
19.5,64.0,204.30319,1.6810564,3.8968594,7.638824,5.6613226,0.7973077755682565,0.8078993677114458
19.5,64.5,208.30241,1.6879694,3.9176233,7.614243,5.665809,0.8009454877621229,0.812551721055225
19.5,65.0,213.05788,1.6936136,3.9315457,7.597017,5.6730475,0.8039155134427112,0.8156711856724024
19.5,65.5,217.9719,1.698414,3.9440923,7.5876203,5.688246,0.8064414811725764,0.8184823631022224
19.5,66.0,223.44469,1.7021433,3.924494,7.5900755,5.7014556,0.8084038923790209,0.8140911804496563
19.5,66.5,229.90901,1.7057209,3.9082692,7.601341,5.7040596,0.8102864496836047,0.8104558382777554
19.5,67.0,235.97876,1.708902,3.8955817,7.6157427,5.694318,0.8119603706350167,0.8076130895903146
19.5,67.5,241.15656,1.7113843,3.8781462,7.6306314,5.687326,0.8132665747186311,0.8037064803351698
19.5,68.0,244.81969,1.7104914,3.860261,7.651312,5.6798835,0.8127967351860819,0.7996991208399702
19.5,68.5,248.02277,1.7084502,3.8559299,7.666281,5.6793323,0.8117226280678123,0.7987286919635999
19.5,69.0,250.40256,1.7024853,3.844943,7.687232,5.6684675,0.8085838616205273,0.7962669885902156
19.5,69.5,252.11768,1.6849025,3.8122747,7.6757045,5.637309,0.7993316611060625,0.7889473180480413
19.5,70.0,254.97812,1.639067,3.7185655,7.4777265,5.538675,0.7752126462987152,0.7679508291284676
19.5,70.5,256.9768,1.591581,3.6286218,7.308488,5.4233336,0.7502250870097023,0.7477980566942728
19.5,71.0,260.41733,1.5176435,3.4764585,7.0244846,5.2445116,0.7113185472511471,0.7137043570879646
19.5,71.5,259.4091,1.4562818,3.310425,7.04478,5.2307124,0.6790295310769369,0.6765028918584197
19.5,72.0,259.14737,1.3975991,3.1685667,7.112,5.2355146,0.6481502216871028,0.6447181142434403
19.5,72.5,262.6419,1.2444503,2.8817747,6.8829713,5.045574,0.5675620779402938,0.580459493612386
19.5,73.0,,,,,,,
19.5,73.5,,,,,,,
19.5,74.0,,,,,,,
19.5,74.5,,,,,,,
19.5,75.0,,,,,,,
19.5,75.5,,,,,,,
19.5,76.0,,,,,,,
19.5,76.5,,,,,,,
19.5,77.0,,,,,,,
19.5,77.5,,,,,,,
19.5,78.0,,,,,,,
19.5,78.5,,,,,,,
19.5,79.0,,,,,,,
19.5,79.5,,,,,,,
19.5,80.0,,,,,,,
19.5,80.5,,,,,,,
19.5,81.0,,,,,,,
19.5,81.5,,,,,,,
19.5,82.0,,,,,,,
19.5,82.5,,,,,,,
19.5,83.0,,,,,,,
19.5,83.5,,,,,,,
19.5,84.0,,,,,,,
19.5,84.5,,,,,,,
19.5,85.0,,,,,,,
19.5,85.5,177.76373,1.1631606,1.9030367,7.7874002,6.0781794,0.5247867326850802,0.3611634815076133
19.5,86.0,182.111,1.2145163,2.114546,7.6797833,6.067465,0.5518105351070811,0.4085542629688239
19.5,86.5,185.18527,1.2938648,2.3432355,7.885674,6.247469,0.5935644027991396,0.4597944140869723
19.5,87.0,188.21152,1.3369079,2.4958096,8.075411,6.406377,0.6162139929002166,0.4939801564629593
19.5,87.5,190.75867,1.3543683,2.5923846,8.25407,6.545995,0.6254018335534804,0.515618754547675
19.5,88.0,193.16704,1.3678659,2.6540751,8.426007,6.700622,0.6325043770664863,0.5294411425985364
19.5,88.5,195.25258,1.3795108,2.7194421,8.583143,6.8780766,0.6386319878672252,0.5440872680309693
19.5,89.0,196.83252,1.3892977,2.7991333,8.711504,7.0454435,0.6437819686125864,0.5619428708878396
19.5,89.5,198.69473,1.3968629,2.8666317,8.813268,7.2114267,0.6477628079417058,0.5770665716893548
19.5,90.0,201.0193,1.4024597,2.9071171,8.877141,7.296348,0.6507079302452017,0.5861377258586101
19.5,90.5,204.61499,1.4037374,2.9359708,8.898814,7.2951016,0.6513802586977867,0.5926026753822925
19.5,91.0,210.63623,1.4027531,2.9360554,8.875562,7.160288,0.6508623060916107,0.5926216395048903
19.5,91.5,215.81998,1.3977181,2.9234767,8.822924,6.938999,0.6482128251388364,0.5898032503664766
19.5,92.0,220.51973,1.3813026,2.8259382,8.736897,6.8718476,0.6395748661067108,0.567948781804528
19.5,92.5,223.84576,1.3364646,2.6924286,8.641108,6.769698,0.6159807668144999,0.5380346145585819
19.5,93.0,227.01125,1.1885866,2.4228983,8.13015,6.2960696,0.5381661190746507,0.4776436599562675
19.5,93.5,238.76208,0.5339887,1.037658,6.3977685,4.5048466,0.19371132645109376,0.1672667331287937
19.5,94.0,249.3539,0.16893966,0.2911314,4.4438686,2.85098,0.0016195114634886697,0.0
19.5,94.5,,,,,,,
19.5,95.0,,,,,,,
19.5,95.5,,,,,,,
19.5,96.0,,,,,,,
19.5,96.5,,,,,,,
19.5,97.0,,,,,,,
19.5,97.5,,,,,,,
19.5,98.0,,,,,,,
19.5,98.5,,,,,,,
19.5,99.0,,,,,,,
19.5,99.5,,,,,,,
19.5,100.0,,,,,,,
19.0,50.0,,,,,,,
19.0,50.5,,,,,,,
19.0,51.0,,,,,,,
19.0,51.5,,,,,,,
19.0,52.0,,,,,,,
19.0,52.5,,,,,,,
19.0,53.0,,,,,,,
19.0,53.5,,,,,,,
19.0,54.0,,,,,,,
19.0,54.5,,,,,,,
19.0,55.0,,,,,,,
19.0,55.5,,,,,,,
19.0,56.0,,,,,,,
19.0,56.5,,,,,,,
19.0,57.0,,,,,,,
19.0,57.5,,,,,,,
19.0,58.0,167.27385,1.3964019,3.0952675,6.9914436,5.328481,0.6475202352484658,0.6282947032931806
19.0,58.5,173.211,1.5788907,3.605132,7.27438,5.455111,0.7435473436721868,0.7425349517627176
19.0,59.0,176.36772,1.622708,3.7669547,7.395031,5.5335217,0.7666043580408081,0.7787929118279747
19.0,59.5,178.46603,1.639931,3.8255844,7.484699,5.593318,0.7756672427062431,0.7919294931016234
19.0,60.0,180.48332,1.6519458,3.846599,7.5591474,5.63852,0.7819895640422334,0.7966380443523684
19.0,60.5,182.63481,1.6659417,3.8644373,7.611253,5.6786313,0.7893543143971692,0.8006348800950279
19.0,61.0,184.85364,1.6805998,3.9016528,7.6437488,5.6910043,0.79706752384467,0.8089733780912446
19.0,61.5,187.21764,1.6900389,3.9391682,7.6651773,5.704601,0.8020344616319566,0.8173790785275403
19.0,62.0,189.88892,1.6949737,3.9665952,7.6776767,5.702948,0.8046311875717972,0.8235243623903067
19.0,62.5,192.62007,1.699118,3.9797843,7.6756306,5.6909776,0.8068119581123943,0.826479506891679
19.0,63.0,195.64023,1.7044196,3.9862947,7.663325,5.6837363,0.8096017009069283,0.8279382485699265
19.0,63.5,199.0932,1.7093003,3.996402,7.6454535,5.678418,0.812169947921832,0.8302028853284846
19.0,64.0,202.7109,1.7134899,3.9971201,7.627776,5.696478,0.8143745554480591,0.8303637865602158
19.0,64.5,206.88008,1.71865,4.018893,7.612632,5.685049,0.8170898390269542,0.8352421601933224
19.0,65.0,211.47795,1.7231511,4.025106,7.6035557,5.6856155,0.8194583571938423,0.8366342870521912
19.0,65.5,216.57489,1.7262719,4.0190277,7.6048474,5.6998014,0.8211005373170206,0.8352723959493515
19.0,66.0,222.16681,1.7294487,4.003143,7.613768,5.7123356,0.8227722000276886,0.8317132307882237
19.0,66.5,229.04347,1.7332777,3.9930987,7.625642,5.7091765,0.8247870526025189,0.8294627503465343
19.0,67.0,235.59314,1.7370722,3.9927614,7.6393743,5.7182913,0.8267837765224887,0.8293871609564614
19.0,67.5,241.02382,1.739064,3.9798195,7.655625,5.725834,0.8278318511432939,0.8264874130611001
19.0,68.0,245.7392,1.7393374,3.961851,7.670804,5.72613,0.8279757512618077,0.822461356543621
19.0,68.5,249.33087,1.737935,3.9393265,7.6855597,5.7242513,0.827237745640921,0.8174145494498077
19.0,69.0,251.92424,1.7327031,3.9103198,7.7076025,5.715005,0.8244846992584753,0.8109153042452584
19.0,69.5,253.4863,1.7221758,3.8943315,7.719767,5.6873035,0.8189451719847922,0.8073329547765039
19.0,70.0,254.31848,1.69838,3.8556888,7.6996193,5.65861,0.806423603433354,0.7986746842792438
19.0,70.5,257.89383,1.624262,3.696031,7.4299893,5.5284724,0.7674220921057361,0.7629017783919809
19.0,71.0,267.08447,1.5179142,3.4493976,6.957908,5.228021,0.711461004604741,0.7076410730229099
19.0,71.5,262.51776,1.5048614,3.4077876,7.153914,5.338554,0.704592502653276,0.6983179364133905
19.0,72.0,262.07803,1.4583033,3.3106081,7.2245493,5.3318663,0.6800932879251302,0.6765439184673073
19.0,72.5,266.46255,1.2718095,2.9039428,6.902886,5.073,0.5819586763271697,0.5854264911310976
19.0,73.0,,,,,,,
19.0,73.5,,,,,,,
19.0,74.0,,,,,,,
19.0,74.5,,,,,,,
19.0,75.0,,,,,,,
19.0,75.5,,,,,,,
19.0,76.0,,,,,,,
19.0,76.5,,,,,,,
19.0,77.0,,,,,,,
19.0,77.5,,,,,,,
19.0,78.0,,,,,,,
19.0,78.5,,,,,,,
19.0,79.0,,,,,,,
19.0,79.5,,,,,,,
19.0,80.0,,,,,,,
19.0,80.5,,,,,,,
19.0,81.0,,,,,,,
19.0,81.5,,,,,,,
19.0,82.0,,,,,,,
19.0,82.5,,,,,,,
19.0,83.0,,,,,,,
19.0,83.5,,,,,,,
19.0,84.0,,,,,,,
19.0,84.5,,,,,,,
19.0,85.0,175.39415,1.114188,1.8366069,7.649602,6.1348267,0.49901694389394596,0.34627920943140306
19.0,85.5,181.79561,1.2761143,2.225437,7.6688814,6.0332017,0.5842239427089342,0.4334004687757491
19.0,86.0,184.81245,1.3240763,2.411546,7.8140016,6.2076197,0.6094619158048812,0.47510006362529905
19.0,86.5,186.89162,1.3477163,2.5135295,7.9878674,6.3929334,0.6219014976715342,0.4979504958540455
19.0,87.0,188.97968,1.367307,2.6178665,8.154597,6.5255895,0.632210241209594,0.5213282375311378
19.0,87.5,191.04393,1.3825673,2.6965468,8.326758,6.671214,0.6402403571081546,0.5389573393181077
19.0,88.0,193.0017,1.3946288,2.769255,8.488478,6.8299384,0.6465872054477799,0.5552483219305647
19.0,88.5,194.79692,1.4049498,2.8238182,8.630956,7.0150323,0.652018211707937,0.5674737705985011
19.0,89.0,196.22504,1.4150515,2.8896136,8.74746,7.147556,0.6573337967745171,0.5822158918853234
19.0,89.5,198.10051,1.4228443,2.956119,8.833161,7.252492,0.6614344483208819,0.5971170981217125
19.0,90.0,200.52051,1.4267664,2.9881732,8.886794,7.3086386,0.663498292174073,0.6042991585799096
19.0,90.5,204.46292,1.4265714,2.9978023,8.910606,7.2885256,0.6633956676780449,0.6064566346907744
19.0,91.0,210.3177,1.4221549,2.9909534,8.905608,7.150537,0.6610716870369391,0.6049220899421993
19.0,91.5,215.92206,1.4144526,2.9498975,8.864416,6.9739175,0.6570186467329246,0.5957231015606157
19.0,92.0,220.29695,1.3987063,2.867427,8.8099375,6.953238,0.6487328477990276,0.5772447810217104
19.0,92.5,223.55933,1.3709807,2.7674332,8.734776,6.8082056,0.634143420744187,0.5548401392241712
19.0,93.0,226.28177,1.2870542,2.5951755,8.488354,6.723572,0.5899805747385788,0.5162440898128292
19.0,93.5,234.43677,0.84951055,1.7142781,7.5290365,5.8830123,0.3597415142369847,0.31887022949065696
19.0,94.0,219.94681,0.31052136,0.66689897,5.663898,4.0442467,0.0761209671819282,0.08419447421926694
19.0,94.5,,,,,,,
19.0,95.0,,,,,,,
19.0,95.5,,,,,,,
19.0,96.0,,,,,,,
19.0,96.5,,,,,,,
19.0,97.0,,,,,,,
19.0,97.5,,,,,,,
19.0,98.0,,,,,,,
19.0,98.5,,,,,,,
19.0,99.0,,,,,,,
19.0,99.5,,,,,,,
19.0,100.0,,,,,,,
18.5,50.0,,,,,,,
18.5,50.5,,,,,,,
18.5,51.0,,,,,,,
18.5,51.5,,,,,,,
18.5,52.0,,,,,,,
18.5,52.5,,,,,,,
18.5,53.0,,,,,,,
18.5,53.5,,,,,,,
18.5,54.0,,,,,,,
18.5,54.5,,,,,,,
18.5,55.0,,,,,,,
18.5,55.5,,,,,,,
18.5,56.0,,,,,,,
18.5,56.5,,,,,,,
18.5,57.0,164.61458,1.1838282,2.5624619,6.554032,4.9237056,0.535662231920948,0.5089142694585603
18.5,57.5,168.97356,1.5155563,3.497235,7.12623,5.396303,0.7102202895026997,0.7183595416951176
18.5,58.0,172.01875,1.614417,3.7202842,7.264632,5.4594817,0.7622415623814227,0.7683359343673619
18.5,58.5,174.83275,1.651495,3.8250372,7.3523316,5.5035357,0.7817523233063053,0.7918068940555335
18.5,59.0,176.93054,1.6681625,3.9139338,7.433725,5.5613055,0.7905228912532252,0.8117250455701522
18.5,59.5,178.68428,1.6796271,3.968969,7.5067716,5.611584,0.7965556559427205,0.824056265964127
18.5,60.0,180.29272,1.687202,3.990606,7.568149,5.645016,0.8005416390424231,0.8289042435810134
18.5,60.5,182.03003,1.6977218,3.9967542,7.6117043,5.6729174,0.8060772771237139,0.8302817867625042
18.5,61.0,183.97592,1.7113962,4.01734,7.6397614,5.6894913,0.8132728476095863,0.8348942887387961
18.5,61.5,186.02437,1.7219232,4.0471363,7.654908,5.6923075,0.8188122494254503,0.8415704077741096
18.5,62.0,188.30713,1.728985,4.076756,7.6580687,5.695744,0.8225281845695288,0.848206995962318
18.5,62.5,190.976,1.7337399,4.097277,7.652459,5.691032,0.8250302525848545,0.8528049676812955
18.5,63.0,194.15161,1.7371716,4.102596,7.6413913,5.6833677,0.8268360924330556,0.853996662461328
18.5,63.5,197.60728,1.7402242,4.1031413,7.6278324,5.6691046,0.8284423916199697,0.8541188875669723
18.5,64.0,201.14256,1.7434144,4.0959115,7.61328,5.668706,0.8301210799685076,0.8524989775566754
18.5,64.5,205.03555,1.7474412,4.102496,7.6027174,5.6648335,0.8322399998042858,0.8539743328747199
18.5,65.0,209.4239,1.750681,4.1079006,7.60305,5.670522,0.8339448461081072,0.8551852588776684
18.5,65.5,214.59866,1.7535253,4.0880117,7.6125402,5.682634,0.8354414951611233,0.8507289571675059
18.5,66.0,220.75986,1.7561742,4.076647,7.6273108,5.70806,0.8368353942602922,0.8481825295731636
18.5,66.5,227.71269,1.7589259,4.078914,7.645999,5.722361,0.8382833656794956,0.8486905543785298
18.5,67.0,235.0526,1.7615404,4.073231,7.6634245,5.728112,0.8396591361238038,0.8474172337412313
18.5,67.5,241.34747,1.7628671,4.0622334,7.680218,5.748305,0.8403572461582149,0.844953073044919
18.5,68.0,246.43213,1.7641444,4.0477743,7.690489,5.7669134,0.8410293864240714,0.8417133598644525
18.5,68.5,250.36896,1.763725,4.037557,7.703876,5.757228,0.8408087061202653,0.839424096456549
18.5,69.0,253.46817,1.7598717,4.003952,7.723504,5.7426763,0.8387810568478861,0.8318945384842713
18.5,69.5,255.02554,1.7522954,3.9832673,7.7425866,5.7402077,0.8347943210012688,0.8272599206016258
18.5,70.0,255.83755,1.7388822,3.9506385,7.757309,5.7211137,0.8277361895562262,0.8199491177900183
18.5,70.5,257.26932,1.689108,3.871085,7.659972,5.6588044,0.8015446115772601,0.8021243383098775
18.5,71.0,264.25763,1.5908685,3.6021755,7.3570566,5.439868,0.7498501563173061,0.7418724895533226
18.5,71.5,264.4052,1.5691959,3.5580258,7.3157253,5.4375763,0.7384458523739097,0.7319803224257421
18.5,72.0,264.45193,1.5250717,3.4650128,7.32028,5.4121604,0.7152273737921,0.7111398200920431
18.5,72.5,266.7221,1.3778905,3.1665328,7.0968394,5.1906185,0.637779376528586,0.6442623876803931
18.5,73.0,,,,,,,
18.5,73.5,,,,,,,
18.5,74.0,,,,,,,
18.5,74.5,,,,,,,
18.5,75.0,,,,,,,
18.5,75.5,,,,,,,
18.5,76.0,,,,,,,
18.5,76.5,,,,,,,
18.5,77.0,,,,,,,
18.5,77.5,,,,,,,
18.5,78.0,,,,,,,
18.5,78.5,,,,,,,
18.5,79.0,,,,,,,
18.5,79.5,,,,,,,
18.5,80.0,,,,,,,
18.5,80.5,,,,,,,
18.5,81.0,,,,,,,
18.5,81.5,,,,,,,
18.5,82.0,,,,,,,
18.5,82.5,,,,,,,
18.5,83.0,,,,,,,
18.5,83.5,,,,,,,
18.5,84.0,169.96025,0.8304722,1.3561802,7.008608,5.78647,0.34972336237242746,0.23863481635153694
18.5,84.5,174.86375,1.1112986,1.8882792,7.5122347,6.1029525,0.4974965205842094,0.3578569131174816
18.5,85.0,180.2042,1.2500173,2.2325644,7.6038566,6.0692825,0.5704914552874919,0.4349974615787377
18.5,85.5,183.34056,1.3146813,2.4374845,7.753943,6.252584,0.604518187714129,0.48091184603066256
18.5,86.0,185.35207,1.3483475,2.5534234,7.9127045,6.424784,0.6222336472476154,0.5068891148453709
18.5,86.5,187.08827,1.371234,2.645516,8.084679,6.5707726,0.6342767196769863,0.527523362313295
18.5,87.0,188.84065,1.3917505,2.728771,8.24788,6.685142,0.6450726159266318,0.5461774882816913
18.5,87.5,190.65869,1.4076515,2.7857633,8.4088335,6.818826,0.6534398997140377,0.5589471805581525
18.5,88.0,192.38632,1.4198499,2.8537753,8.559363,6.962375,0.6598587608418295,0.5741859481767823
18.5,88.5,193.80522,1.4302199,2.9109147,8.685237,7.120794,0.6653155486838126,0.5869886006325189
18.5,89.0,195.24341,1.4394764,2.959353,8.78548,7.223212,0.6701863857816647,0.597841687865139
18.5,89.5,197.14632,1.4466895,3.0058634,8.858134,7.2533374,0.673981986640875,0.6082628204630388
18.5,90.0,199.57715,1.4489566,3.0308511,8.903865,7.294342,0.6751749650427469,0.6138615636545433
18.5,90.5,203.64136,1.4463598,3.015886,8.931133,7.3070135,0.6738084784770525,0.6105084930989992
18.5,91.0,209.71782,1.4403646,3.0022783,8.934568,7.1963778,0.6706537788867413,0.6074595429658474
18.5,91.5,215.45436,1.4298095,2.9670198,8.912061,7.084845,0.6650995730482229,0.599559516852117
18.5,92.0,219.87831,1.4109865,2.88349,8.865583,7.0016437,0.655194803687682,0.5808438509703892
18.5,92.5,223.36473,1.3808473,2.7847137,8.7873535,6.887134,0.6393353044011293,0.5587120254379399
18.5,93.0,226.08255,1.3290182,2.6720672,8.668692,6.8614473,0.612062405479295,0.5334724342822538
18.5,93.5,226.76375,1.238413,2.5223534,8.667853,7.0509787,0.5643851723160009,0.49992757240994473
18.5,94.0,229.76775,0.8772279,1.8430982,7.686221,6.1327186,0.3743266129970662,0.3477336507945263
18.5,94.5,232.0339,0.8552868,1.8522952,8.271789,6.843211,0.3627810121849025,0.34979432975004676
18.5,95.0,,,,,,,
18.5,95.5,,,,,,,
18.5,96.0,,,,,,,
18.5,96.5,,,,,,,
18.5,97.0,,,,,,,
18.5,97.5,,,,,,,
18.5,98.0,,,,,,,
18.5,98.5,,,,,,,
18.5,99.0,,,,,,,
18.5,99.5,,,,,,,
18.5,100.0,,,,,,,
18.0,50.0,,,,,,,
18.0,50.5,,,,,,,
18.0,51.0,,,,,,,
18.0,51.5,,,,,,,
18.0,52.0,,,,,,,
18.0,52.5,,,,,,,
18.0,53.0,,,,,,,
18.0,53.5,,,,,,,
18.0,54.0,,,,,,,
18.0,54.5,,,,,,,
18.0,55.0,,,,,,,
18.0,55.5,,,,,,,
18.0,56.0,,,,,,,
18.0,56.5,165.3847,1.2615998,2.800312,6.536211,4.98786,0.5765862588685349,0.5622069796825535
18.0,57.0,169.43587,1.56992,3.62893,7.0537233,5.3309727,0.7388268677705324,0.7478671288365797
18.0,57.5,172.11139,1.6583805,3.8823555,7.2076087,5.448434,0.7853755451220651,0.804649611559012
18.0,58.0,173.82042,1.6876829,3.9560893,7.308122,5.50622,0.8007946874635584,0.8211704072853161
18.0,58.5,175.57643,1.70326,4.0036297,7.38316,5.5462065,0.8089914740748003,0.8318223145582087
18.0,59.0,177.08731,1.7128127,4.0610933,7.453778,5.590051,0.8140181925128906,0.8446976183005172
18.0,59.5,178.35274,1.7194749,4.0807533,7.5158954,5.6228733,0.8175239230810584,0.8491026367495702
18.0,60.0,179.68411,1.7252744,4.098325,7.5691853,5.6513066,0.8205756845307938,0.8530396954409989
18.0,60.5,181.2441,1.732358,4.0923667,7.608913,5.655515,0.8243030990653204,0.8517047280502418
18.0,61.0,182.99309,1.7438893,4.1105037,7.63051,5.6585097,0.8303709919441652,0.8557684991326618
18.0,61.5,184.9666,1.7539166,4.146494,7.640538,5.662968,0.8356474341711846,0.8638324714217517
18.0,62.0,187.26157,1.7621888,4.1789784,7.6392283,5.6711206,0.8400003186628605,0.8711109550948474
18.0,62.5,189.89154,1.7679276,4.1863184,7.62796,5.6611195,0.8430201510976336,0.8727555451745533
18.0,63.0,192.83768,1.7700514,4.203758,7.6170278,5.6483936,0.8441376666213136,0.8766630091507167
18.0,63.5,196.1368,1.7700754,4.192857,7.607496,5.644148,0.8441503378610433,0.8742205370002486
18.0,64.0,199.67429,1.7703416,4.1677656,7.5999327,5.651603,0.8442904115160743,0.8685986095011176
18.0,64.5,203.59782,1.7725291,4.1619234,7.596269,5.6439905,0.845441487006365,0.8672896042612971
18.0,65.0,208.07942,1.776045,4.152547,7.600431,5.653419,0.8472915507358006,0.8651886999978439
18.0,65.5,213.17357,1.7801354,4.139307,7.6154003,5.6847897,0.84944396780928,0.8622221770229128
18.0,66.0,219.71193,1.7832073,4.133205,7.6374097,5.7206726,0.8510604290795417,0.8608549439137075
18.0,66.5,227.21155,1.784415,4.136542,7.6629725,5.745199,0.8516959356622193,0.8616026111246334
18.0,67.0,235.08823,1.7844968,4.128374,7.6841993,5.753985,0.8517389676941725,0.8597725465839148
18.0,67.5,241.93713,1.7843666,4.111949,7.700462,5.772356,0.851670467724941,0.856092331558543
18.0,68.0,247.2066,1.7844603,4.081021,7.713818,5.773113,0.8517197726478494,0.8491625740609919
18.0,68.5,251.40665,1.7838016,4.060264,7.726736,5.764705,0.8513731326936615,0.8445118233191226
18.0,69.0,254.62369,1.7807295,4.0508885,7.742228,5.7605114,0.8497566086944903,0.8424111327359238
18.0,69.5,256.61243,1.7743106,4.0297384,7.760647,5.7609677,0.8463789078307196,0.8376722388890224
18.0,70.0,258.13837,1.7640841,4.0019584,7.7757854,5.7624273,0.8409976455958378,0.8314478399119819
18.0,70.5,259.51193,1.7371278,3.9243047,7.7579823,5.736369,0.8268130081943402,0.8140487649191136
18.0,71.0,264.39362,1.6759912,3.7900558,7.535742,5.5870004,0.7946424242013653,0.7839689420557712
18.0,71.5,265.65607,1.6340861,3.6848183,7.434159,5.5481973,0.7725916442708778,0.760389432798251
18.0,72.0,266.5301,1.558857,3.5018582,7.3506894,5.458493,0.7330054367773199,0.7193954101494662
18.0,72.5,268.25677,1.4364656,3.2426813,7.151138,5.2596936,0.6686021044420034,0.6613242218114026
18.0,73.0,267.66376,1.0850838,2.564274,6.8709884,5.1946325,0.4837021197290387,0.5093203153624077
18.0,73.5,,,,,,,
18.0,74.0,,,,,,,
18.0,74.5,,,,,,,
18.0,75.0,,,,,,,
18.0,75.5,,,,,,,
18.0,76.0,,,,,,,
18.0,76.5,,,,,,,
18.0,77.0,,,,,,,
18.0,77.5,,,,,,,
18.0,78.0,,,,,,,
18.0,78.5,,,,,,,
18.0,79.0,,,,,,,
18.0,79.5,,,,,,,
18.0,80.0,,,,,,,
18.0,80.5,,,,,,,
18.0,81.0,,,,,,,
18.0,81.5,,,,,,,
18.0,82.0,,,,,,,
18.0,82.5,,,,,,,
18.0,83.0,,,,,,,
18.0,83.5,167.9424,0.8642653,1.3661448,7.25948,5.946486,0.36750559683013256,0.2408674812019971
18.0,84.0,174.35599,1.1168709,1.9303892,7.3829937,5.942747,0.5004287207323375,0.3672920716004872
18.0,84.5,178.5777,1.2374256,2.2780426,7.5640554,6.10076,0.5638655887581765,0.4451872853010081
18.0,85.0,181.29591,1.2987044,2.4688008,7.73772,6.2814317,0.5961110083402477,0.48792857139184515
18.0,85.5,183.27765,1.3372271,2.5886965,7.8834305,6.4236975,0.6163819809199985,0.5147923995829843
18.0,86.0,184.89569,1.366544,2.675789,8.0373535,6.5752873,0.6318087761884572,0.5343063748959836
18.0,86.5,186.49623,1.3915604,2.7690685,8.194259,6.67356,0.6449726260448049,0.555206547440786
18.0,87.0,188.14307,1.4135573,2.8535366,8.346308,6.791099,0.6565475526221844,0.5741324746930628
18.0,87.5,189.85004,1.4300615,2.8931139,8.493628,6.9352984,0.6652321819630171,0.5830001518398534
18.0,88.0,191.31308,1.4427409,2.9388685,8.628848,7.0676556,0.6719042169697633,0.5932519428359645
18.0,88.5,192.70879,1.452565,2.9922385,8.741776,7.1535907,0.6770737064059954,0.6052100240853038
18.0,89.0,194.19473,1.4603782,3.0047345,8.824446,7.2224984,0.6811850845958938,0.6080098764616289
18.0,89.5,196.12605,1.4657273,3.0203624,8.88684,7.2464023,0.6839998562253393,0.6115114547941358
18.0,90.0,198.61829,1.4681265,3.032384,8.927703,7.2709184,0.6852623382589955,0.6142050012437861
18.0,90.5,202.62514,1.4648558,3.0529065,8.956584,7.312751,0.6835412451676001,0.6188032934831456
18.0,91.0,209.02208,1.4575438,3.0196943,8.969699,7.294671,0.6796936420423705,0.6113617717757724
18.0,91.5,214.44524,1.444927,2.9523764,8.9608965,7.216345,0.6730545397131394,0.5962785099624446
18.0,92.0,219.02602,1.4222523,2.8928308,8.9131775,7.098005,0.6611229365560436,0.582936742224294
18.0,92.5,223.05978,1.3878667,2.8097463,8.821993,6.929915,0.6430289707823167,0.5643208116014116
18.0,93.0,226.48456,1.3395438,2.7214644,8.685375,6.8327312,0.6176010545482443,0.5445403770108973
18.0,93.5,229.72437,1.2699336,2.5988533,8.507346,6.8117685,0.5809715742064495,0.5170681477147828
18.0,94.0,233.48145,1.1283276,2.3335874,8.228771,6.5877914,0.5064573453138023,0.45763266437101513
18.0,94.5,,,,,,,
18.0,95.0,,,,,,,
18.0,95.5,,,,,,,
18.0,96.0,,,,,,,
18.0,96.5,,,,,,,
18.0,97.0,,,,,,,
18.0,97.5,,,,,,,
18.0,98.0,,,,,,,
18.0,98.5,,,,,,,
18.0,99.0,,,,,,,
18.0,99.5,,,,,,,
18.0,100.0,,,,,,,
17.5,50.0,,,,,,,
17.5,50.5,,,,,,,
17.5,51.0,,,,,,,
17.5,51.5,,,,,,,
17.5,52.0,,,,,,,
17.5,52.5,,,,,,,
17.5,53.0,,,,,,,
17.5,53.5,,,,,,,
17.5,54.0,,,,,,,
17.5,54.5,,,,,,,
17.5,55.0,,,,,,,
17.5,55.5,163.3027,1.2077559,2.5035787,6.847231,5.114334,0.5482531786463515,0.4957209026572455
17.5,56.0,171.04079,1.4404234,3.175183,6.607445,5.098775,0.6706847042391507,0.646200574429951
17.5,56.5,171.09525,1.6224657,3.6954663,6.963273,5.3416777,0.7664768928965972,0.7627752262611804
17.5,57.0,172.5881,1.697489,3.9399676,7.142212,5.439821,0.8059547675633576,0.817558196000978
17.5,57.5,173.52084,1.7194135,4.0273623,7.2521358,5.5326614,0.8174916176926388,0.8371398545346292
17.5,58.0,174.57292,1.7367444,4.10769,7.3317657,5.561273,0.826611272021219,0.8551380355413967
17.5,58.5,175.56989,1.7478855,4.1529264,7.3975363,5.588957,0.8324737904501884,0.8652737447391838
17.5,59.0,176.58987,1.7570001,4.1909614,7.4603224,5.6122646,0.8372699801456729,0.8737958474941854
17.5,59.5,177.65878,1.7629268,4.2046814,7.5186152,5.634364,0.8403886733419008,0.8768699584773191
17.5,60.0,178.86652,1.767985,4.206784,7.566618,5.661128,0.8430503237031284,0.8773410165986354
17.5,60.5,180.31377,1.7734885,4.202157,7.5998535,5.6545076,0.8459463292704446,0.876304346843332
17.5,61.0,182.00267,1.7808243,4.2113695,7.618878,5.6596804,0.8498064781775847,0.8783684981029901
17.5,61.5,184.03598,1.7875946,4.218193,7.626178,5.6460133,0.8533690411378071,0.8798973803248177
17.5,62.0,186.41238,1.7923826,4.2282696,7.6220856,5.6276374,0.8558885477899884,0.8821551258951642
17.5,62.5,189.15883,1.7974259,4.24809,7.609371,5.6109776,0.8585423570375219,0.8865960426269939
17.5,63.0,192.0747,1.7995125,4.2636914,7.596768,5.6088963,0.859640363870331,0.8900917447524987
17.5,63.5,195.19751,1.7987391,4.2590666,7.589644,5.6286883,0.8592333787051536,0.8890555023577045
17.5,64.0,198.67249,1.7970101,4.239837,7.5867553,5.643386,0.8583235586010023,0.8847469605436138
17.5,64.5,202.62054,1.7970024,4.210089,7.58983,5.646334,0.8583195439507909,0.8780816323611588
17.5,65.0,207.1183,1.7998137,4.1916456,7.601707,5.6665597,0.8597988798247705,0.8739491630768773
17.5,65.5,212.42271,1.804803,4.1803327,7.620189,5.710307,0.8624242728762767,0.8714143810564121
17.5,66.0,218.77696,1.808123,4.1732397,7.645682,5.7450356,0.8641712730073174,0.8698251341626535
17.5,66.5,226.21109,1.8069696,4.1616364,7.6767325,5.770819,0.8635643708073957,0.8672252865046556
17.5,67.0,235.47182,1.8051721,4.1325064,7.6997976,5.802268,0.8626184815802517,0.8606984231271962
17.5,67.5,242.45528,1.8040501,4.102873,7.7172074,5.811902,0.8620280770835423,0.854058736575296
17.5,68.0,247.92664,1.8030543,4.091267,7.7322392,5.808003,0.8615041025020492,0.8514583547166614
17.5,68.5,252.89734,1.8007634,4.08486,7.74753,5.8032784,0.8602985783182668,0.8500227439259769
17.5,69.0,256.147,1.7963055,4.0584154,7.7632003,5.7982545,0.8579528307455463,0.8440976041455358
17.5,69.5,257.963,1.7897857,4.0396547,7.7810044,5.795852,0.854522061224294,0.8398940861765923
17.5,70.0,259.91476,1.7802407,4.005309,7.797786,5.8003817,0.849499357436415,0.8321986054865997
17.5,70.5,261.02594,1.7641643,3.9519043,7.8141527,5.7958593,0.8410398621519667,0.8202327249079667
17.5,71.0,261.58124,1.7300793,3.873391,7.797813,5.7702074,0.823104035959222,0.8026410171655559
17.5,71.5,263.2666,1.6881622,3.7653859,7.698596,5.7203813,0.8010469204088695,0.7784414078091199
17.5,72.0,266.03247,1.6176698,3.5994234,7.5094395,5.583125,0.7639532461363853,0.7412558617585443
17.5,72.5,268.7398,1.5105844,3.38662,7.233571,5.375872,0.7076039921430787,0.6935751429018421
17.5,73.0,267.11414,1.2890403,2.9564366,7.0468802,5.2876244,0.5910257011006351,0.597188253646502
17.5,73.5,,,,,,,
17.5,74.0,,,,,,,
17.5,74.5,,,,,,,
17.5,75.0,,,,,,,
17.5,75.5,,,,,,,
17.5,76.0,,,,,,,
17.5,76.5,,,,,,,
17.5,77.0,,,,,,,
17.5,77.5,,,,,,,
17.5,78.0,,,,,,,
17.5,78.5,,,,,,,
17.5,79.0,,,,,,,
17.5,79.5,,,,,,,
17.5,80.0,,,,,,,
17.5,80.5,,,,,,,
17.5,81.0,,,,,,,
17.5,81.5,,,,,,,
17.5,82.0,,,,,,,
17.5,82.5,,,,,,,
17.5,83.0,,,,,,,
17.5,83.5,172.01642,1.083515,1.8534632,7.1373515,5.808481,0.48287660727932613,0.3500560346418963
17.5,84.0,176.84006,1.2238693,2.2413926,7.4494576,6.007641,0.5567321826216707,0.43697549969578275
17.5,84.5,179.23271,1.2822855,2.4405298,7.6619987,6.231106,0.587471230169745,0.4815941805037374
17.5,85.0,180.92786,1.3206396,2.5557306,7.836098,6.394395,0.6076535040713885,0.5074060608013676
17.5,85.5,182.44768,1.3531849,2.6516528,7.993445,6.5340447,0.6247791236683515,0.5288983947517939
17.5,86.0,183.904,1.3822181,2.7709062,8.148712,6.6693025,0.640056624132075,0.5556183092914445
17.5,86.5,185.42233,1.4089183,2.8659039,8.293314,6.792232,0.6541064571069439,0.5769034802350138
17.5,87.0,187.04863,1.4312404,2.9469197,8.434874,6.8980284,0.6658525708784927,0.5950558849655554
17.5,87.5,188.64876,1.4487479,2.977614,8.569205,7.0111523,0.6750651267221203,0.6019332373806602
17.5,88.0,190.11569,1.4617978,2.9986959,8.687831,7.08813,0.681932123179756,0.606656853089356
17.5,88.5,191.53879,1.471422,3.0033925,8.785977,7.1483793,0.6869964162346683,0.6077091749233107
17.5,89.0,193.0969,1.4786247,3.0150146,8.861006,7.1934404,0.6907865596787477,0.6103132427663375
17.5,89.5,195.1177,1.4829774,3.0202553,8.9178095,7.223432,0.6930769803532428,0.6114874691855544
17.5,90.0,197.7368,1.4839947,3.0337498,8.96093,7.2607393,0.6936123088673649,0.6145110447884699
17.5,90.5,201.69818,1.4815209,3.0265138,8.98952,7.315871,0.6923105585363288,0.6128897458565178
17.5,91.0,207.65477,1.4731908,2.9918938,9.006799,7.318437,0.6879271877946103,0.6051327786732575
17.5,91.5,213.28337,1.4581529,2.9619558,9.001594,7.293121,0.6800141240412748,0.5984248747000689
17.5,92.0,217.9037,1.433894,2.915426,8.953614,7.165297,0.6672489164051342,0.587999415077013
17.5,92.5,222.28357,1.3948755,2.840187,8.831485,7.018992,0.6467170542905539,0.5711413784888502
17.5,93.0,226.78572,1.341674,2.765113,8.638103,6.8332253,0.6187219574330401,0.5543203085847371
17.5,93.5,231.45142,1.2726448,2.6414764,8.39387,6.661434,0.5823982177964049,0.5266182661747756
17.5,94.0,238.67682,1.1716566,2.4657023,7.9813633,6.2351985,0.529257422068896,0.487234324244575
17.5,94.5,250.2915,0.9304627,1.9612824,7.2851286,5.3810406,0.40233921122034516,0.37421400305871266
17.5,95.0,,,,,,,
17.5,95.5,,,,,,,
17.5,96.0,,,,,,,
17.5,96.5,,,,,,,
17.5,97.0,,,,,,,
17.5,97.5,,,,,,,
17.5,98.0,,,,,,,
17.5,98.5,,,,,,,
17.5,99.0,,,,,,,
17.5,99.5,,,,,,,
17.5,100.0,,,,,,,
17.0,50.0,,,,,,,
17.0,50.5,,,,,,,
17.0,51.0,,,,,,,
17.0,51.5,,,,,,,
17.0,52.0,,,,,,,
17.0,52.5,,,,,,,
17.0,53.0,,,,,,,
17.0,53.5,,,,,,,
17.0,54.0,154.59361,1.0100877,2.164338,7.6112337,5.5717134,0.4442385472536562,0.41971066932288137
17.0,54.5,157.54707,1.1313065,2.469065,7.7318225,5.680184,0.5080248780346129,0.4879877608223757
17.0,55.0,158.49324,1.2668202,2.71356,7.5084844,5.627003,0.5793332832756635,0.5427693416405183
17.0,55.5,167.16083,1.4945344,3.1477492,6.98578,5.2511377,0.6991583599476414,0.6400537413853387
17.0,56.0,173.34299,1.6682284,3.6499393,6.9714503,5.275878,0.7905575803402077,0.7525744514258607
17.0,56.5,173.54175,1.7102044,3.8145595,7.103274,5.405735,0.8126456839718791,0.7894592425180543
17.0,57.0,173.53395,1.7335991,3.9406393,7.21299,5.4847035,0.8249561697426728,0.8177086803202963
17.0,57.5,173.78113,1.7505096,4.0544324,7.2953634,5.53794,0.8338546419361704,0.8432051685621029
17.0,58.0,174.3078,1.7678609,4.1561794,7.3597145,5.582138,0.8429850229082841,0.8660026080877028
17.0,58.5,174.93831,1.7831738,4.2404623,7.4156127,5.6027794,0.8510428022559574,0.8848870279505192
17.0,59.0,175.78017,1.7965893,4.3012686,7.4698486,5.6502123,0.8581021255502815,0.8985112809852812
17.0,59.5,176.72612,1.8050786,4.327926,7.5210752,5.6598644,0.8625693021151624,0.9044841783026305
17.0,60.0,177.86101,1.8103511,4.3261642,7.5637507,5.664964,0.8653437390557656,0.9040894040322145
17.0,60.5,179.33995,1.8160322,4.3281784,7.592957,5.6606984,0.8683331479694056,0.9045406967299783
17.0,61.0,181.13776,1.8192928,4.311807,7.6085896,5.6579247,0.8700489091034891,0.9008725546389926
17.0,61.5,183.23386,1.8204478,4.308113,7.6158457,5.6321883,0.8706566895081445,0.9000448641727105
17.0,62.0,185.64531,1.8216465,4.2858906,7.610699,5.6032553,0.8712874286936961,0.8950656868794855
17.0,62.5,188.3863,1.8240882,4.273626,7.5971317,5.5908794,0.8725723049480627,0.8923176519649064
17.0,63.0,191.36232,1.8258431,4.296674,7.583891,5.6025043,0.8734957372255869,0.8974817695185077
17.0,63.5,194.67996,1.8258208,4.3056364,7.5760927,5.620578,0.8734840069195006,0.8994899365514546
17.0,64.0,198.35866,1.8238673,4.2787027,7.57533,5.6368628,0.8724560682786616,0.8934551788003919
17.0,64.5,202.48636,1.8218727,4.2412105,7.5863466,5.6658587,0.8714064881640271,0.8850546601102709
17.0,65.0,207.18051,1.8221382,4.202538,7.607054,5.705354,0.8715461854456008,0.8763897121050539
17.0,65.5,212.53952,1.8249464,4.1859007,7.6332755,5.748909,0.873023890367932,0.8726619532230284
17.0,66.0,219.1129,1.8267058,4.17397,7.6631627,5.7803555,0.8739497063440193,0.8699888132376947
17.0,66.5,226.93356,1.8252658,4.1451526,7.694953,5.802056,0.8731919411166236,0.8635319301436244
17.0,67.0,235.18002,1.8227389,4.113049,7.7207446,5.8245077,0.8718622764208365,0.8563388117322506
17.0,67.5,242.31078,1.8206992,4.0908995,7.740765,5.8514147,0.870788984778391,0.8513759809785042
17.0,68.0,248.17787,1.818597,4.0881166,7.75666,5.848381,0.8696827604584304,0.8507524619955144
17.0,68.5,253.12036,1.8145642,4.0878887,7.7732964,5.841466,0.8675607041771746,0.8507013924146595
17.0,69.0,256.57828,1.8088465,4.07808,7.7897825,5.8417516,0.8645519747593923,0.848503690995862
17.0,69.5,258.87006,1.8017862,4.056984,7.8074713,5.858412,0.8608367923622283,0.8437768700833467
17.0,70.0,260.70932,1.79203,4.033061,7.825641,5.8631234,0.8557029956755317,0.838416700896129
17.0,70.5,261.81287,1.7773054,3.9835339,7.8459396,5.861311,0.8479547834965007,0.8273196442327929
17.0,71.0,262.0161,1.7567567,3.9138541,7.858717,5.868496,0.8371418877123664,0.8117072032688912
17.0,71.5,262.46954,1.7262925,3.82361,7.84118,5.846012,0.8211113894183731,0.7914871215544902
17.0,72.0,263.94446,1.6681324,3.6750934,7.7357893,5.766382,0.7905070835680179,0.7582104818217967
17.0,72.5,269.6469,1.5307676,3.3779933,7.20384,5.449263,0.7182245610905246,0.6916422447385862
17.0,73.0,265.4845,1.3860723,3.1095831,7.2609854,5.5026555,0.642084712506821,0.6315022575953264
17.0,73.5,,,,,,,
17.0,74.0,,,,,,,
17.0,74.5,,,,,,,
17.0,75.0,,,,,,,
17.0,75.5,,,,,,,
17.0,76.0,,,,,,,
17.0,76.5,,,,,,,
17.0,77.0,,,,,,,
17.0,77.5,,,,,,,
17.0,78.0,,,,,,,
17.0,78.5,,,,,,,
17.0,79.0,,,,,,,
17.0,79.5,,,,,,,
17.0,80.0,,,,,,,
17.0,80.5,,,,,,,
17.0,81.0,,,,,,,
17.0,81.5,,,,,,,
17.0,82.0,,,,,,,
17.0,82.5,162.95425,0.81671345,1.2565097,6.5768185,5.2555494,0.34248341118304654,0.21630263887034676
17.0,83.0,169.98491,1.1025442,1.8619901,7.3115225,5.8568387,0.492889897653393,0.3519665765085123
17.0,83.5,174.05672,1.1929159,2.1529334,7.3835125,5.998029,0.5404442448828736,0.41715532057790866
17.0,84.0,176.53008,1.253503,2.3355086,7.584607,6.180981,0.5723256486028108,0.45806312324395315
17.0,84.5,178.3711,1.2979449,2.4725454,7.7676067,6.351508,0.5957113624574878,0.4887675869116223
17.0,85.0,179.89426,1.333658,2.590099,7.9323893,6.4776225,0.6145038773679928,0.5151066698174711
17.0,85.5,181.3323,1.3655126,2.6826327,8.088752,6.5951056,0.6312660456630079,0.5358397444031582
17.0,86.0,182.80104,1.3947234,2.7904966,8.240371,6.7344337,0.6466370122019648,0.56000772908191
17.0,86.5,184.35237,1.4219856,2.9004803,8.379783,6.842064,0.6609826119853743,0.5846506715466251
17.0,87.0,185.92421,1.4461254,2.9574513,8.509389,6.9207554,0.673685153440872,0.5974156094374208
17.0,87.5,187.4754,1.4649746,2.9895556,8.632468,7.004789,0.683603785890424,0.6046088881089856
17.0,88.0,188.95645,1.4783614,3.0090413,8.73946,7.0635066,0.690647991517546,0.6089748564915063
17.0,88.5,190.4497,1.4880326,3.0225496,8.824115,7.1239367,0.6957370624917315,0.6120015304581137
17.0,89.0,192.05673,1.4942083,3.0237002,8.891927,7.179323,0.698986796380015,0.6122593356853163
17.0,89.5,194.03316,1.4983557,3.029075,8.945538,7.2258735,0.7011691978722605,0.6134635841803079
17.0,90.0,196.82993,1.4991933,3.01855,8.989768,7.2850623,0.7016099311907772,0.6111053554702248
17.0,90.5,200.62148,1.4961959,2.990522,9.023634,7.3333926,0.700032675488986,0.6048253996269823
17.0,91.0,206.49704,1.4874276,2.9672813,9.043048,7.379302,0.695418713275752,0.5996181186619474
17.0,91.5,212.08882,1.4710244,2.9550343,9.035547,7.3486795,0.6867872153213104,0.5968740368320788
17.0,92.0,216.83464,1.4437852,2.9346054,8.973272,7.1918917,0.6724537222174444,0.592296738677736
17.0,92.5,221.51686,1.3996496,2.8564422,8.8273325,7.0347214,0.6492292216603176,0.5747835050088355
17.0,93.0,227.03801,1.340062,2.767097,8.568319,6.7784944,0.6178737371180696,0.5547648169344166
17.0,93.5,233.39108,1.2665243,2.6433582,8.235448,6.5342097,0.5791775901221539,0.5270399107372105
17.0,94.0,242.49869,1.158521,2.4495103,7.726055,5.98136,0.5223453862542015,0.4836063540414585
17.0,94.5,252.3068,0.8970515,1.9325509,7.230527,5.464088,0.3847579601888466,0.36777643131765386
17.0,95.0,,,,,,,
17.0,95.5,,,,,,,
17.0,96.0,,,,,,,
17.0,96.5,,,,,,,
17.0,97.0,198.23318,0.45621404,0.9744668,6.5843606,5.1282043,0.1527856528696312,0.15310811919728315
17.0,97.5,,,,,,,
17.0,98.0,,,,,,,
17.0,98.5,,,,,,,
17.0,99.0,,,,,,,
17.0,99.5,,,,,,,
17.0,100.0,,,,,,,
16.5,50.0,,,,,,,
16.5,50.5,,,,,,,
16.5,51.0,,,,,,,
16.5,51.5,,,,,,,
16.5,52.0,,,,,,,
16.5,52.5,,,,,,,
16.5,53.0,149.52638,1.0409724,2.2721956,7.4890037,5.875075,0.4604902904116415,0.4438772116599145
16.5,53.5,151.04185,1.1574562,2.462224,7.398937,5.5526276,0.5217850289051679,0.48645497893590134
16.5,54.0,153.41278,1.2401174,2.6061342,7.367116,5.4057508,0.5652820702647844,0.518699489618702
16.5,54.5,155.41553,1.3190532,2.7631826,7.4051814,5.455698,0.6068187077430621,0.5538877663293165
16.5,55.0,158.46347,1.4168428,2.9664788,7.3212423,5.342745,0.6582764240983644,0.5994383067276821
16.5,55.5,163.76392,1.5511202,3.2447846,7.2272205,5.3001785,0.7289342678184447,0.6617954936129736
16.5,56.0,167.80783,1.6332854,3.5453405,7.2278237,5.4061365,0.7721702941854127,0.7291380545188743
16.5,56.5,169.7311,1.6930329,3.767161,7.263706,5.479976,0.8036098981953708,0.7788391201830369
16.5,57.0,170.83377,1.7322375,3.9258807,7.3175464,5.5215025,0.8242396801377627,0.8144018715398781
16.5,57.5,171.73405,1.7684269,4.1012316,7.3535953,5.5671773,0.84328285977084,0.8536909928570898
16.5,58.0,172.56671,1.7966346,4.250395,7.3958325,5.5944815,0.8581259625359116,0.8871125078024177
16.5,58.5,173.44379,1.8201553,4.3576074,7.433187,5.616152,0.8705027527641024,0.911134548867262
16.5,59.0,174.47261,1.8365799,4.4251723,7.477763,5.645888,0.8791455419222635,0.9262731538665372
16.5,59.5,175.55388,1.8471622,4.434244,7.522957,5.6558022,0.8847140499521597,0.9283057872886384
16.5,60.0,176.85007,1.851891,4.4187875,7.5642943,5.679805,0.8872023803362934,0.9248425645618362
16.5,60.5,178.48706,1.8554006,4.4141607,7.5902677,5.67038,0.8890491194335228,0.9238058948065327
16.5,61.0,180.36107,1.8568407,4.4262137,7.605562,5.6516657,0.8898069473898281,0.9265064927045855
16.5,61.5,182.45178,1.8530258,4.3978567,7.613407,5.6391597,0.8877994968263249,0.9201528171734981
16.5,62.0,184.9024,1.849147,4.3486032,7.6059265,5.628392,0.8857584235673015,0.909117086743239
16.5,62.5,187.73947,1.8492991,4.335093,7.5908933,5.618664,0.8858384656558906,0.9060899854161223
16.5,63.0,190.93152,1.8501042,4.3165865,7.5750327,5.6320033,0.8862621367110091,0.9019434132350358
16.5,63.5,194.49506,1.8491739,4.3111567,7.5681014,5.6601367,0.8857726003008604,0.9007268247053398
16.5,64.0,198.50471,1.8464133,4.285349,7.570846,5.6750183,0.8843199242134406,0.8949443164948596
16.5,64.5,202.92096,1.8432318,4.2488894,7.5869465,5.697123,0.8826458150753,0.8867752135204953
16.5,65.0,207.64658,1.840605,4.202121,7.616885,5.734638,0.8812635835533079,0.8762962269936563
16.5,65.5,213.18651,1.8403411,4.177356,7.6514225,5.7854958,0.8811247017475584,0.8707473781416064
16.5,66.0,219.64508,1.8399215,4.1580434,7.6885643,5.8220754,0.8809038959859332,0.8664202461453635
16.5,66.5,227.21947,1.8391079,4.10826,7.721437,5.854789,0.8804757711782365,0.8552658163336613
16.5,67.0,234.81927,1.8369465,4.079037,7.750816,5.880632,0.8793384333191377,0.8487181191313762
16.5,67.5,241.6412,1.8341161,4.0813904,7.7717876,5.884439,0.8778490608196298,0.8492453751596584
16.5,68.0,247.87564,1.829996,4.077178,7.7848115,5.892947,0.8756810242476718,0.8483015494749886
16.5,68.5,253.04037,1.8258985,4.081632,7.7960157,5.8861,0.8735249061685288,0.8492995431042053
16.5,69.0,257.0406,1.8199224,4.0726314,7.8109193,5.8792114,0.8703802432037461,0.8472828288610735
16.5,69.5,259.70728,1.8112363,4.0519376,7.8298073,5.896212,0.8658095012091939,0.8426461810160092
16.5,70.0,261.32922,1.8009759,4.0182667,7.8485975,5.9200697,0.8604104239639991,0.8351018791061624
16.5,70.5,262.35162,1.786842,3.9735873,7.87089,5.9461937,0.8529730335318013,0.8250910125971388
16.5,71.0,262.43152,1.7664323,3.901623,7.888357,5.965338,0.8422332796562054,0.8089667005832877
16.5,71.5,262.46637,1.739741,3.8223667,7.8840265,5.9565625,0.8281880886206433,0.7912085359225255
16.5,72.0,262.7593,1.699764,3.7295396,7.8533583,5.9168606,0.8071518860732599,0.7704097012384781
16.5,72.5,262.51404,1.5981133,3.5328085,7.711593,5.7963986,0.7536624430664576,0.7263301357129371
16.5,73.0,264.677,1.4646847,3.2364817,7.40437,5.6305094,0.683451229182392,0.6599351398961623
16.5,73.5,,,,,,,
16.5,74.0,,,,,,,
16.5,74.5,,,,,,,
16.5,75.0,,,,,,,
16.5,75.5,,,,,,,
16.5,76.0,,,,,,,
16.5,76.5,,,,,,,
16.5,77.0,,,,,,,
16.5,77.5,,,,,,,
16.5,78.0,,,,,,,
16.5,78.5,,,,,,,
16.5,79.0,,,,,,,
16.5,79.5,,,,,,,
16.5,80.0,,,,,,,
16.5,80.5,,,,,,,
16.5,81.0,,,,,,,
16.5,81.5,,,,,,,
16.5,82.0,,,,,,,
16.5,82.5,165.49425,1.0545205,1.6656748,7.2354636,5.8001847,0.4676194309822977,0.30798017557398705
16.5,83.0,169.98016,1.1532446,1.9699342,7.322314,5.9461265,0.5195688792595831,0.3761525370386843
16.5,83.5,173.1168,1.2187808,2.2063367,7.496724,6.10856,0.5540545363885072,0.4291208806361598
16.5,84.0,175.28128,1.2684453,2.378166,7.6819577,6.2711625,0.5801884037706849,0.46762093419311235
16.5,84.5,177.02353,1.309892,2.500044,7.850592,6.410159,0.6019980537728522,0.49492895021354905
16.5,85.0,178.5938,1.345297,2.6024122,8.0126915,6.535728,0.6206284144521637,0.5178655490049722
16.5,85.5,180.1076,1.3781046,2.699099,8.166915,6.6503177,0.6378920376501425,0.5395292010995425
16.5,86.0,181.66211,1.4078581,2.7939534,8.314173,6.760625,0.6535486089142925,0.5607822665848547
16.5,86.5,183.2469,1.4359937,2.867538,8.449196,6.8523397,0.6683537606890846,0.5772696213513103
16.5,87.0,184.8706,1.4613255,2.919531,8.571376,6.9014482,0.6816835912401085,0.5889192017330377
16.5,87.5,186.40977,1.4805886,2.9633958,8.679767,6.967728,0.6918199557347177,0.5987475318845497
16.5,88.0,187.9175,1.4948958,2.9908526,8.774684,7.031904,0.699348554001405,0.6048994932552729
16.5,88.5,189.41672,1.5047462,2.995331,8.851438,7.1060834,0.7045319065266482,0.6059029357309825
16.5,89.0,191.03087,1.5109376,2.9968624,8.91171,7.162888,0.707789857902083,0.6062460527998433
16.5,89.5,193.10272,1.5149543,3.0074356,8.963471,7.22645,0.7099035085094588,0.6086150723627849
16.5,90.0,195.98674,1.5157927,2.9872072,9.008665,7.287433,0.7103446809303425,0.6040827004819765
16.5,90.5,199.77237,1.511479,2.9617872,9.045825,7.3402195,0.7080747726092711,0.5983871067150642
16.5,91.0,205.4003,1.5020611,2.9448178,9.067966,7.390964,0.7031190005678848,0.5945849336843664
16.5,91.5,210.82655,1.485785,2.9292982,9.05884,7.374731,0.6945543716310263,0.5911076080607591
16.5,92.0,215.93837,1.4522358,2.8993542,8.974356,7.1866264,0.6769005118867206,0.584398368585979
16.5,92.5,221.25133,1.4013689,2.8176677,8.792351,7.034027,0.6501338979938855,0.5660956932163738
16.5,93.0,227.27327,1.332081,2.7383277,8.4875765,6.802002,0.613674036623521,0.5483187781132683
16.5,93.5,235.06834,1.2500929,2.6183214,8.033802,6.3571067,0.5705312254161483,0.5214301630125929
16.5,94.0,246.26324,1.1030439,2.3522325,7.4464955,5.7478027,0.4931528572422377,0.4618102736090856
16.5,94.5,,,,,,,
16.5,95.0,,,,,,,
16.5,95.5,,,,,,,
16.5,96.0,,,,,,,
16.5,96.5,,,,,,,
16.5,97.0,205.66867,0.6800431,1.4344388,7.3176475,5.7695765,0.2705663473326068,0.2561694447559316
16.5,97.5,,,,,,,
16.5,98.0,,,,,,,
16.5,98.5,,,,,,,
16.5,99.0,,,,,,,
16.5,99.5,,,,,,,
16.5,100.0,,,,,,,
16.0,50.0,,,,,,,
16.0,50.5,,,,,,,
16.0,51.0,,,,,,,
16.0,51.5,,,,,,,
16.0,52.0,,,,,,,
16.0,52.5,144.3663,1.0536361,2.1863925,7.0879445,5.5522704,0.4671540452023268,0.4246521854712291
16.0,53.0,147.88145,1.2033753,2.5877702,7.1910014,5.597739,0.5459480794070211,0.5145848626356817
16.0,53.5,150.1528,1.2821156,2.7276819,7.1825237,5.457256,0.5873818414736326,0.5459334654309119
16.0,54.0,152.41559,1.3517634,2.8720465,7.210692,5.449722,0.6240310814219364,0.5782797947550405
16.0,54.5,154.54329,1.4253963,3.0360155,7.2819657,5.483291,0.6627773488165846,0.6150186956533904
16.0,55.0,156.73683,1.5094863,3.224792,7.3360643,5.4643984,0.7070261961571893,0.6573159541751209
16.0,55.5,160.22089,1.6012921,3.4302037,7.3590755,5.486773,0.7553351721685879,0.7033404907983039
16.0,56.0,163.61063,1.6611391,3.6349344,7.3761916,5.5299306,0.7868271548180225,0.7492124597196861
16.0,56.5,166.04063,1.7096698,3.8199499,7.392043,5.547849,0.8123644075414451,0.7906670167372472
16.0,57.0,167.78772,1.7561815,4.0125628,7.403271,5.562842,0.8368392207237749,0.8338238575032623
16.0,57.5,169.3011,1.8015621,4.2102036,7.4081964,5.5802937,0.8607188620122694,0.8781072739917135
16.0,58.0,170.61148,1.8363428,4.3504705,7.425399,5.605635,0.8790207741211633,0.9095354726817908
16.0,58.5,171.78392,1.861246,4.443017,7.4499264,5.614262,0.8921250315134359,0.9302714319509153
16.0,59.0,173.05493,1.8778576,4.5374393,7.4857697,5.6364555,0.9008661796017755,0.9514277002808834
16.0,59.5,174.35287,1.8888811,4.5388,7.524388,5.6597724,0.9066668473259262,0.9517325151641031
16.0,60.0,175.88048,1.8932282,4.5152464,7.5617146,5.671562,0.9089543197416723,0.9464551470755517
16.0,60.5,177.66019,1.8943824,4.501619,7.5888977,5.6798344,0.9095616610439609,0.9434017630771164
16.0,61.0,179.60594,1.893414,4.502691,7.604433,5.678715,0.9090521141116649,0.9436419396833127
16.0,61.5,181.80121,1.8884803,4.4813004,7.6079807,5.674282,0.9064559527320103,0.9388491984122462
16.0,62.0,184.33078,1.8780061,4.4193544,7.603411,5.667554,0.9009443398230781,0.9249695974732096
16.0,62.5,187.2668,1.8725722,4.365486,7.5879626,5.66944,0.8980849679389407,0.9128998682908298
16.0,63.0,190.62836,1.8695782,4.3233643,7.572452,5.6752877,0.8965095313755265,0.9034620388046414
16.0,63.5,194.41406,1.865856,4.3061953,7.566249,5.6964707,0.8945508839036552,0.8996151531806637
16.0,64.0,198.66263,1.8614823,4.276369,7.572759,5.7091937,0.8922493602121693,0.8929323032173295
16.0,64.5,203.3045,1.857715,4.2243137,7.5935855,5.732682,0.8902670012124871,0.881268780198988
16.0,65.0,208.14703,1.8537254,4.180399,7.6282835,5.782115,0.8881676527964892,0.8714292318341084
16.0,65.5,213.69043,1.8506222,4.1642814,7.6704364,5.835956,0.8865346938230153,0.8678179286908525
16.0,66.0,219.89842,1.8487391,4.1224065,7.713488,5.8667827,0.8855438279677219,0.8584354423906114
16.0,66.5,226.99013,1.8485407,4.095219,7.747959,5.895365,0.8854393843333168,0.8523438456918191
16.0,67.0,234.14941,1.8469695,4.0601635,7.776896,5.916192,0.8846126173054132,0.8444892800522598
16.0,67.5,240.98193,1.8429676,4.0358176,7.796498,5.9201612,0.8825068078117315,0.8390343436721167
16.0,68.0,247.52454,1.8381912,4.025821,7.8055882,5.913601,0.8799933858637767,0.8367945472431585
16.0,68.5,252.98932,1.832686,4.0253177,7.8161592,5.9175825,0.8770965020917268,0.8366817240687175
16.0,69.0,257.14053,1.8262376,4.017566,7.829361,5.917675,0.8737033071872965,0.8349449309591418
16.0,69.5,259.85703,1.8163276,3.9913821,7.849382,5.9465938,0.868488590207277,0.829078125888213
16.0,70.0,261.52917,1.8047593,3.953622,7.871104,5.9851604,0.8624012513664708,0.8206176164666064
16.0,70.5,262.33505,1.7911512,3.905961,7.89361,6.019877,0.8552405581543098,0.809938678641504
16.0,71.0,262.24582,1.7730411,3.8600447,7.912764,6.057473,0.8457109076728936,0.7996506688422343
16.0,71.5,262.266,1.7471634,3.8063636,7.9108243,6.0591373,0.8320938414450282,0.7876228744098244
16.0,72.0,262.2111,1.706998,3.717455,7.878687,6.006886,0.8109584644916421,0.7677019984719592
16.0,72.5,261.6018,1.6444099,3.607643,7.804209,5.9360886,0.7780240932959545,0.7430975184530763
16.0,73.0,264.17807,1.5175089,3.3333237,7.5046635,5.754321,0.7112477263122621,0.6816335684521724
16.0,73.5,261.15973,1.2087016,2.7574792,7.282763,5.698469,0.5487508070858326,0.5526098515665437
16.0,74.0,,,,,,,
16.0,74.5,,,,,,,
16.0,75.0,,,,,,,
16.0,75.5,,,,,,,
16.0,76.0,,,,,,,
16.0,76.5,,,,,,,
16.0,77.0,,,,,,,
16.0,77.5,,,,,,,
16.0,78.0,,,,,,,
16.0,78.5,,,,,,,
16.0,79.0,,,,,,,
16.0,79.5,,,,,,,
16.0,80.0,,,,,,,
16.0,80.5,,,,,,,
16.0,81.0,,,,,,,
16.0,81.5,160.72,0.9369711,1.408665,6.570642,5.344829,0.4057639901307352,0.25039454890452245
16.0,82.0,164.5073,1.069113,1.7364597,6.9894657,5.6119,0.47529813952954447,0.323840245242965
16.0,82.5,167.29805,1.1368687,1.9388243,7.145996,5.771335,0.510951746225429,0.36918204674259575
16.0,83.0,169.80605,1.1906538,2.110903,7.3478084,5.9719744,0.5392539010952029,0.4077380043961641
16.0,83.5,172.05516,1.2398974,2.2716162,7.554344,6.1306686,0.5651662726977502,0.443747400905231
16.0,84.0,173.97427,1.2846249,2.4208891,7.7460546,6.2891083,0.5887022850197153,0.47719348907984055
16.0,84.5,175.7015,1.3252388,2.5318437,7.9184914,6.4407916,0.6100736481308384,0.5020539580437618
16.0,85.0,177.30063,1.3608104,2.6152833,8.077183,6.546964,0.6287917038257045,0.5207494311414278
16.0,85.5,178.90697,1.3937961,2.6898918,8.227202,6.6513333,0.6461490440145549,0.5374662250812848
16.0,86.0,180.55928,1.4242995,2.787211,8.371596,6.749677,0.6622001801197909,0.5592715471846702
16.0,86.5,182.23459,1.4526626,2.8509495,8.500873,6.824773,0.677125081382919,0.5735528135823343
16.0,87.0,183.88031,1.4771882,2.911693,8.614847,6.8768244,0.6900306763186386,0.5871630171403549
16.0,87.5,185.42969,1.4975641,2.9500241,8.711656,6.9348187,0.7007526151839215,0.595751467614417
16.0,88.0,186.91034,1.5124831,2.9696436,8.795038,7.0162477,0.7086031382144329,0.6001474046526485
16.0,88.5,188.38303,1.5220276,2.9805803,8.864367,7.091214,0.713625528357764,0.6025978898126649
16.0,89.0,190.00905,1.5291026,2.9649677,8.919271,7.153916,0.717348426410803,0.5990997303642319
16.0,89.5,192.19113,1.533395,2.9694884,8.965158,7.2152753,0.719607168985974,0.6001126281912086
16.0,90.0,195.11766,1.5333706,2.9783654,9.008865,7.268241,0.7195943095595158,0.6021016174213031
16.0,90.5,198.71349,1.5296861,2.9699078,9.04541,7.2916045,0.717655484423063,0.6002065940831791
16.0,91.0,204.2408,1.5192155,2.9427805,9.073703,7.334956,0.7121457533814175,0.594128459240428
16.0,91.5,209.73662,1.4984984,2.9151206,9.063526,7.34542,0.7012442843769949,0.58793098397547
16.0,92.0,215.06566,1.4599514,2.8826401,8.974395,7.222163,0.6809605150996954,0.5806534084434564
16.0,92.5,220.83539,1.3989856,2.8309786,8.751457,6.9983106,0.6488798216341094,0.5690781353702742
16.0,93.0,227.78271,1.31598,2.7275062,8.358185,6.6940475,0.6052015564547953,0.5458940948439976
16.0,93.5,235.93985,1.2220796,2.5784607,7.816474,6.178479,0.5557904335025571,0.5124989694101157
16.0,94.0,244.48466,1.0602214,2.2938447,7.1430597,5.68829,0.470619315623833,0.44872791370004744
16.0,94.5,,,,,,,
16.0,95.0,203.77078,0.33846098,0.7388574,6.4205036,5.123232,0.09082302399387063,0.1003174774415585
16.0,95.5,,,,,,,
16.0,96.0,199.02855,0.7044386,1.5100142,7.2224936,5.6130495,0.2834034736635496,0.27310285705391274
16.0,96.5,205.81012,0.8054948,1.7248757,7.560079,5.9117584,0.33658005623395826,0.32124472461012316
16.0,97.0,211.8833,0.80145377,1.7257602,7.494419,5.9684052,0.3344536402934885,0.321442913046286
16.0,97.5,222.95215,0.56174564,1.1932936,6.6626363,5.2456474,0.2083172512091468,0.20213844254218416
16.0,98.0,,,,,,,
16.0,98.5,,,,,,,
16.0,99.0,,,,,,,
16.0,99.5,,,,,,,
16.0,100.0,,,,,,,
15.5,50.0,,,,,,,
15.5,50.5,,,,,,,
15.5,51.0,,,,,,,
15.5,51.5,,,,,,,
15.5,52.0,144.98569,1.0293522,2.1740904,6.69417,5.2903485,0.45437566449518,0.42189576360665615
15.5,52.5,146.43068,1.2254902,2.6537282,6.890193,5.39716,0.5575851076048578,0.5293634164059172
15.5,53.0,148.05736,1.3116263,2.8399222,6.9777036,5.447568,0.6029106339490239,0.5710820287981286
15.5,53.5,149.66394,1.3762844,2.9711995,7.0386286,5.4328794,0.6369342299301833,0.6004960239880659
15.5,54.0,151.57603,1.4368771,3.1088347,7.106919,5.4719005,0.6688186446377792,0.631334572015511
15.5,54.5,153.56645,1.5050799,3.273632,7.212819,5.504612,0.704707484744486,0.668259054215001
15.5,55.0,155.78012,1.5832695,3.4239173,7.325107,5.5422993,0.7458515019778739,0.7019319639798928
15.5,55.5,158.39497,1.6501138,3.576202,7.4118037,5.5638165,0.7810255461602286,0.7360528543986017
15.5,56.0,160.94064,1.7009904,3.7351477,7.4602494,5.596388,0.8077972410947374,0.7716662479757885
15.5,56.5,163.22166,1.7511781,3.9519722,7.4665556,5.5972495,0.8342064256609416,0.8202479496261086
15.5,57.0,165.35468,1.8040287,4.17774,7.4539433,5.5937834,0.8620168486087324,0.8708334912842195
15.5,57.5,167.26672,1.8505892,4.361531,7.4455466,5.591136,0.8865173179150692,0.9120136294347809
15.5,58.0,168.7817,1.8832691,4.4926925,7.446629,5.610746,0.9037137584509171,0.9414017158938451
15.5,58.5,170.17485,1.9035903,4.5630755,7.4650316,5.618704,0.914406967475625,0.9571717460455313
15.5,59.0,171.61446,1.918191,4.595236,7.4942856,5.6431665,0.9220899415887213,0.9643775784320553
15.5,59.5,173.162,1.9287833,4.594972,7.5267835,5.6517234,0.92766371884702,0.9643184958416521
15.5,60.0,174.85773,1.9314452,4.579056,7.5619335,5.678834,0.9290644553973303,0.9607522792321216
15.5,60.5,176.6973,1.930042,4.5668974,7.588998,5.697698,0.9283260734029862,0.958028069665933
15.5,61.0,178.70013,1.9241204,4.5468307,7.605339,5.69883,0.9252100775498691,0.9535319165882833
15.5,61.5,180.9701,1.9169441,4.518706,7.606234,5.7069573,0.9214338599237104,0.9472302721991965
15.5,62.0,183.61334,1.9054226,4.474914,7.600186,5.711327,0.9153711108154489,0.9374182885871634
15.5,62.5,186.66203,1.8925935,4.402622,7.5877595,5.705144,0.9086203510272142,0.9212205774058492
15.5,63.0,190.14464,1.8821338,4.3370595,7.5763855,5.7097554,0.9031163910452474,0.9065305941011549
15.5,63.5,194.13501,1.8746665,4.2989264,7.572009,5.7107496,0.8991869894219613,0.8979864822799272
15.5,64.0,198.61996,1.8687829,4.2482677,7.5819783,5.7240553,0.8960910040909913,0.8866358939944811
15.5,64.5,203.48018,1.864034,4.1859455,7.604946,5.75478,0.8935921352500528,0.8726719961949957
15.5,65.0,208.52203,1.8599026,4.160623,7.6429367,5.793734,0.8914181394316874,0.8669982512341187
15.5,65.5,214.11307,1.8564988,4.1251626,7.6898975,5.8450427,0.8896270408772312,0.8590529783264719
15.5,66.0,220.32375,1.8544573,4.078195,7.7357945,5.8881736,0.8885527455722328,0.848529439466544
15.5,66.5,227.07527,1.8539416,4.0467434,7.7733674,5.9335117,0.8882813803095082,0.841482371509205
15.5,67.0,233.94221,1.8527642,4.0178366,7.799717,5.946467,0.8876618695987665,0.8350055093113274
15.5,67.5,240.41516,1.8478174,3.9911702,7.8202825,5.9491234,0.885058808039061,0.8290306354516229
15.5,68.0,246.59734,1.840757,3.96905,7.833516,5.957741,0.8813435629129875,0.8240743753657063
15.5,68.5,252.23682,1.8333201,3.9653368,7.844835,5.9651046,0.8774302198905468,0.8232424112943316
15.5,69.0,256.0204,1.8249829,3.9433942,7.858103,5.967752,0.8730430854142551,0.8183259491558385
15.5,69.5,258.7603,1.8141615,3.9018345,7.8772626,6.0034904,0.8673488059207057,0.8090140841797503
15.5,70.0,260.3274,1.8018833,3.87426,7.900289,6.045825,0.8608879164235137,0.8028357332975811
15.5,70.5,261.31192,1.7887126,3.8478537,7.9240355,6.0871134,0.8539573755805012,0.796919140727325
15.5,71.0,261.57568,1.7718673,3.8093233,7.9434233,6.131612,0.8450932161005289,0.7882860310800468
15.5,71.5,261.48297,1.7463628,3.7687433,7.9380326,6.135278,0.8316725540884727,0.7791936691455201
15.5,72.0,261.14725,1.7075226,3.6925712,7.8974953,6.081347,0.8112345344225832,0.7621265464282087
15.5,72.5,261.0821,1.6527343,3.5731912,7.81879,5.9970355,0.7824044530500145,0.735378265834757
15.5,73.0,261.84753,1.5581768,3.3998737,7.6300216,5.8913183,0.7326475056194125,0.6965447642404652
15.5,73.5,263.79437,1.4062717,3.121802,7.323676,5.7176704,0.6527138125859661,0.6342400358576835
15.5,74.0,,,,,,,
15.5,74.5,,,,,,,
15.5,75.0,,,,,,,
15.5,75.5,,,,,,,
15.5,76.0,,,,,,,
15.5,76.5,,,,,,,
15.5,77.0,,,,,,,
15.5,77.5,,,,,,,
15.5,78.0,,,,,,,
15.5,78.5,,,,,,,
15.5,79.0,,,,,,,
15.5,79.5,,,,,,,
15.5,80.0,,,,,,,
15.5,80.5,153.2885,0.8042507,1.1352501,6.1630025,5.0271435,0.33592541733386705,0.1891332212050649
15.5,81.0,158.72115,0.95587426,1.4573001,6.512957,5.259963,0.415710976047405,0.2612917343996904
15.5,81.5,161.73347,1.0531658,1.732406,6.76699,5.43955,0.4669065796541417,0.32293197061065815
15.5,82.0,164.19641,1.1120762,1.9020162,6.96593,5.5971045,0.4979057012612212,0.36093481692513485
15.5,82.5,166.42892,1.1630182,2.049507,7.168282,5.7777486,0.5247118343670744,0.39398159012391765
15.5,83.0,168.62949,1.211139,2.2023432,7.384938,5.9897594,0.5500333623705456,0.428226094569926
15.5,83.5,170.7002,1.2571324,2.3199937,7.60102,6.134074,0.5742354929830501,0.45458686602161896
15.5,84.0,172.58997,1.300465,2.4253554,7.7998943,6.2991257,0.5970374516054304,0.47819420713230365
15.5,84.5,174.35622,1.3412703,2.52825,7.9705925,6.4464297,0.618509557345295,0.5012487574242787
15.5,85.0,176.07141,1.3778744,2.6293013,8.127113,6.553827,0.6377709081257963,0.5238903172041312
15.5,85.5,177.78955,1.4118744,2.7238328,8.275142,6.6417084,0.65566200860603,0.5450710519232536
15.5,86.0,179.54898,1.4424702,2.79118,8.414669,6.725109,0.6717617596161694,0.5601608309843474
15.5,86.5,181.30676,1.4699101,2.8463984,8.538493,6.8077526,0.6862008882037219,0.5725330779872098
15.5,87.0,182.97185,1.4941154,2.9021444,8.645547,6.8587446,0.698937867830564,0.5850235435909422
15.5,87.5,184.50026,1.5146304,2.9326894,8.73119,6.9424667,0.7097330740622043,0.5918674550461984
15.5,88.0,185.9435,1.5298927,2.9610674,8.803569,7.012241,0.7177641936233178,0.5982258315428876
15.5,88.5,187.401,1.5404139,2.9657066,8.865847,7.087244,0.7233005217226136,0.5992652791415011
15.5,89.0,189.03334,1.5483681,2.9698884,8.912855,7.1385217,0.7274861082125127,0.6002022670580229
15.5,89.5,191.26111,1.5522348,2.9644685,8.955521,7.181973,0.7295207831227618,0.5989878687509368
15.5,90.0,194.18791,1.5523591,2.9798334,8.997803,7.2126675,0.7295862093754252,0.6024305247532316
15.5,90.5,197.81062,1.5476563,2.9684906,9.038988,7.271877,0.727111553893574,0.5998890652248093
15.5,91.0,203.0507,1.5351082,2.9528403,9.076083,7.319274,0.7205086461451549,0.5963824654063187
15.5,91.5,208.47932,1.5124456,2.9288425,9.076339,7.333468,0.7085833786079238,0.591005522319113
15.5,92.0,214.18695,1.4651039,2.8804305,8.966373,7.2664595,0.683671784028379,0.5801583112934949
15.5,92.5,220.57338,1.388993,2.796326,8.683418,6.9826903,0.64362163351977,0.5613138496382931
15.5,93.0,228.2601,1.2922,2.6685793,8.200792,6.5513864,0.5926883308483276,0.5326909521710338
15.5,93.5,237.1744,1.1756096,2.4768486,7.459951,5.9248433,0.5313375127096612,0.48973176564054494
15.5,94.0,241.70413,1.0624676,2.297496,6.663512,5.2380767,0.47180125373762366,0.4495460419749352
15.5,94.5,235.91211,0.9594951,2.1124418,6.3665657,5.008104,0.4176163039461565,0.4080827774869983
15.5,95.0,222.29196,0.8583904,1.9224573,6.70928,5.314713,0.3644141593451052,0.3655148662127559
15.5,95.5,216.67757,0.8413761,1.8695639,6.7951975,5.330497,0.35546111300029676,0.3536635716706645
15.5,96.0,212.87808,0.89710885,1.9852864,7.373989,5.8178654,0.38478813279434143,0.3795923350675734
15.5,96.5,214.13124,0.90518516,1.9787997,7.6627336,6.111106,0.38903795368762245,0.37813893539569143
15.5,97.0,218.01271,0.86137813,1.8908023,7.603489,6.154286,0.3659863340052227,0.3584222309411186
15.5,97.5,226.23088,0.741674,1.6562029,7.0685253,5.718548,0.30299703674904166,0.3058579032850715
15.5,98.0,,,,,,,
15.5,98.5,,,,,,,
15.5,99.0,,,,,,,
15.5,99.5,,,,,,,
15.5,100.0,,,,,,,
15.0,50.0,,,,,,,
15.0,50.5,,,,,,,
15.0,51.0,141.76881,0.96000296,1.9849906,6.9122553,5.3636246,0.4178835291008507,0.37952606747860845
15.0,51.5,142.46236,1.097032,2.2882357,6.8775434,5.4127684,0.48998931287567954,0.44747115328248227
15.0,52.0,143.96393,1.2082452,2.551067,6.769836,5.327959,0.5485106180911555,0.5063611643562611
15.0,52.5,145.25612,1.295678,2.7726858,6.8164124,5.352751,0.5945185095134351,0.556017036646571
15.0,53.0,146.86642,1.3818567,3.0125167,6.883015,5.368229,0.6398664300783113,0.6097535607594161
15.0,53.5,148.72522,1.4487299,3.1760206,6.935134,5.393493,0.6750556546567779,0.6463882391135737
15.0,54.0,150.65048,1.5015836,3.3022885,7.0120697,5.4739914,0.7028677085562169,0.67467982534604
15.0,54.5,152.54506,1.561952,3.4178705,7.169607,5.5549912,0.7346340674560348,0.7005771243254557
15.0,55.0,154.65164,1.6315475,3.5499048,7.336399,5.592183,0.771255769413045,0.7301607282175
15.0,55.5,156.89285,1.693106,3.6930976,7.4542975,5.627819,0.8036484137458362,0.7622444979287606
15.0,56.0,159.18889,1.7558717,3.9084182,7.4925528,5.632975,0.8366761882878476,0.8104892258175401
15.0,56.5,161.47069,1.8165886,4.154529,7.4889026,5.6159096,0.8686259665191973,0.8656328344070777
15.0,57.0,163.68254,1.8713721,4.363859,7.473167,5.618468,0.8974534760064744,0.912535329776443
15.0,57.5,165.70958,1.9098469,4.534595,7.457111,5.6210546,0.9176992315645851,0.9507903989214703
15.0,58.0,167.29161,1.9334962,4.631317,7.454735,5.6224,0.9301437062861833,0.9724619571854617
15.0,58.5,168.78606,1.9459615,4.669815,7.4708457,5.6433105,0.9367030174424633,0.9810878017040827
15.0,59.0,170.34195,1.9545408,4.6589437,7.496231,5.6584883,0.9412175543340564,0.9786519536415078
15.0,59.5,171.97432,1.9593972,4.6644406,7.529308,5.66143,0.9437730046514113,0.9798836066291547
15.0,60.0,173.6861,1.9586445,4.6253047,7.5623126,5.691431,0.943376934316496,0.971114810020191
15.0,60.5,175.54135,1.9522718,4.575754,7.58946,5.7045703,0.9400235722696317,0.9600125181906167
15.0,61.0,177.57248,1.9429107,4.525451,7.605553,5.7272367,0.9350976591891924,0.948741632640145
15.0,61.5,179.89972,1.9324269,4.48871,7.6055365,5.7291875,0.9295810279674961,0.9405093871505396
15.0,62.0,182.61847,1.9186747,4.454394,7.597348,5.7227087,0.9223444955036858,0.9328205305484404
15.0,62.5,185.71393,1.9036963,4.3857613,7.5855684,5.7210803,0.9144627334762172,0.9174427105041146
15.0,63.0,189.30899,1.8898354,4.3126965,7.5769296,5.714795,0.907168992246895,0.9010718114764286
15.0,63.5,193.53622,1.8792061,4.253538,7.5765305,5.712936,0.9015757690266348,0.887816797921655
15.0,64.0,198.27087,1.8705828,4.1970015,7.589894,5.7371283,0.8970381478963264,0.8751491913868401
15.0,64.5,203.30005,1.8634886,4.14791,7.619004,5.7763014,0.89330508775994,0.8641497865998669
15.0,65.0,208.4892,1.8594481,4.10428,7.6611514,5.829965,0.8911789540995632,0.8543740217909922
15.0,65.5,214.26666,1.8573004,4.069867,7.70888,5.878919,0.8900488300650631,0.8466634766430488
15.0,66.0,220.48703,1.8549006,4.029764,7.757995,5.9276047,0.8887860343868591,0.8376780082558972
15.0,66.5,227.09344,1.8535912,3.992472,7.797894,5.9596114,0.888097020044333,0.8293223089991834
15.0,67.0,233.71452,1.8519162,3.9564893,7.828232,5.9919024,0.887215616136209,0.8212600461521304
15.0,67.5,239.60507,1.8472397,3.9297762,7.8504076,6.000607,0.884754823743369,0.8152747019599494
15.0,68.0,245.16296,1.8390777,3.9319317,7.8661427,6.0057936,0.8804599007641196,0.8157576727554611
15.0,68.5,250.75464,1.8306451,3.9215899,7.8767934,6.0105133,0.8760225831601859,0.8134404706542656
15.0,69.0,254.78662,1.820162,3.8876987,7.8876553,6.015489,0.8705063283119469,0.805846808605601
15.0,69.5,257.39243,1.806986,3.848046,7.9068933,6.0564547,0.8635729646680044,0.7969622507186952
15.0,70.0,258.87155,1.7931908,3.7963061,7.930346,6.102208,0.8563138497967552,0.7853694024445702
15.0,70.5,259.6104,1.7794341,3.7747025,7.955341,6.15635,0.8490749336343819,0.7805289036365956
15.0,71.0,259.89633,1.76257,3.7443073,7.976487,6.1984005,0.8402009257156098,0.7737185399813151
15.0,71.5,259.78058,1.7379112,3.6902099,7.9717994,6.208913,0.8272252625879201,0.7615974741177621
15.0,72.0,259.98413,1.6992747,3.621873,7.906348,6.119218,0.8068943838995464,0.7462858949523695
15.0,72.5,260.1676,1.6489774,3.5243134,7.8169804,6.0504656,0.7804275514654634,0.7244267254248192
15.0,73.0,260.68243,1.5759813,3.3753495,7.678919,5.969724,0.7420163819056453,0.6910498696527075
15.0,73.5,263.93268,1.438177,3.0974343,7.3011184,5.75313,0.669502640667541,0.6287801848316841
15.0,74.0,,,,,,,
15.0,74.5,,,,,,,
15.0,75.0,,,,,,,
15.0,75.5,,,,,,,
15.0,76.0,,,,,,,
15.0,76.5,,,,,,,
15.0,77.0,,,,,,,
15.0,77.5,,,,,,,
15.0,78.0,,,,,,,
15.0,78.5,,,,,,,
15.0,79.0,,,,,,,
15.0,79.5,,,,,,,
15.0,80.0,146.5392,0.677812,0.95901954,5.6120644,4.5498834,0.2693923130614198,0.14964700656299537
15.0,80.5,152.5272,0.8550256,1.2392056,6.0653086,4.926095,0.3626435731440727,0.212425490780308
15.0,81.0,157.72421,1.003777,1.562224,6.5312214,5.2810593,0.4409178042397592,0.2848009962735032
15.0,81.5,160.69902,1.0739266,1.7634985,6.7562227,5.435902,0.47783107016837006,0.3298985612420998
15.0,82.0,162.98373,1.1290642,1.9320375,6.961971,5.6007686,0.506844947245928,0.36766139121057123
15.0,82.5,165.15172,1.1794041,2.1101952,7.17651,5.7935715,0.5333342366296309,0.40757940022717015
15.0,83.0,167.32509,1.2274439,2.2389376,7.4043274,5.9773593,0.5586131717035159,0.4364254333003195
15.0,83.5,169.42406,1.2738628,2.3244092,7.6289463,6.138767,0.5830391817942137,0.4555762056005234
15.0,84.0,171.37811,1.3173941,2.4240098,7.83022,6.317454,0.6059457095088182,0.47789270429303066
15.0,84.5,173.24448,1.3586565,2.513823,8.004455,6.4515967,0.6276583178879076,0.49801625595240573
15.0,85.0,175.08792,1.3976598,2.6072314,8.158957,6.5616903,0.6481821507020651,0.5189453287516458
15.0,85.5,176.9063,1.4323266,2.7043192,8.304375,6.6524343,0.6664240939734266,0.5406988333932851
15.0,86.0,178.71225,1.4630963,2.7791147,8.438454,6.718351,0.6826153664626032,0.5574575086630482
15.0,86.5,180.4381,1.490472,2.848676,8.553012,6.783879,0.697020684167907,0.573043399855313
15.0,87.0,182.06125,1.5136867,2.8996472,8.65088,6.864075,0.7092364492852762,0.5844640218442119
15.0,87.5,183.5816,1.5334617,2.9405644,8.731685,6.9357786,0.719642234446414,0.5936319197487478
15.0,88.0,184.98589,1.5487796,2.9731193,8.795335,6.9936657,0.7277026484082885,0.600926162340622
15.0,88.5,186.43956,1.5600567,2.9759758,8.848249,7.0594716,0.7336367405230575,0.6015661881232816
15.0,89.0,188.13141,1.5682689,2.9667234,8.893474,7.108884,0.7379580723732285,0.5994931157129929
15.0,89.5,190.34787,1.5708158,2.9834387,8.940465,7.1603446,0.7392982755258204,0.6032383429558338
15.0,90.0,193.32327,1.5698422,2.9784527,8.987026,7.2027884,0.738785968521504,0.6021211691646011
15.0,90.5,196.84972,1.5639722,2.969386,9.035712,7.2749224,0.7356971342862231,0.6000897109839003
15.0,91.0,201.5722,1.5509168,2.9611926,9.077572,7.3259554,0.7288272522987479,0.5982538770763068
15.0,91.5,207.38815,1.5239247,2.93254,9.081869,7.378938,0.7146237962243845,0.5918339606662862
15.0,92.0,213.13081,1.4717414,2.8829184,8.9686,7.2927947,0.6871645297122694,0.5807157496577426
15.0,92.5,220.48125,1.3726658,2.773463,8.586498,6.936623,0.6350300938807133,0.5561911860540887
15.0,93.0,230.04988,1.2474474,2.6064572,7.9188733,6.307587,0.5691391454553564,0.5187718738049556
15.0,93.5,241.99953,1.0974407,2.3701248,6.9376345,5.4563236,0.4902044103065355,0.46581923570619493
15.0,94.0,241.54709,1.0217569,2.2492807,6.3347435,5.0326805,0.45037895475194384,0.4387429025018332
15.0,94.5,234.28076,0.996997,2.2107856,6.4937515,5.1133647,0.43735009750895343,0.43011769902397606
15.0,95.0,225.26045,0.9770859,2.1780922,6.866663,5.4537277,0.42687270729756144,0.42279241937511786
15.0,95.5,219.15967,0.9778057,2.1483753,7.371186,5.918786,0.4272514644534402,0.41613403580093805
15.0,96.0,217.5018,0.9714201,2.130621,7.643652,6.1650095,0.4238913276843441,0.41215600392068547
15.0,96.5,218.27162,0.9480764,2.071076,7.7919755,6.355156,0.41160768988683893,0.3988143430226623
15.0,97.0,221.87328,0.8907952,1.9362056,7.6939683,6.3012424,0.3814658215577056,0.36859530747343283
15.0,97.5,231.75018,0.7307756,1.6030055,7.009021,5.733461,0.2972622030154665,0.29393849816181894
15.0,98.0,,,,,,,
15.0,98.5,,,,,,,
15.0,99.0,,,,,,,
15.0,99.5,,,,,,,
15.0,100.0,,,,,,,
14.5,50.0,138.20302,0.9276958,1.9387054,6.44192,5.1146693,0.4008832418651739,0.3691554168408634
14.5,50.5,138.15521,1.0290912,2.1141865,6.5738044,5.146228,0.4542383509121693,0.408473705512831
14.5,51.0,138.94672,1.1040759,2.2722635,6.71554,5.2354183,0.49369590141223474,0.44389243637805637
14.5,51.5,140.09401,1.1854492,2.43804,6.765748,5.257134,0.5365152196330447,0.48103631477898046
14.5,52.0,141.48032,1.2619463,2.6204605,6.734157,5.244602,0.5767686118086043,0.5219094478237124
14.5,52.5,143.20961,1.3514023,2.908783,6.7409554,5.285371,0.6238410755549015,0.5865109718433729
14.5,53.0,145.54529,1.4516679,3.2296293,6.7939916,5.317196,0.6766016713616119,0.6583997938466324
14.5,53.5,147.8489,1.5162895,3.4211366,6.826929,5.3366575,0.7106060722964483,0.7013089257774757
14.5,54.0,149.76129,1.5441138,3.4508052,6.9120417,5.4419494,0.7252474388883986,0.7079564650787334
14.5,54.5,151.4688,1.5916294,3.494635,7.118752,5.5516677,0.7502505549469806,0.7177769959009517
14.5,55.0,153.39786,1.6626153,3.617053,7.351987,5.618605,0.7876039269050127,0.745205954945505
14.5,55.5,155.54774,1.7430007,3.8422542,7.473437,5.659847,0.82990341065236,0.7956645171123061
14.5,56.0,157.97638,1.8242358,4.1357527,7.5053887,5.675791,0.8726499633380889,0.8614257907139329
14.5,56.5,160.36829,1.8913747,4.385789,7.4947248,5.65337,0.9079790106559481,0.9174489072314987
14.5,57.0,162.48749,1.9384677,4.555958,7.4718127,5.6319366,0.932759752730166,0.9555769434651527
14.5,57.5,164.36267,1.9627507,4.665403,7.455949,5.638823,0.9455376316060363,0.9800992100060694
14.5,58.0,165.90082,1.9738029,4.6996183,7.454931,5.635543,0.9513534169973892,0.9877655233413059
14.5,58.5,167.42654,1.9798254,4.7290606,7.467237,5.6524925,0.9545224815079879,0.9943623670021542
14.5,59.0,169.0103,1.982124,4.7342525,7.4934897,5.6593065,0.9557320203419817,0.9955256423083219
14.5,59.5,170.66652,1.9799914,4.706588,7.5288115,5.6884375,0.9546098628789947,0.9893270986420907
14.5,60.0,172.4093,1.9745086,4.663155,7.561497,5.709317,0.9517247721419407,0.979595565645923
14.5,60.5,174.26135,1.965501,4.5955353,7.58854,5.7237077,0.946984850278325,0.964444674032007
14.5,61.0,176.32632,1.9524177,4.5326376,7.6024184,5.7409954,0.9401003524549241,0.9503518201988566
14.5,61.5,178.64642,1.9375685,4.465596,7.6023417,5.7480626,0.9322865885654106,0.9353305256593694
14.5,62.0,181.33519,1.9211466,4.406662,7.593916,5.7421703,0.9236452421721691,0.9221257269644322
14.5,62.5,184.43068,1.9046279,4.3163676,7.5830255,5.7426114,0.914952959904371,0.9018943736165999
14.5,63.0,188.16322,1.8910469,4.2443514,7.5742965,5.7286506,0.9078065061546783,0.8857584160288717
14.5,63.5,192.61032,1.8795139,4.1813126,7.574891,5.7405925,0.9017377350710998,0.8716339375180372
14.5,64.0,197.65749,1.8691514,4.115756,7.5956807,5.7662163,0.8962848991504184,0.8569453431349979
14.5,64.5,202.91602,1.8605837,4.098089,7.6321163,5.7967215,0.8917765096919615,0.852986916418107
14.5,65.0,208.34761,1.8575053,4.056734,7.676612,5.857157,0.890156661060584,0.8437208858566355
14.5,65.5,214.19112,1.8567839,4.001682,7.727539,5.9251857,0.8897770256999715,0.8313858726381412
14.5,66.0,220.2667,1.855077,3.9509923,7.7799325,5.973408,0.888878873172997,0.8200283931644835
14.5,66.5,226.45442,1.8528018,3.91833,7.8251762,6.007328,0.8876816292052755,0.8127100581239006
14.5,67.0,232.61172,1.8488489,3.894778,7.8598013,6.028639,0.8856016012934199,0.8074330105557311
14.5,67.5,238.22885,1.8428323,3.8698945,7.883014,6.0433598,0.8824356104993892,0.8018576119320443
14.5,68.0,243.52136,1.8334963,3.85546,7.898412,6.0600114,0.8775229332188657,0.7986234010181343
14.5,68.5,248.76184,1.8222053,3.8296075,7.9095383,6.0664005,0.8715815018216789,0.7928309032557506
14.5,69.0,253.0903,1.8097304,3.8057196,7.920527,6.0878158,0.865017109623725,0.7874785868178902
14.5,69.5,255.8663,1.7952217,3.7710166,7.938076,6.1345873,0.8573824994998938,0.7797030294524777
14.5,70.0,257.63547,1.7798249,3.733641,7.962258,6.1943984,0.8492805589998954,0.7713286331734842
14.5,70.5,258.31085,1.7649682,3.6897638,7.9887986,6.2453327,0.84146284318908,0.7614975251786622
14.5,71.0,258.3852,1.7486556,3.6497397,8.010568,6.284948,0.8328790192058985,0.7525297388325808
14.5,71.5,258.31146,1.7229857,3.6094515,7.997654,6.268867,0.8193713521962928,0.7435027630559687
14.5,72.0,258.92737,1.6843237,3.535829,7.9109917,6.181372,0.7990270495212749,0.7270069144993919
14.5,72.5,259.43872,1.6370931,3.4431388,7.8083405,6.1300545,0.7741739182854332,0.7062387429318828
14.5,73.0,259.45297,1.579766,3.331772,7.721984,6.0599194,0.7440079620550317,0.6812859106779008
14.5,73.5,260.04077,1.478874,3.1163433,7.5587583,5.966753,0.6909177258286222,0.6330169300802215
14.5,74.0,259.5114,1.3464054,2.8792555,7.475547,5.919695,0.621211667853184,0.5798950572197994
14.5,74.5,,,,,,,
14.5,75.0,,,,,,,
14.5,75.5,,,,,,,
14.5,76.0,,,,,,,
14.5,76.5,,,,,,,
14.5,77.0,,,,,,,
14.5,77.5,,,,,,,
14.5,78.0,,,,,,,
14.5,78.5,,,,,,,
14.5,79.0,,,,,,,
14.5,79.5,,,,,,,
14.5,80.0,138.55875,0.55280966,0.83829814,5.3299627,4.4847445,0.203615060784627,0.12259817133640045
14.5,80.5,149.15048,0.83545643,1.1955286,6.040858,4.950718,0.3523461208097324,0.202639228928925
14.5,81.0,155.28981,1.004101,1.5211388,6.5240555,5.30259,0.4410883014159232,0.27559543722408997
14.5,81.5,158.74751,1.0778428,1.7508495,6.744494,5.454102,0.479891840304993,0.32706441318490775
14.5,82.0,161.29892,1.1369036,1.9329638,6.9568434,5.617121,0.5109701257959279,0.36786895486790566
14.5,82.5,163.62767,1.1901155,2.0987134,7.180149,5.801269,0.5389706173396632,0.4050067968016366
14.5,83.0,165.97,1.2410709,2.220836,7.417721,5.994179,0.5657837760833863,0.43236956838732044
14.5,83.5,168.22513,1.2901274,2.3466513,7.6479445,6.1544886,0.5915977260268456,0.4605597633389682
14.5,84.0,170.33199,1.3363098,2.4478283,7.8494196,6.3149652,0.615899281960991,0.4832294754923672
14.5,84.5,172.34723,1.3791887,2.5386336,8.026063,6.4598017,0.638462494353614,0.5035753080366139
14.5,85.0,174.30412,1.4190377,2.6484153,8.181634,6.5753484,0.6594313887810475,0.5281730037074125
14.5,85.5,176.19926,1.454182,2.7275116,8.322418,6.6428113,0.6779246240640768,0.5458953235054617
14.5,86.0,177.97943,1.4848913,2.7990742,8.448221,6.7150583,0.6940840929961103,0.5619296227120529
14.5,86.5,179.65196,1.5123804,2.8658023,8.554055,6.767784,0.7085490658943985,0.5768807232878965
14.5,87.0,181.18892,1.5355247,2.9025679,8.639537,6.8274307,0.7207278209551317,0.5851184176239949
14.5,87.5,182.62349,1.5544568,2.9357944,8.711907,6.871136,0.7306900499968227,0.5925631445351872
14.5,88.0,184.01945,1.5699425,2.9676907,8.771307,6.931934,0.7388387235344378,0.5997098409112442
14.5,88.5,185.48892,1.5803696,2.9782357,8.822933,7.0212092,0.7443255585240967,0.6020725569066744
14.5,89.0,187.24104,1.5870235,2.9914336,8.871261,7.1072187,0.7478268980685957,0.605029677950402
14.5,89.5,189.50552,1.5886818,3.016237,8.922879,7.1458697,0.7486995199293823,0.6105871274327005
14.5,90.0,192.35072,1.5859727,2.9990902,8.977967,7.216002,0.7472739427308893,0.6067452098746426
14.5,90.5,195.73993,1.5794585,2.9827907,9.030048,7.272681,0.7438461214683859,0.6030931472228175
14.5,91.0,200.06474,1.565749,2.9797692,9.075402,7.328866,0.736632108683105,0.6024161547561081
14.5,91.5,206.11548,1.536689,2.9527483,9.087764,7.379489,0.7213404942147322,0.5963618452617475
14.5,92.0,212.39651,1.4739369,2.8834827,8.955375,7.2670817,0.6883198080395001,0.5808421949484158
14.5,92.5,220.86963,1.349632,2.7440572,8.45217,6.8145065,0.6229095512480449,0.5496025156629797
14.5,93.0,235.15067,1.1703436,2.5090172,7.419046,5.907028,0.5285665258590834,0.4969394677292968
14.5,93.5,243.10068,1.0439847,2.3258584,6.402319,5.149989,0.4620753872271269,0.45590089274742307
14.5,94.0,237.0477,1.0093377,2.2523148,6.324403,5.057608,0.4438438569547511,0.43942272623191625
14.5,94.5,230.2311,1.0043465,2.2374282,6.6338987,5.275456,0.4412174602406921,0.436087230877315
14.5,95.0,222.61392,1.0083522,2.2092772,7.1100707,5.66253,0.4433252770594795,0.42977971028122613
14.5,95.5,218.54568,1.0140653,2.189119,7.559049,6.0518465,0.4463315600497892,0.42526309731919626
14.5,96.0,217.80106,1.0053227,2.1519854,7.834336,6.321287,0.44173114728101853,0.4169429224048134
14.5,96.5,219.73087,0.96741915,2.07034,7.8079214,6.368051,0.421785988657484,0.398649435286157
14.5,97.0,223.61363,0.9057503,1.9443699,7.6463823,6.2692256,0.3893353200833567,0.3704245974232285
14.5,97.5,233.36182,0.7713527,1.65458,6.94228,5.5917234,0.3186142142579926,0.3054942729117668
14.5,98.0,247.7662,0.5348435,1.1631936,5.7941284,4.621334,0.19416112409704087,0.1953942396357414
14.5,98.5,,,,,,,
14.5,99.0,,,,,,,
14.5,99.5,,,,,,,
14.5,100.0,,,,,,,
14.0,50.0,135.77904,1.0078212,2.0734715,6.1738324,4.965331,0.4430458824963321,0.39935110782227523
14.0,50.5,135.74802,1.0637265,2.11086,6.448075,5.1028585,0.472463733751409,0.407728388784706
14.0,51.0,136.32147,1.143229,2.2679377,6.627732,5.151732,0.5142985844657,0.4429231827430865
14.0,51.5,137.78232,1.2381699,2.4720507,6.6853995,5.163068,0.5642572680694231,0.48865674027953665
14.0,52.0,139.72125,1.3221595,2.7446241,6.6338873,5.167283,0.6084532976681846,0.5497295485743531
14.0,52.5,142.04288,1.4209553,3.115323,6.6286874,5.19394,0.660440446020111,0.6327883456278386
14.0,53.0,144.81024,1.5258001,3.4628987,6.6697536,5.2342124,0.7156106474294666,0.7106661443876077
14.0,53.5,147.16122,1.562676,3.583347,6.6656585,5.255604,0.7350150201237479,0.7376538002863008
14.0,54.0,148.69135,1.5513983,3.4789228,6.774501,5.3951473,0.7290806143644311,0.7142565068659105
14.0,54.5,150.01398,1.586077,3.4578812,7.0719914,5.548989,0.7473288305267478,0.7095419191479724
14.0,55.0,152.08116,1.696134,3.7024567,7.3644953,5.655127,0.8052417280484729,0.7643415025275669
14.0,55.5,154.72412,1.8105152,4.071007,7.474743,5.7005625,0.8654300540353099,0.8469188245473233
14.0,56.0,157.4874,1.9049308,4.4102836,7.4980597,5.712736,0.9151123540635443,0.922937177731363
14.0,56.5,159.78926,1.9605185,4.6066475,7.485816,5.687448,0.9443630327746634,0.9669344763588741
14.0,57.0,161.629,1.9882703,4.7125173,7.4660378,5.6593227,0.9589662601896056,0.9906556556252092
14.0,57.5,163.11005,1.9971838,4.7463655,7.4519014,5.6492496,0.9636566262146747,0.9982397020624157
14.0,58.0,164.4494,1.9979975,4.7534943,7.4472327,5.641617,0.964084813751281,0.9998369619657227
14.0,58.5,165.91225,1.9971184,4.73796,7.459015,5.639149,0.9636221880433303,0.9963563242981687
14.0,59.0,167.4892,1.9948391,4.7263618,7.4859605,5.6606746,0.9624228112926841,0.9937576518815712
14.0,59.5,169.18279,1.9909798,4.7205424,7.5201745,5.695005,0.9603920255748274,0.9924537749678617
14.0,60.0,170.9846,1.98262,4.662121,7.5548096,5.7238517,0.9559930353346302,0.9793638294097844
14.0,60.5,172.89212,1.9701841,4.595096,7.581824,5.7402368,0.9494491554901,0.9643462742747531
14.0,61.0,174.95372,1.95368,4.511911,7.5950346,5.7544465,0.9407645888781769,0.9457078003850078
14.0,61.5,177.26569,1.9354223,4.427213,7.598186,5.751936,0.9311572172778251,0.9267304296114304
14.0,62.0,179.88457,1.9167144,4.3382263,7.592108,5.7578416,0.9213129813150024,0.9067920318926861
14.0,62.5,182.98497,1.9001673,4.260936,7.581451,5.7575393,0.9126057695667308,0.8894743156567656
14.0,63.0,186.82907,1.8872112,4.166234,7.572905,5.76793,0.905788140760913,0.868255439012193
14.0,63.5,191.49959,1.8748267,4.1038337,7.5787706,5.775476,0.8992712970764,0.8542740194318286
14.0,64.0,196.81602,1.8635277,4.057948,7.605888,5.7954593,0.8933256628422732,0.8439929008207706
14.0,64.5,202.35602,1.8554993,4.011479,7.6461015,5.822835,0.8891010589706324,0.8335810098938833
14.0,65.0,208.01797,1.8528917,3.978347,7.695617,5.8783007,0.8877289268030782,0.8261574907479622
14.0,65.5,213.73335,1.8521278,3.95002,7.7516036,5.9664474,0.887326959950665,0.8198105461448953
14.0,66.0,219.48189,1.8512696,3.924575,7.8058205,6.0207324,0.8868753745307956,0.8141093432712992
14.0,66.5,225.20654,1.8485311,3.8955684,7.853756,6.0405855,0.8854343660205526,0.8076100980667499
14.0,67.0,230.9453,1.8416581,3.8477235,7.8932137,6.06183,0.8818177307402959,0.796889973372569
14.0,67.5,236.42801,1.8322294,3.801908,7.920742,6.093823,0.8768562503681403,0.7866245602602256
14.0,68.0,241.58295,1.8203757,3.781791,7.937632,6.1295514,0.8706187385178652,0.7821171355491446
14.0,68.5,246.23831,1.807238,3.7543745,7.9488063,6.147227,0.8637055735827986,0.7759742021691791
14.0,69.0,250.7229,1.7939938,3.734292,7.959412,6.1510534,0.8567363917315017,0.7714745233673281
14.0,69.5,254.05188,1.7792867,3.7157886,7.976213,6.2146025,0.8489974007021749,0.7673286456470692
14.0,70.0,256.19165,1.76275,3.6710286,8.001335,6.267633,0.8402956463690343,0.7572997231565298
14.0,70.5,257.22815,1.7460433,3.6176424,8.031519,6.327651,0.8315044406108717,0.745338009342862
14.0,71.0,257.398,1.7291732,3.557939,8.053657,6.370003,0.8226272335177124,0.7319608775225713
14.0,71.5,257.3865,1.7032613,3.501615,8.02844,6.33599,0.8089921640928054,0.7193409216845373
14.0,72.0,258.65436,1.6637108,3.4420314,7.9164147,6.2580814,0.7881804055838013,0.705990606736202
14.0,72.5,259.0567,1.6198206,3.371895,7.806293,6.1831336,0.7650850011225339,0.6902758663503994
14.0,73.0,258.95486,1.572303,3.2846355,7.746652,6.14839,0.7400808814013989,0.6707244969928411
14.0,73.5,258.98218,1.5079623,3.1596513,7.6933722,6.109985,0.7062242697774685,0.6427205243830972
14.0,74.0,259.9643,1.4066683,2.9727674,7.591526,6.01022,0.6529225116680476,0.6008473143266662
14.0,74.5,,,,,,,
14.0,75.0,,,,,,,
14.0,75.5,,,,,,,
14.0,76.0,,,,,,,
14.0,76.5,,,,,,,
14.0,77.0,,,,,,,
14.0,77.5,,,,,,,
14.0,78.0,,,,,,,
14.0,78.5,,,,,,,
14.0,79.0,,,,,,,
14.0,79.5,,,,,,,
14.0,80.0,137.92155,0.589359,0.9067437,5.544421,4.6538687,0.22284761899564368,0.13793408334078822
14.0,80.5,146.21957,0.8440142,1.2352194,6.0896235,5.047972,0.35684930376869645,0.2115323340260157
14.0,81.0,152.82721,1.0018944,1.5235097,6.503345,5.334817,0.43992712657119454,0.2761266730471146
14.0,81.5,156.77274,1.0821398,1.7565074,6.734817,5.5003357,0.482152966578727,0.3283321247155223
14.0,82.0,159.7316,1.1464907,1.9327751,6.9520946,5.6529365,0.5160149101599694,0.36782667288752213
14.0,82.5,162.38786,1.2042341,2.1001024,7.1845045,5.8251224,0.5463999784714383,0.405318022092495
14.0,83.0,164.91885,1.2583739,2.2550697,7.428302,6.0166454,0.5748887518471312,0.44003999506745844
14.0,83.5,167.3086,1.3098273,2.4017253,7.6635766,6.1619945,0.6019639919749652,0.4728996377832551
14.0,84.0,169.51797,1.357527,2.527728,7.8664775,6.317885,0.6270639614698964,0.5011318209049362
14.0,84.5,171.62907,1.4013603,2.5975387,8.042706,6.448278,0.6501293815123977,0.516773589483785
14.0,85.0,173.6704,1.4413254,2.6846287,8.197622,6.5468035,0.6711593738977354,0.5362869771760842
14.0,85.5,175.57341,1.4760741,2.765119,8.33323,6.637842,0.6894444119299596,0.5543216440863286
14.0,86.0,177.31671,1.5071435,2.8124483,8.448002,6.694697,0.7057933848977516,0.5649262211828221
14.0,86.5,178.89044,1.534748,2.885289,8.540853,6.758121,0.7203190793804868,0.5812469053506718
14.0,87.0,180.34596,1.5575924,2.9291375,8.617177,6.7996483,0.7323400085047855,0.5910716029378551
14.0,87.5,181.73895,1.5762026,2.9492972,8.684111,6.84378,0.7421328694906846,0.5955885898403306
14.0,88.0,183.13051,1.5908291,2.9622242,8.742235,6.921397,0.7498294557771538,0.5984850256917452
14.0,88.5,184.65443,1.6003706,2.980756,8.795644,7.005785,0.7548502776977462,0.6026372603995793
14.0,89.0,186.46872,1.6058229,2.998815,8.847896,7.0773892,0.7577193098339547,0.606683563121184
14.0,89.5,188.6515,1.6063348,3.0123067,8.90406,7.1485267,0.7579886677715737,0.6097064976833354
14.0,90.0,191.25508,1.6023128,3.0142941,8.962616,7.2245355,0.7558722570921775,0.6101518073339698
14.0,90.5,194.52051,1.5943655,2.988787,9.018076,7.2798834,0.7516903088790325,0.6044366618237595
14.0,91.0,198.66995,1.579287,2.980037,9.067214,7.3324313,0.7437559172964492,0.6024761454875935
14.0,91.5,204.92444,1.5465722,2.9583864,9.079742,7.3629107,0.7265410971901024,0.5976251229270787
14.0,92.0,211.9087,1.4701393,2.8893638,8.915638,7.200592,0.6863214531678821,0.5821599076586121
14.0,92.5,223.24849,1.2921822,2.6996634,8.141734,6.5156255,0.5926789842408042,0.5396556463902157
14.0,93.0,246.56265,1.0496856,2.3192692,6.638864,5.3056145,0.4650752718686622,0.4544245224481691
14.0,93.5,241.565,0.93517214,2.0627303,5.7365217,4.7162886,0.40481734815667647,0.39694442711445643
14.0,94.0,229.02376,0.97570944,2.1317265,6.3358192,5.118543,0.426148407943412,0.41240371275585713
14.0,94.5,222.73003,0.99523985,2.137924,6.8006525,5.438613,0.4364254733821477,0.4137923138905247
14.0,95.0,217.26425,1.026555,2.1550357,7.3773885,5.838142,0.4529037306325276,0.41762637869922503
14.0,95.5,215.9561,1.0374645,2.151634,7.7490673,6.1668954,0.4586444295191459,0.41686418123098484
14.0,96.0,216.59999,1.0266868,2.1074953,7.9572864,6.4064565,0.4529731088064928,0.4069744714263325
14.0,96.5,220.05074,0.97852176,2.0472207,7.767766,6.328585,0.42762827701312284,0.39346934513352266
14.0,97.0,224.54018,0.92030174,1.9481963,7.5896516,6.237732,0.39699241852126255,0.3712819360248396
14.0,97.5,231.84778,0.8240668,1.7642314,7.208247,5.7836146,0.34635281260434564,0.3300627745177776
14.0,98.0,242.81296,0.5636517,1.2278849,6.308623,5.065674,0.20932022374398374,0.20988897260777392
14.0,98.5,,,,,,,
14.0,99.0,,,,,,,
14.0,99.5,,,,,,,
14.0,100.0,,,,,,,
13.5,50.0,130.61409,0.9779042,1.7804486,6.003511,4.7548623,0.42730330989718546,0.33369638053760975
13.5,50.5,130.90546,1.0490547,1.9072857,6.342078,4.9608016,0.4647433104793097,0.3621155071720542
13.5,51.0,132.29202,1.1575879,2.1407378,6.574327,5.0904055,0.5218543443502235,0.4144227774817898
13.5,51.5,135.6146,1.2979527,2.5699613,6.6367626,5.1318684,0.5957154398366088,0.5105945975608519
13.5,52.0,138.50528,1.3918582,2.9483037,6.5178146,5.11273,0.6451293228608673,0.595365988435077
13.5,52.5,141.29518,1.4975545,3.3297706,6.5162177,5.1350055,0.7007475968711573,0.6808374492435108
13.5,53.0,144.50806,1.5992503,3.6777787,6.5571537,5.162726,0.7542607514057705,0.7588121519987514
13.5,53.5,146.38179,1.5512934,3.5809603,6.4250126,5.12166,0.7290254129240247,0.7371190120290432
13.5,54.0,146.52104,1.4607193,3.2354043,6.4737105,5.2734556,0.6813646147350334,0.6596937346285019
13.5,54.5,147.89085,1.5583681,3.347244,7.007581,5.5697904,0.7327481855192445,0.684752552288777
13.5,55.0,151.26515,1.7596271,3.903505,7.3712587,5.7036505,0.8386523371254841,0.8093883985657861
13.5,55.5,154.7066,1.9015225,4.373013,7.4681563,5.728222,0.9133188718105251,0.9145863397004418
13.5,56.0,157.34045,1.9723725,4.6095343,7.4848933,5.7352204,0.9506007328116671,0.9675812864896178
13.5,56.5,159.28506,2.004964,4.7366314,7.4752326,5.7102623,0.9677506912255366,0.9960586677034788
13.5,57.0,160.74573,2.0142858,4.754222,7.455191,5.6740804,0.9726558410369139,1.0
13.5,57.5,161.86049,2.0114977,4.7369714,7.4372597,5.659066,0.971188737300297,0.996134844714252
13.5,58.0,163.00429,2.0051441,4.731651,7.4316306,5.640848,0.967845411878961,0.9949427225737103
13.5,58.5,164.34558,2.000157,4.7165027,7.443434,5.6455913,0.9652212106767364,0.9915486254092787
13.5,59.0,165.87622,1.9964498,4.703782,7.4715753,5.660807,0.9632704043185593,0.9886984513329898
13.5,59.5,167.60745,1.9909555,4.672974,7.5071735,5.6994433,0.9603792288772786,0.9817956175475213
13.5,60.0,169.47961,1.9818194,4.622642,7.542132,5.72989,0.9555717479780748,0.9705182147492836
13.5,60.5,171.42067,1.9672623,4.534838,7.5700083,5.7454414,0.9479116699169651,0.9508448873863992
13.5,61.0,173.46729,1.948127,4.428063,7.585668,5.760394,0.9378425508133964,0.9269208187182995
13.5,61.5,175.76476,1.9277341,4.331127,7.5907173,5.7681375,0.9271116417140474,0.9052013960772726
13.5,62.0,178.27356,1.9089519,4.2365837,7.584873,5.753875,0.9172282629116639,0.8840179903549674
13.5,62.5,181.40588,1.8917397,4.1433554,7.5777535,5.763241,0.9081710865769982,0.8631292497037875
13.5,63.0,185.47844,1.8785911,4.110051,7.575238,5.7731795,0.9012521505822528,0.8556671078518432
13.5,63.5,190.34256,1.8664451,4.0502276,7.585744,5.7979746,0.8948608274457547,0.8422630523194701
13.5,64.0,195.86569,1.8553703,3.9895225,7.6137795,5.816882,0.8890331862904964,0.8286614493916981
13.5,64.5,201.6641,1.8486975,3.935434,7.659231,5.8559713,0.8855219355782881,0.816542413490564
13.5,65.0,207.44627,1.846059,3.9160266,7.7144747,5.9064136,0.8841334938942502,0.8121939668889224
13.5,65.5,213.1512,1.8450166,3.8971322,7.77488,5.986511,0.883584992309122,0.807960480264268
13.5,66.0,218.72195,1.8425032,3.8638647,7.8330646,6.051838,0.8822624159801145,0.8005065651021268
13.5,66.5,224.10135,1.8381054,3.8310795,7.8842936,6.0807934,0.8799482837778084,0.7931607187287611
13.5,67.0,229.41624,1.8297678,3.793362,7.926672,6.093269,0.8755609611147881,0.7847097180784853
13.5,67.5,234.61794,1.8178306,3.754355,7.958178,6.135887,0.8692794762989166,0.7759698217239593
13.5,68.0,239.64275,1.8041561,3.721416,7.9777784,6.176322,0.8620838430841345,0.7685895194095358
13.5,68.5,244.16888,1.7892346,3.6921709,7.990997,6.2206635,0.8542320654754322,0.7620368541413307
13.5,69.0,247.9838,1.7743872,3.6641042,8.002588,6.2521553,0.8464192425195618,0.755748244247776
13.5,69.5,251.46321,1.7592481,3.6224945,8.0204935,6.2911944,0.8384529219220163,0.7464251610583201
13.5,70.0,254.26224,1.7425407,3.5804534,8.048019,6.3495126,0.8296613397903964,0.737005440973711
13.5,70.5,255.72574,1.7255048,3.5221155,8.0798435,6.405304,0.8206968767840493,0.7239342458579768
13.5,71.0,256.03748,1.7079643,3.4691591,8.109537,6.4581833,0.8114669450324757,0.7120688484190802
13.5,71.5,256.65625,1.6805917,3.4171662,8.071879,6.4513807,0.7970632582788203,0.7004193214574166
13.5,72.0,259.15878,1.634428,3.3649294,7.898205,6.3431854,0.7727715507834747,0.6887151457706331
13.5,72.5,258.92703,1.5957885,3.3022416,7.799782,6.2757864,0.7524391038723622,0.6746693015934998
13.5,73.0,257.82425,1.5569968,3.2201219,7.777895,6.269916,0.7320266148726606,0.656269561968232
13.5,73.5,257.16702,1.5071143,3.1174045,7.785937,6.256036,0.7057780163149112,0.6332547027835532
13.5,74.0,258.1621,1.4211044,2.9631042,7.709421,6.1842914,0.6605189198859613,0.5986821991466986
13.5,74.5,261.20764,1.2746534,2.714196,7.5199504,5.9788895,0.5834551999223667,0.5429118129502881
13.5,75.0,,,,,,,
13.5,75.5,,,,,,,
13.5,76.0,,,,,,,
13.5,76.5,,,,,,,
13.5,77.0,,,,,,,
13.5,77.5,,,,,,,
13.5,78.0,,,,,,,
13.5,78.5,,,,,,,
13.5,79.0,,,,,,,
13.5,79.5,,,,,,,
13.5,80.0,,,,,,,
13.5,80.5,144.29584,0.8437503,1.2524434,6.0919924,5.1116195,0.3567104219629469,0.21539155968469795
13.5,81.0,151.52663,1.0133777,1.5762446,6.467347,5.331246,0.4459697396994896,0.28794244324687496
13.5,81.5,155.80215,1.0981644,1.7951746,6.6987414,5.4953175,0.49058523751642946,0.3369958974793389
13.5,82.0,158.9247,1.1654308,1.984574,6.930645,5.6696424,0.5259813420386005,0.37943271591737004
13.5,82.5,161.69814,1.226269,2.1548843,7.1726794,5.837762,0.5579949155709651,0.41759245695880365
13.5,83.0,164.2688,1.2816592,2.3035555,7.4320345,6.014382,0.5871417152078651,0.45090371289274606
13.5,83.5,166.659,1.3337691,2.4488444,7.6728845,6.1558676,0.6145623407116959,0.483457151803668
13.5,84.0,168.91638,1.3819307,2.5678048,7.8803735,6.303899,0.6399053847311436,0.5101114130850857
13.5,84.5,171.0777,1.4260383,2.666198,8.054907,6.4545183,0.6631151439945255,0.5321573925752402
13.5,85.0,173.11353,1.4650785,2.7230287,8.207157,6.559226,0.6836584227706444,0.5448908660485426
13.5,85.5,174.98816,1.5000114,2.7803242,8.337475,6.6419744,0.7020404396970369,0.5577285086459739
13.5,86.0,176.66237,1.530808,2.8305335,8.441431,6.709288,0.7182458261908629,0.5689784001114289
13.5,86.5,178.16254,1.5566308,2.8952932,8.527299,6.782667,0.731834037120334,0.5834884646417307
13.5,87.0,179.57033,1.5785439,2.930798,8.59795,6.8388247,0.7433648652742981,0.5914436736812174
13.5,87.5,180.93387,1.5973701,2.9579537,8.657787,6.842269,0.7532713910443065,0.5975281655115435
13.5,88.0,182.33305,1.611313,2.976966,8.714315,6.9121842,0.7606082270344914,0.6017880416476439
13.5,88.5,183.90149,1.6206083,2.9769263,8.767961,6.965972,0.7654995137568577,0.601779173917077
13.5,89.0,185.75081,1.6244982,2.977717,8.824423,7.0714025,0.7675464208044694,0.6019563148481595
13.5,89.5,187.8885,1.6239872,3.0001354,8.882526,7.1521063,0.7672775019692173,0.6069794034337095
13.5,90.0,190.32101,1.618844,2.997671,8.9417515,7.219812,0.7645711258954787,0.6064272002357
13.5,90.5,193.23547,1.6091439,2.9867558,8.999261,7.2863393,0.7594668117962718,0.6039815763014762
13.5,91.0,197.29768,1.5930749,2.974041,9.053549,7.3444333,0.7510112057042158,0.6011326843067151
13.5,91.5,203.60565,1.5602347,2.959325,9.086896,7.3685536,0.7337303947850196,0.5978354377176913
13.5,92.0,212.25885,1.4636877,2.868767,8.871911,7.1853967,0.6829265645828938,0.5775450017794557
13.5,92.5,229.59451,1.2090132,2.5880387,7.754982,6.1670604,0.5489147804554031,0.514645013627358
13.5,93.0,242.53503,0.827706,1.8491212,5.611836,4.60611,0.34826776939071347,0.34908317515262965
13.5,93.5,208.65448,0.8562771,1.812527,5.7356286,4.7342544,0.36330213260101096,0.34088386313226793
13.5,94.0,211.35872,0.94350255,1.9837058,6.463505,5.194633,0.40920087572066893,0.37923818675556764
13.5,94.5,213.69678,0.99225754,2.0709674,6.9899726,5.5492415,0.43485615288741486,0.3987900368936989
13.5,95.0,211.78293,1.0434484,2.134536,7.5827723,5.976939,0.46179323259195915,0.4130332147859765
13.5,95.5,212.6093,1.0592853,2.1332414,7.9037633,6.2860174,0.47012670549711627,0.4127431438403258
13.5,96.0,214.87735,1.0480229,2.105934,8.044215,6.443399,0.46420032903822217,0.40662462342945094
13.5,96.5,218.89468,1.0046517,2.0663683,7.935397,6.424509,0.4413780462491468,0.3977595638657795
13.5,97.0,224.20428,0.9416809,1.9803183,7.6590686,6.2106223,0.40824231525379523,0.37847919449114675
13.5,97.5,232.10037,0.8562188,1.8388388,7.2771735,5.851408,0.3632714581642397,0.3467793013573163
13.5,98.0,241.16849,0.6935849,1.5204508,6.538981,5.184907,0.2776921632710567,0.2754412936304113
13.5,98.5,,,,,,,
13.5,99.0,,,,,,,
13.5,99.5,,,,,,,
13.5,100.0,,,,,,,
13.0,50.0,125.35129,0.9405478,1.5623255,5.775496,4.5039277,0.4076460769684975,0.2848237265105887
13.0,50.5,126.12106,1.0132042,1.6954881,6.2052407,4.7686043,0.4458784691360906,0.3146601408538838
13.0,51.0,128.58195,1.1617155,2.0675533,6.5186224,5.0329757,0.5240263328434833,0.39802506158214856
13.0,51.5,134.12207,1.3783134,2.7874925,6.6177926,5.1546364,0.6380019386996786,0.5593346362798476
13.0,52.0,137.92397,1.4690584,3.1725383,6.4074154,5.0755115,0.6857526901449684,0.6456079856638178
13.0,52.5,140.79663,1.5721881,3.519746,6.4498606,5.100583,0.7400204107325903,0.7234033572653661
13.0,53.0,144.19331,1.6745051,3.876788,6.5079813,5.077939,0.7938604456148822,0.8034021462325229
13.0,53.5,145.35736,1.458607,3.2773995,6.173595,4.857367,0.6802530584577609,0.6691031980608891
13.0,54.0,140.82599,1.218348,2.5453022,5.9538894,4.940076,0.5538268304468312,0.5050694672170651
13.0,54.5,145.4007,1.5275195,3.2390969,6.9184947,5.5952926,0.716515386491944,0.6605211045744022
13.0,55.0,151.65956,1.8580823,4.1926436,7.391644,5.772558,0.8904602689828187,0.8741727794633403
13.0,55.5,155.25398,1.968458,4.558617,7.462443,5.7743363,0.9485409036086875,0.9561727908551689
13.0,56.0,157.34763,2.010728,4.691514,7.4755573,5.7626944,0.9707836340024062,0.9859496685375196
13.0,56.5,158.72914,2.0218089,4.7257133,7.461481,5.7147565,0.9766145370609611,0.9936123493084276
13.0,57.0,159.69684,2.0199757,4.714089,7.4359984,5.6696563,0.9756498918898608,0.9910078006848279
13.0,57.5,160.61844,2.0121906,4.6898656,7.416253,5.6476197,0.9715533177226169,0.9855803222174038
13.0,58.0,161.65599,2.0010471,4.655096,7.4113326,5.6489,0.9656895447154563,0.9777898606542313
13.0,58.5,162.91191,1.9957002,4.6380587,7.4229746,5.658086,0.9628759649352923,0.9739724629053916
13.0,59.0,164.4554,1.9902843,4.6468453,7.4543977,5.6746316,0.9600260651164974,0.9759412059313606
13.0,59.5,166.16536,1.9819647,4.612134,7.49371,5.7037797,0.9556482145188194,0.9681637788637201
13.0,60.0,168.01573,1.9717482,4.5267916,7.528109,5.7252717,0.95027222151234,0.9490419602380177
13.0,60.5,169.97911,1.9574913,4.429261,7.555942,5.739096,0.9427700948454839,0.9271893079582333
13.0,61.0,171.9274,1.9368474,4.3121147,7.5728836,5.7594733,0.9319071413915266,0.9009414665211085
13.0,61.5,174.09042,1.915669,4.209786,7.5806594,5.7696404,0.9207628487782259,0.8780136820401886
13.0,62.0,176.60826,1.8977349,4.1541233,7.57737,5.7739544,0.9113257861673094,0.8655419134587357
13.0,62.5,179.92175,1.8816655,4.0746746,7.5752544,5.7759733,0.9028699291596152,0.8477406388066032
13.0,63.0,184.055,1.8678827,4.0251994,7.5794473,5.7883987,0.8956173380949594,0.8366552277171443
13.0,63.5,189.01494,1.8559208,3.9866197,7.5942154,5.810183,0.8893228683948105,0.8280110601166893
13.0,64.0,194.68028,1.8465995,3.9329908,7.626698,5.8485026,0.8844179067701619,0.8159949646782199
13.0,64.5,200.65494,1.84069,3.8715608,7.6742435,5.883288,0.8813083092658189,0.8022309647569343
13.0,65.0,206.5305,1.8377016,3.862039,7.733059,5.929219,0.8797357582322441,0.8000975276747148
13.0,65.5,212.20302,1.8346211,3.840043,7.7974563,6.0021286,0.8781147804804946,0.7951690994419627
13.0,66.0,217.54544,1.830337,3.8079424,7.8590593,6.075092,0.8758604916579019,0.7879766220713527
13.0,66.5,222.58621,1.8243088,3.780263,7.9106317,6.1178913,0.872688353430735,0.7817747663611749
13.0,67.0,227.42259,1.8142226,3.7273629,7.955079,6.136788,0.8673809231223967,0.7699219760573011
13.0,67.5,232.35663,1.8011619,3.6810403,7.9888434,6.171193,0.8605082810629012,0.759542938469562
13.0,68.0,237.52707,1.7858361,3.6455095,8.01134,6.1957,0.8524437269929963,0.7515819066431368
13.0,68.5,242.18802,1.7697345,3.614591,8.026074,6.2567205,0.8439709331797228,0.744654285948132
13.0,69.0,246.01595,1.7540658,3.5909312,8.039491,6.3009505,0.835725908037035,0.7393530925111902
13.0,69.5,249.034,1.7382321,3.5613673,8.061338,6.373936,0.8273941288124357,0.7327290046178774
13.0,70.0,251.36188,1.7224414,3.5136673,8.09186,6.434664,0.8190849319952755,0.7220413593223991
13.0,70.5,253.43228,1.7057602,3.4586685,8.127088,6.4974465,0.8103071502237572,0.7097183121981637
13.0,71.0,254.43362,1.6871634,3.4266016,8.160387,6.5452724,0.8005213148757281,0.7025334204765928
13.0,71.5,255.24393,1.6586921,3.392271,8.132637,6.573721,0.7855395184916357,0.6948413052506106
13.0,72.0,260.90796,1.5939841,3.3115563,7.8237824,6.35155,0.7514896390973737,0.6767563700604662
13.0,72.5,258.31784,1.565538,3.242563,7.790438,6.340946,0.7365210785131969,0.6612977254598293
13.0,73.0,255.99774,1.5357038,3.1922462,7.797074,6.365639,0.7208220397772798,0.6500237415456656
13.0,73.5,254.12271,1.4998802,3.130422,7.8653097,6.393636,0.7019713751676195,0.6361714382591571
13.0,74.0,255.10887,1.4330252,3.0117753,7.8480096,6.374437,0.6667917481123146,0.6095874243614468
13.0,74.5,259.1509,1.3123027,2.8199623,7.614432,6.149756,0.6032665577818255,0.5666098079089967
13.0,75.0,,,,,,,
13.0,75.5,,,,,,,
13.0,76.0,,,,,,,
13.0,76.5,,,,,,,
13.0,77.0,,,,,,,
13.0,77.5,,,,,,,
13.0,78.0,,,,,,,
13.0,78.5,,,,,,,
13.0,79.0,,,,,,,
13.0,79.5,,,,,,,
13.0,80.0,,,,,,,
13.0,80.5,143.76282,0.8588002,1.2958876,6.1486416,5.1268153,0.3646297899716923,0.22512565684392113
13.0,81.0,151.33836,1.0323218,1.6349927,6.39325,5.276407,0.45593830436104554,0.30110554758212876
13.0,81.5,155.54886,1.1176124,1.851145,6.6499615,5.4626894,0.5008188945497548,0.3495366313629715
13.0,82.0,158.56076,1.1860743,2.0222144,6.9023037,5.672054,0.5368441073058291,0.38786643517705316
13.0,82.5,161.31064,1.2482826,2.1862416,7.1667705,5.8552485,0.5695786241956821,0.424618370570935
13.0,83.0,163.89468,1.3062072,2.3469694,7.4357786,6.0157776,0.600059040449671,0.460631025703885
13.0,83.5,166.2764,1.3589168,2.4596546,7.682802,6.1454525,0.6277952550974609,0.4858792709098833
13.0,84.0,168.52118,1.407378,2.576391,7.8924623,6.2955446,0.6532959368666145,0.5120352298375201
13.0,84.5,170.68999,1.4511455,2.6655412,8.069557,6.408317,0.6763267932799523,0.5320102202998686
13.0,85.0,172.69656,1.4898597,2.7399728,8.217346,6.494825,0.6966985084884447,0.548687376552493
13.0,85.5,174.52849,1.5247923,2.7920125,8.340113,6.5664883,0.7150803372281086,0.5603473738466332
13.0,86.0,176.15256,1.5540376,2.842139,8.43935,6.6466384,0.7304694324219262,0.5715787285499998
13.0,86.5,177.5736,1.5777904,2.8919523,8.518176,6.699955,0.742968355837016,0.5827398892897226
13.0,87.0,178.93396,1.5989022,2.934942,8.582752,6.761127,0.7540775829898769,0.5923721678076179
13.0,87.5,180.29524,1.6167506,2.9574172,8.639569,6.8268504,0.763469543514825,0.597407970368318
13.0,88.0,181.70468,1.6301764,2.9859684,8.692471,6.890574,0.7705343242242801,0.6038051298312213
13.0,88.5,183.27652,1.6386473,3.0004406,8.746463,6.966357,0.7749917778081804,0.6070477811151889
13.0,89.0,185.1185,1.6421459,2.9998574,8.8015785,7.0587597,0.7768327458457309,0.6069171156394869
13.0,89.5,187.15202,1.6404041,2.9834986,8.860736,7.1463904,0.7759162137482575,0.6032517513918113
13.0,90.0,189.39632,1.6359301,2.971805,8.914651,7.2021036,0.7735619350438377,0.6006317109497515
13.0,90.5,192.17271,1.6243831,2.9776082,8.974595,7.2677755,0.7674858246778415,0.6019319552991325
13.0,91.0,195.92322,1.6075017,2.9673862,9.030554,7.332351,0.7586027210671844,0.5996416234899559
13.0,91.5,201.90364,1.576743,2.9409182,9.08117,7.357537,0.7424172196376866,0.5937111951232129
13.0,92.0,212.54257,1.4539982,2.807908,8.7890215,7.103337,0.6778278960855467,0.5639089429106257
13.0,92.5,237.65161,1.1054789,2.3793964,7.4929476,6.005943,0.4944341579487596,0.46789663514163965
13.0,93.0,180.51128,0.58307683,1.2027655,4.9392242,4.0889716,0.2195418995555845,0.20426071483109975
13.0,93.5,178.99307,0.83257854,1.7094157,5.881392,4.78587,0.3508317508397676,0.31778075400242983
13.0,94.0,200.16711,0.9499814,1.9500912,6.6013837,5.286597,0.41261009786148994,0.3717065186907755
13.0,94.5,205.23576,1.0286291,2.087646,7.276332,5.720427,0.4539951509298338,0.4025270374467368
13.0,95.0,207.74294,1.072587,2.1610978,7.724429,6.0662637,0.47712618541172713,0.4189846372377361
13.0,95.5,210.11531,1.0865767,2.1650262,7.970639,6.305944,0.4844876738633663,0.4198648396265919
13.0,96.0,213.34515,1.0714401,2.132848,8.0526495,6.393428,0.4765226705729213,0.41265500073529376
13.0,96.5,217.53844,1.0370039,2.083555,8.01312,6.3722715,0.45840204501263454,0.4016104025744678
13.0,97.0,223.85237,0.968106,2.0049834,7.615359,6.045831,0.4221474012698715,0.3840056603365249
13.0,97.5,234.15234,0.86617696,1.8311542,7.052309,5.5273933,0.3685115176237185,0.3450574925755961
13.0,98.0,258.20944,0.6769688,1.4491764,5.6573787,4.274421,0.2689486314841541,0.25947155257074805
13.0,98.5,280.22247,0.43562275,0.8875153,4.137219,3.096322,0.14195034718255925,0.133625768561968
13.0,99.0,,,,,,,
13.0,99.5,,,,,,,
13.0,100.0,,,,,,,
12.5,50.0,116.795845,0.8706649,1.448283,5.368742,4.241579,0.3708731042461011,0.25927136088219815
12.5,50.5,121.0844,0.9267486,1.5253729,5.9060035,4.498329,0.4003847979498687,0.2765441241345524
12.5,51.0,125.37294,1.1122961,1.9300407,6.4235992,4.952845,0.4980214360993458,0.3672139981774543
12.5,51.5,134.27643,1.4456447,2.9991164,6.670706,5.2405815,0.6734322304775558,0.6067510860816449
12.5,52.0,139.74806,1.5439086,3.436467,6.457901,5.1179576,0.7251394824350584,0.7047438358705403
12.5,52.5,143.19234,1.6211327,3.6815243,6.55691,5.1832066,0.7657754582299796,0.7596513811987832
12.5,53.0,148.83882,1.6346153,3.8880384,6.698177,5.186314,0.7728700979003819,0.8059229321963104
12.5,53.5,154.84036,1.3721328,3.2938762,6.9666786,5.4037323,0.6347496329261035,0.6727949518200106
12.5,54.0,,,,,,,
12.5,54.5,149.1452,1.7365631,3.7990298,7.2793117,5.7458305,0.8265158613497894,0.7859796732517735
12.5,55.0,153.45164,1.9485723,4.4059596,7.4302926,5.8102703,0.9380768432905754,0.9219683514569024
12.5,55.5,155.83168,2.0060165,4.5837193,7.4694285,5.799076,0.9683044620390672,0.961797175677228
12.5,56.0,157.13622,2.0269692,4.651515,7.464728,5.774543,0.9793299460976753,0.976987491298122
12.5,56.5,157.9464,2.0248642,4.634881,7.4416237,5.733548,0.978222279012795,0.9732604802969878
12.5,57.0,158.63297,2.0182006,4.6068287,7.411873,5.692915,0.9747158584266222,0.9669750756072524
12.5,57.5,159.38416,2.0049233,4.5791864,7.390886,5.6628513,0.9677292379384695,0.9607815534270049
12.5,58.0,160.27626,1.9907047,4.546073,7.386729,5.6553693,0.9602472472515798,0.9533621476259854
12.5,58.5,161.48347,1.9849278,4.5568724,7.4007516,5.655233,0.9572074042946596,0.9557818628293361
12.5,59.0,163.04504,1.9792427,4.561493,7.434452,5.6891127,0.9542158625980947,0.9568171436629845
12.5,59.5,164.7697,1.967687,4.5043764,7.478049,5.7263665,0.9481351730217011,0.9440196195333588
12.5,60.0,166.59877,1.9547476,4.432798,7.5147185,5.7419586,0.9413263262632207,0.9279817411825027
12.5,60.5,168.51898,1.9407884,4.3169594,7.541723,5.7554226,0.933980896412427,0.9020269622145933
12.5,61.0,170.45448,1.9220132,4.197468,7.5595455,5.778512,0.9241012186157072,0.8752536810313507
12.5,61.5,172.61182,1.9013996,4.1101985,7.570884,5.8041377,0.9132541983047763,0.8557001214511825
12.5,62.0,175.16286,1.8851274,4.0536237,7.5728397,5.8067617,0.904691639421933,0.8430239677061826
12.5,62.5,178.4554,1.8695805,4.0099034,7.5772376,5.8173933,0.896510723224808,0.8332280101132461
12.5,63.0,182.58417,1.8551835,3.9675453,7.5867906,5.8264885,0.8889348900892274,0.8237372413439749
12.5,63.5,187.58119,1.8436947,3.918323,7.606308,5.851219,0.8828893914310929,0.8127085089420546
12.5,64.0,193.23473,1.8351682,3.8625376,7.641187,5.8920846,0.8784027061753412,0.8002092290278189
12.5,64.5,199.21594,1.8288304,3.8341591,7.691608,5.932874,0.8750676609700662,0.7938507456910024
12.5,65.0,205.12636,1.8235462,3.8135111,7.754918,5.9732814,0.8722870765963269,0.78922435449816
12.5,65.5,210.73866,1.8194647,3.7812808,7.818484,6.037011,0.870139364191064,0.7820028166129213
12.5,66.0,215.88652,1.8131421,3.7361805,7.8812323,6.096437,0.8668123482862117,0.7718976636915453
12.5,66.5,220.5671,1.8036453,3.6869757,7.9369173,6.138077,0.8618150497067015,0.7608728309542719
12.5,67.0,225.08871,1.7923822,3.6238503,7.9820266,6.1746726,0.8558883596032597,0.7467289609603304
12.5,67.5,229.69627,1.7787251,3.5799518,8.014824,6.2013083,0.8487018848092724,0.7368930451597793
12.5,68.0,234.55186,1.7629888,3.5513163,8.037618,6.22503,0.8404212923748682,0.7304769749943419
12.5,68.5,239.77884,1.7465285,3.5283482,8.052511,6.2779827,0.8317597472727509,0.7253307531620654
12.5,69.0,243.40245,1.7303778,3.499266,8.068006,6.3229723,0.8232611091487417,0.7188145737973373
12.5,69.5,245.78079,1.7150023,3.4876206,8.092705,6.3862057,0.8151703971235533,0.7162053242081359
12.5,70.0,247.95932,1.7006681,3.4640594,8.128604,6.4870024,0.8076276221233071,0.7109261932574839
12.5,70.5,250.09692,1.6862371,3.460159,8.170977,6.559212,0.8000339112485042,0.7100522944361395
12.5,71.0,251.41176,1.6675758,3.4382458,8.209519,6.6368356,0.7902142022893166,0.7051424029654759
12.5,71.5,253.43741,1.6355858,3.3966322,8.175369,6.665766,0.7733807739530498,0.6958184650550016
12.5,72.0,261.9319,1.5284449,3.2352273,7.7171564,6.3528132,0.7170023510168011,0.6596540969412693
12.5,72.5,257.7005,1.5081836,3.188553,7.725119,6.3913116,0.7063406946335983,0.6491962647596381
12.5,73.0,254.04422,1.493414,3.1638339,7.7584667,6.432538,0.6985688336556658,0.6436576725598101
12.5,73.5,249.66055,1.4803699,3.1308038,7.911105,6.564903,0.6917049109145982,0.63625696378107
12.5,74.0,249.92236,1.4336805,3.0518918,7.955941,6.572207,0.6671365689281255,0.6185759376922266
12.5,74.5,255.23004,1.3287249,2.9074464,7.681867,6.3127375,0.6119080296328859,0.5862114989665188
12.5,75.0,252.88525,1.0802253,2.5250576,7.4133368,5.99561,0.4811455402913118,0.5005334627719282
12.5,75.5,,,,,,,
12.5,76.0,,,,,,,
12.5,76.5,,,,,,,
12.5,77.0,,,,,,,
12.5,77.5,,,,,,,
12.5,78.0,,,,,,,
12.5,78.5,,,,,,,
12.5,79.0,,,,,,,
12.5,79.5,,,,,,,
12.5,80.0,,,,,,,
12.5,80.5,145.7607,0.92315465,1.4331878,6.0247083,5.0289493,0.3984936467846761,0.25588914968192994
12.5,81.0,151.63515,1.0515907,1.6887919,6.3067875,5.224098,0.4660777425722228,0.31315978494604846
12.5,81.5,155.4129,1.134365,1.8863392,6.5973263,5.451263,0.5096342509380951,0.3574222340595148
12.5,82.0,158.27832,1.2039349,2.0562968,6.882534,5.654951,0.5462425289084611,0.39550294011676973
12.5,82.5,161.01639,1.26797,2.1991541,7.169478,5.867114,0.5799383036082986,0.4275115477984667
12.5,83.0,163.61154,1.3280159,2.3504434,7.4531403,6.045202,0.6115349808077765,0.4614094094514129
12.5,83.5,165.9887,1.3821797,2.4536679,7.7056365,6.169273,0.640036425423199,0.4845378931114875
12.5,84.0,168.2438,1.431566,2.5377786,7.9158444,6.2825603,0.6660238835304809,0.5033837436883444
12.5,84.5,170.40952,1.4760435,2.6288812,8.0903635,6.3853965,0.6894282906002046,0.5237961910519697
12.5,85.0,172.39874,1.5147456,2.706767,8.234188,6.4759274,0.7097936701888322,0.5412472971868387
12.5,85.5,174.20294,1.5490271,2.762611,8.348903,6.540089,0.7278328736245196,0.5537596650166701
12.5,86.0,175.75789,1.5769892,2.8374975,8.437915,6.5941124,0.7425467548359128,0.5705387467507497
12.5,86.5,177.13464,1.5997087,2.9026015,8.510381,6.674821,0.7545019440630004,0.5851259498529703
12.5,87.0,178.46031,1.61927,2.9332929,8.570955,6.76641,0.7647952562893102,0.5920026612273112
12.5,87.5,179.7844,1.635297,2.9623785,8.623599,6.838478,0.7732287818052038,0.5985195884729305
12.5,88.0,181.1963,1.6478623,2.9880555,8.673536,6.916873,0.779840785245508,0.6042727690684637
12.5,88.5,182.78389,1.6563034,3.002594,8.724541,6.981462,0.7842825566020202,0.6075302711301276
12.5,89.0,184.5256,1.6598146,2.9852915,8.776673,7.048479,0.7861301739039832,0.6036534702705025
12.5,89.5,186.42482,1.6584793,2.9776514,8.832082,7.1268525,0.7854275473880843,0.6019416243306541
12.5,90.0,188.54443,1.6529863,2.9730325,8.886907,7.185952,0.7825370619648087,0.6009067174374513
12.5,90.5,191.16103,1.6413338,2.9738753,8.945369,7.2370105,0.7764054365138584,0.6010955573624743
12.5,91.0,194.7134,1.6236787,2.9646237,9.002764,7.2965617,0.7671151595512951,0.5990226452123767
12.5,91.5,200.5518,1.5918242,2.907166,9.064423,7.349601,0.7503530539851896,0.5861486769716596
12.5,92.0,212.50745,1.4371378,2.7333722,8.712641,7.0198345,0.6689558327629708,0.5472084420901837
12.5,92.5,238.6958,1.0084788,2.2058992,7.1256747,5.83872,0.44339189516142435,0.4290228548193515
12.5,93.0,177.3838,0.6193788,1.2596852,5.4604816,4.389158,0.23864429527927947,0.21701414069817765
12.5,93.5,178.07309,0.8807087,1.773883,6.1033797,4.9281063,0.3761582344270934,0.3322252988246578
12.5,94.0,196.5288,0.9940657,1.990135,6.8063307,5.3990803,0.4358076249875091,0.3806787121921085
12.5,94.5,201.9075,1.0723786,2.1236029,7.451492,5.8350315,0.47701653527782917,0.41058353092691485
12.5,95.0,205.35426,1.108872,2.1695187,7.8228436,6.1326795,0.49621967363026565,0.42087143388605713
12.5,95.5,208.60973,1.1150087,2.1786668,7.9975595,6.267509,0.49944883243621585,0.4229211617285282
12.5,96.0,212.44531,1.0948437,2.1421912,8.02519,6.26424,0.4888378610119315,0.41474842618983526
12.5,96.5,217.0351,1.0616891,2.0855072,7.9940553,6.25583,0.471391633958245,0.4020478060556811
12.5,97.0,222.41025,1.0042166,2.0087943,7.8052044,6.1441894,0.4411490857292797,0.38485952663399836
12.5,97.5,237.1877,0.84625405,1.741399,6.982316,5.41309,0.35802791725028077,0.3249469487017212
12.5,98.0,275.94757,0.5045734,1.0119858,4.4364448,3.4692967,0.17823274846779935,0.16151462093453367
12.5,98.5,288.78366,0.16586196,0.29578635,2.9434679,2.2936618,0.0,0.0010429866778307478
12.5,99.0,,,,,,,
12.5,99.5,,,,,,,
12.5,100.0,159.63277,0.32318306,0.61811894,3.3302612,2.6854641,0.08278365558115104,0.07326482268041219
12.0,50.0,61.549263,0.67980504,1.21818,4.4992905,3.3911123,0.2704410777002302,0.20771448220663485
12.0,50.5,,,,,,,
12.0,51.0,117.73747,0.8508425,1.4334677,6.409864,4.966294,0.3604423843434162,0.25595186483666177
12.0,51.5,134.85828,1.4973179,3.1035955,6.8094783,5.47517,0.7006230799856953,0.630160666116676
12.0,52.0,142.33015,1.7855568,4.0324845,6.970889,5.501421,0.8522967531579144,0.8382875311822093
12.0,52.5,146.11269,1.84487,4.3030443,7.0396953,5.5313644,0.8835078357503723,0.8989091536193893
12.0,53.0,149.77824,1.826624,4.350544,7.1277423,5.681069,0.8739066743120661,0.9095519260613968
12.0,53.5,152.86438,1.8311397,4.3682747,7.301471,5.863501,0.8762828454059197,0.9135246693553475
12.0,54.0,153.17249,1.8817402,4.3665447,7.412415,5.76313,0.9029092601859047,0.9131370533734613
12.0,54.5,153.07253,1.9766452,4.5086474,7.4354987,5.7350917,0.9528490623878525,0.9449765865536879
12.0,55.0,154.6706,2.028812,4.6133456,7.4605536,5.822941,0.9802996095815398,0.9684352596272187
12.0,55.5,155.87334,2.0411518,4.6257052,7.465788,5.816744,0.9867929299249706,0.9712045557271326
12.0,56.0,156.54118,2.039327,4.5840282,7.442028,5.7828197,0.985832675777539,0.9618664080797259
12.0,56.5,157.02002,2.0254374,4.520509,7.411976,5.7486744,0.978523879609924,0.9476342347205613
12.0,57.0,157.43861,2.0116172,4.457126,7.3788333,5.707616,0.9712515916676687,0.9334327244779352
12.0,57.5,157.992,1.9966377,4.451066,7.358134,5.678455,0.9633692650800142,0.9320748932999334
12.0,58.0,158.8401,1.9822944,4.452978,7.356728,5.6721826,0.955821722682642,0.9325033222104525
12.0,58.5,160.0549,1.9727767,4.4668794,7.375482,5.668392,0.9508133838150505,0.9356180324419646
12.0,59.0,161.59125,1.9637123,4.4522276,7.413096,5.696944,0.9460436657193974,0.9323351558500642
12.0,59.5,163.30367,1.9489362,4.3741255,7.460643,5.7386136,0.9382683546514397,0.9148355977174595
12.0,60.0,165.08334,1.9331279,4.2837825,7.499328,5.767193,0.9299498739556656,0.8945933466766414
12.0,60.5,166.93799,1.9182881,4.174944,7.5262527,5.7888646,0.9221410656500066,0.8702069807776649
12.0,61.0,168.88011,1.9013559,4.0662055,7.5452676,5.8075986,0.9132311767949705,0.8458430513054238
12.0,61.5,171.05681,1.8833216,4.0005255,7.55814,5.827256,0.9037414219000298,0.8311267853294109
12.0,62.0,173.659,1.866876,3.952361,7.5666857,5.8372574,0.8950875924537874,0.8203350777499312
12.0,62.5,176.88121,1.8512285,3.9105177,7.577005,5.841486,0.886853733057,0.8109596428980926
12.0,63.0,180.96446,1.837189,3.8592298,7.5939503,5.8551817,0.8794660239211678,0.799468079064659
12.0,63.5,185.94066,1.825706,3.818294,7.618978,5.882023,0.8734235989796014,0.790296014395158
12.0,64.0,191.5697,1.8173718,3.784289,7.6566124,5.9260225,0.869038095454958,0.7826768175560659
12.0,64.5,197.53825,1.8110106,3.7591887,7.7101936,5.9842534,0.8656907553834107,0.777052860094516
12.0,65.0,203.41136,1.8055433,3.7373307,7.7732887,6.026163,0.8628138194045986,0.7721553620786206
12.0,65.5,208.92227,1.7992128,3.6939037,7.8388486,6.069396,0.8594826633917158,0.7624251111639807
12.0,66.0,213.85507,1.7900385,3.6268654,7.9043393,6.11842,0.8546550465125455,0.7474045110853209
12.0,66.5,218.31004,1.7793163,3.5804,7.9629498,6.1688657,0.8490129574717439,0.7369934748794521
12.0,67.0,222.62859,1.7674549,3.548431,8.007944,6.187238,0.8427713682423479,0.7298304853839801
12.0,67.5,227.09853,1.7533402,3.5185325,8.039907,6.2101426,0.8353441398934977,0.7231314491413583
12.0,68.0,231.65112,1.7374308,3.4713905,8.062147,6.2361703,0.826972465082423,0.7125688067948345
12.0,68.5,236.2945,1.7213176,3.44614,8.073666,6.298735,0.8184935865649229,0.7069111946931814
12.0,69.0,239.86932,1.7050828,3.4322681,8.088688,6.3664346,0.8099506618307696,0.703803055129499
12.0,69.5,242.70233,1.6905487,3.4202297,8.113293,6.442128,0.8023026904492035,0.7011057158553293
12.0,70.0,244.90347,1.6780688,3.422097,8.157371,6.5466223,0.7957356636370485,0.7015241017938811
12.0,70.5,246.0755,1.6660813,3.4236815,8.209884,6.6356716,0.7894277699502553,0.7018791315369373
12.0,71.0,247.3587,1.6493536,3.4060369,8.262577,6.7223086,0.7806255239040115,0.6979256728859663
12.0,71.5,248.27026,1.6244186,3.3697166,8.299281,6.8082285,0.7675045178928882,0.6897877672287769
12.0,72.0,255.96397,1.5087224,3.1861122,7.896765,6.5742507,0.7066242293047761,0.6486493501479305
12.0,72.5,259.03128,1.4649346,3.1361802,7.673764,6.4048543,0.6835827089768143,0.6374615862165071
12.0,73.0,250.31622,1.4546787,3.0682876,7.7420077,6.499731,0.6781859527012731,0.6222495820497689
12.0,73.5,243.86005,1.4587581,3.0626864,7.9733596,6.720947,0.6803325987150736,0.6209945844943043
12.0,74.0,244.1427,1.4275856,3.01538,8.045365,6.733052,0.6639293652405186,0.6103950823038581
12.0,74.5,247.53687,1.3330462,2.875724,7.918559,6.593689,0.6141819526041687,0.5791037992369304
12.0,75.0,253.77698,1.0958318,2.4701717,7.3793917,6.086063,0.48935775821430366,0.4882357367578657
12.0,75.5,,,,,,,
12.0,76.0,,,,,,,
12.0,76.5,,,,,,,
12.0,77.0,,,,,,,
12.0,77.5,,,,,,,
12.0,78.0,,,,,,,
12.0,78.5,,,,,,,
12.0,79.0,,,,,,,
12.0,79.5,,,,,,,
12.0,80.0,139.9059,0.80837196,1.3334374,5.6214104,4.646338,0.3380940498304657,0.23353907647941508
12.0,80.5,146.6967,0.95414025,1.5333755,5.886277,4.922399,0.4147985213290525,0.27833719528118944
12.0,81.0,151.6407,1.0635417,1.737205,6.2151866,5.2165637,0.47236644121269283,0.3240072363619529
12.0,81.5,155.12572,1.1466804,1.9321587,6.5427623,5.427396,0.5161147118550676,0.3676885553129402
12.0,82.0,157.92952,1.2184101,2.0974343,6.8580647,5.640789,0.5538595122087081,0.40472019816012356
12.0,82.5,160.68262,1.2862325,2.2347019,7.1772747,5.883294,0.5895481843650325,0.4354763724494115
12.0,83.0,163.34848,1.3488468,2.3471105,7.480941,6.067528,0.6224963559208219,0.46066265038156917
12.0,83.5,165.80045,1.4052696,2.4324493,7.739849,6.1923647,0.6521865133722666,0.4797836677063168
12.0,84.0,168.10735,1.4557185,2.5081267,7.951621,6.2974863,0.6787331369793006,0.49673994379154257
12.0,84.5,170.2846,1.5005698,2.6073005,8.124515,6.4142494,0.7023342619093814,0.518960820570106
12.0,85.0,172.23871,1.5393387,2.6892793,8.260086,6.503159,0.7227347696873585,0.5373289889377532
12.0,85.5,173.94856,1.5724927,2.755244,8.363167,6.571845,0.7401806830964972,0.5521090384697711
12.0,86.0,175.42795,1.5995159,2.807443,8.443651,6.641838,0.7544005114162537,0.5638047203664334
12.0,86.5,176.74742,1.6205724,2.890019,8.508441,6.728171,0.7654806323550822,0.5823067059935382
12.0,87.0,178.04855,1.6387876,2.9326155,8.5627575,6.815725,0.7750656097347238,0.5918508948264651
12.0,87.5,179.37373,1.6543934,2.9587374,8.609778,6.882467,0.7832775140131679,0.59770375726078
12.0,88.0,180.78036,1.6661956,2.9961743,8.654842,6.9396744,0.7894879269745163,0.6060918824961329
12.0,88.5,182.32036,1.6747361,2.984401,8.701052,6.9918895,0.7939820142415952,0.6034539463327484
12.0,89.0,183.93481,1.6779841,2.9860466,8.749982,7.047209,0.7956911261112661,0.6038226516121004
12.0,89.5,185.692,1.676949,2.9909112,8.801626,7.1032634,0.7951464509896207,0.6049126345909323
12.0,90.0,187.70848,1.6718652,2.9837387,8.855067,7.1644354,0.7924713139128393,0.6033055453959126
12.0,90.5,190.17531,1.6607993,2.9566975,8.911777,7.204797,0.7866483146968879,0.5972466951961414
12.0,91.0,193.4506,1.6425416,2.9262285,8.974597,7.2653832,0.7770410058254457,0.5904198247411913
12.0,91.5,198.59886,1.6123381,2.9070566,9.042301,7.3284907,0.7611476329277345,0.5861241571624416
12.0,92.0,208.86806,1.4618484,2.7179377,8.834708,7.131493,0.6819587202374063,0.5437501874293015
12.0,92.5,224.7598,0.772489,1.6042197,6.795011,5.0985885,0.31921214622384825,0.29421053983598583
12.0,93.0,163.98799,0.74480695,1.4964439,5.512921,4.4641027,0.30464561522099426,0.27006229387075487
12.0,93.5,179.34178,0.9517646,1.8562458,6.4334464,5.1393905,0.4135484282550329,0.3506795002048225
12.0,94.0,193.77274,1.0650685,2.081084,7.160663,5.6192393,0.4731698730862429,0.4010567570347396
12.0,94.5,199.63664,1.122148,2.1541026,7.626325,5.9536624,0.5032056041004132,0.4174172925700765
12.0,95.0,203.50157,1.1450285,2.1831415,7.8884544,6.136185,0.5152454773553968,0.4239237494832193
12.0,95.5,207.19464,1.1408463,2.1707628,7.9945016,6.1998253,0.513044759021562,0.42115017977821284
12.0,96.0,211.38007,1.1148019,2.1249824,7.9868555,6.195766,0.49933999777814203,0.410892619415227
12.0,96.5,216.49368,1.0788208,2.077601,7.943391,6.1896863,0.4804064682789627,0.4002763433247928
12.0,97.0,222.41304,1.0222224,2.0001755,7.7945895,6.091099,0.4506239111437469,0.38292839133284307
12.0,97.5,238.09488,0.7825818,1.5761452,6.620648,5.108238,0.3245230579866667,0.28792016708033047
12.0,98.0,271.26263,0.38773644,0.77059466,3.8383682,3.024423,0.11675217557972334,0.10742852928014121
12.0,98.5,275.22647,0.19367027,0.3757144,2.581151,2.1635609,0.01463296091807021,0.018951662367943014
12.0,99.0,,,,,,,
12.0,99.5,,,,,,,
12.0,100.0,166.49664,0.39776653,0.83842033,3.4530892,2.72573,0.12203009193611714,0.12262554911902403
11.5,50.0,6.4023004,0.39218798,0.72804195,4.047538,2.6543682,0.11909461420246496,0.09789416973892687
11.5,50.5,,,,,,,
11.5,51.0,,,,,,,
11.5,51.5,136.32684,1.539177,3.2412338,6.8913107,5.6475344,0.7226496465570956,0.6609999086049486
11.5,52.0,142.67804,1.8589209,4.1669292,7.054898,5.6905656,0.8909015668615214,0.8684112119178132
11.5,52.5,146.69275,1.9477787,4.4493823,7.1938186,5.7841783,0.9376592569396835,0.9316976408103965
11.5,53.0,149.46439,1.9802258,4.5401545,7.297951,5.8722253,0.9547331879151753,0.952036047965795
11.5,53.5,150.99487,2.014672,4.60457,7.340006,5.7922444,0.9728590827038645,0.9664689739241779
11.5,54.0,151.63434,2.0556123,4.666369,7.357013,5.703569,0.9944021975693426,0.9803156681040025
11.5,54.5,152.72336,2.0662503,4.668095,7.4006333,5.761743,1.0,0.9807024293648701
11.5,55.0,154.03157,2.0595334,4.588417,7.4280643,5.819196,0.9964654768623477,0.9628497646115008
11.5,55.5,154.95255,2.0473583,4.518176,7.4234467,5.823426,0.9900588478719186,0.9471115728177535
11.5,56.0,155.49097,2.0316722,4.438165,7.403513,5.810828,0.9818047270373456,0.9291843336555209
11.5,56.5,155.8143,2.0114677,4.3759413,7.3724933,5.775725,0.9711729296150897,0.9152424449222617
11.5,57.0,156.0877,1.993228,4.28993,7.3422437,5.7364626,0.9615750300800804,0.8959707295979412
11.5,57.5,156.56252,1.9792943,4.296329,7.324261,5.712742,0.954243024215931,0.8974045241064614
11.5,58.0,157.33089,1.9657998,4.2926545,7.3254957,5.6984544,0.9471421116545735,0.896581214085399
11.5,58.5,158.47592,1.9539846,4.315559,7.3482137,5.6993494,0.9409248612420839,0.9017131727606795
11.5,59.0,159.96852,1.9432361,4.300982,7.3871326,5.7160635,0.9352689091122711,0.898447070068767
11.5,59.5,161.63942,1.9288979,4.2582893,7.432812,5.752843,0.9277240013291002,0.8888813529501868
11.5,60.0,163.39706,1.9121603,4.150789,7.4721904,5.7745996,0.9189165487833634,0.8647947804484464
11.5,60.5,165.2523,1.8951819,4.0614266,7.503782,5.8029943,0.9099823838403304,0.8447722995495079
11.5,61.0,167.19547,1.8797654,3.9621706,7.5254784,5.8326735,0.9018700930702558,0.8225329928489833
11.5,61.5,169.41971,1.8627886,3.869215,7.5423837,5.850637,0.892936743603047,0.8017053647506255
11.5,62.0,172.05922,1.8460671,3.8345492,7.5562596,5.853761,0.8841377594600998,0.7939381409151433
11.5,62.5,175.28018,1.8314455,3.8130536,7.573148,5.8592997,0.8764437450589222,0.7891218413960046
11.5,63.0,179.2831,1.8181051,3.783249,7.5973973,5.877478,0.8694239409776162,0.7824437992383995
11.5,63.5,184.21278,1.8065361,3.7438087,7.6298127,5.9122214,0.8633362257633528,0.773606838628211
11.5,64.0,189.7814,1.7975165,3.6930742,7.67377,5.9639273,0.8585900310087818,0.7622392627625223
11.5,64.5,195.66174,1.7904291,3.650925,7.729797,6.0146413,0.8548606091491494,0.7527952899690135
11.5,65.0,201.45897,1.7842561,3.6281576,7.7934117,6.068987,0.8516123180257857,0.7476940478303351
11.5,65.5,206.78928,1.776285,3.594518,7.8605175,6.114851,0.8474178867596397,0.7401567439488272
11.5,66.0,211.53671,1.7663898,3.5418775,7.925288,6.150396,0.8422109481644047,0.7283621280942746
11.5,66.5,215.85014,1.7545339,3.5090666,7.984758,6.1916175,0.8359722444648481,0.7210105123540341
11.5,67.0,220.08438,1.7420462,3.4824915,8.028823,6.205728,0.829401140273572,0.7150560983787098
11.5,67.5,224.49823,1.7274921,3.4526584,8.060896,6.222044,0.8217426304352012,0.7083716992335296
11.5,68.0,228.80835,1.7106947,3.412606,8.083032,6.256237,0.8129036879768691,0.6993975558998731
11.5,68.5,233.00726,1.6942058,3.3842785,8.093201,6.313197,0.8042270879364591,0.693050504456679
11.5,69.0,236.92104,1.6781716,3.352101,8.106996,6.4118824,0.7957897986859924,0.6858408258255718
11.5,69.5,239.77928,1.6644247,3.3588078,8.132365,6.506992,0.7885560262942025,0.687343532216208
11.5,70.0,241.55267,1.6537375,3.3541005,8.180131,6.6158433,0.7829323795528094,0.686288806479389
11.5,70.5,241.66031,1.6450648,3.3487875,8.242283,6.714316,0.7783687259250366,0.6850983937808842
11.5,71.0,241.91318,1.6325278,3.3505638,8.30969,6.8327727,0.7717716519652058,0.6854963732551196
11.5,71.5,243.49152,1.6100522,3.3206522,8.356032,6.9292307,0.7599448060870628,0.6787943989089967
11.5,72.0,255.3859,1.5033749,3.198801,7.9735637,6.6311746,0.7038103358800644,0.6514924193557531
11.5,72.5,262.87216,1.4274964,3.1037455,7.5898046,6.3299665,0.6638824440161732,0.6301942673367155
11.5,73.0,246.99234,1.4152718,2.977026,7.750263,6.5359073,0.6574497197993704,0.6018015035036851
11.5,73.5,238.05516,1.4410334,2.9878085,8.047679,6.807106,0.6710056880693315,0.6042174258825163
11.5,74.0,237.88144,1.4192071,2.964425,8.112109,6.8317533,0.6595205265615217,0.5989781462993514
11.5,74.5,238.72142,1.3474691,2.8686676,8.125992,6.7912025,0.6217713979131221,0.5775227256129113
11.5,75.0,242.96582,1.1647344,2.5570302,7.921744,6.563787,0.525614879748994,0.507697253568355
11.5,75.5,255.67032,0.5358844,1.18645,6.4570427,4.7595334,0.19470884157079965,0.20060507303500957
11.5,76.0,,,,,,,
11.5,76.5,,,,,,,
11.5,77.0,,,,,,,
11.5,77.5,,,,,,,
11.5,78.0,,,,,,,
11.5,78.5,,,,,,,
11.5,79.0,,,,,,,
11.5,79.5,,,,,,,
11.5,80.0,139.65508,0.7980814,1.3670157,5.408898,4.477112,0.3326790708066994,0.24106262469453155
11.5,80.5,146.6953,0.95722896,1.5722603,5.7440014,4.8335686,0.41642382737556105,0.2870497138530919
11.5,81.0,151.39792,1.068413,1.7871147,6.115546,5.168935,0.47492979537265145,0.3351900055174245
11.5,81.5,154.76234,1.1553417,1.9726557,6.484467,5.4168077,0.520672406236433,0.3767623003552828
11.5,82.0,157.61647,1.2324759,2.1302383,6.843784,5.653872,0.5612610217046418,0.412070264718518
11.5,82.5,160.47339,1.3037912,2.2696042,7.1967664,5.9051967,0.5987877136397678,0.44329658898804014
11.5,83.0,163.25238,1.3704585,2.3535886,7.518467,6.0997453,0.6338686053914369,0.4621141269311595
11.5,83.5,165.79866,1.4290751,2.4310012,7.782946,6.2403383,0.6647131629653787,0.4794591942396718
11.5,84.0,168.14658,1.4805738,2.521361,7.9950924,6.34176,0.6918121773499332,0.4997052381050095
11.5,84.5,170.28493,1.5258975,2.6063743,8.16322,6.451176,0.715661896948571,0.5187532836228034
11.5,85.0,172.12224,1.5638278,2.690779,8.287553,6.5504375,0.7356211068478453,0.5376650011381479
11.5,85.5,173.72551,1.5957096,2.755612,8.38116,6.6324043,0.7523975773342384,0.5521914656279919
11.5,86.0,175.12581,1.6209761,2.821633,8.453036,6.7092514,0.7656930324428275,0.5669841757150962
11.5,86.5,176.41806,1.6408689,2.8842654,8.510695,6.7825055,0.7761607937666032,0.5810175730173976
11.5,87.0,177.71585,1.6579669,2.9539506,8.559397,6.8685813,0.7851578758059176,0.5966312426427635
11.5,87.5,179.02882,1.672133,2.9775243,8.600938,6.9230843,0.7926122030436945,0.6019131514367256
11.5,88.0,180.40308,1.6841139,2.9980538,8.638562,6.9527693,0.7989166466404622,0.6065129928579311
11.5,88.5,181.84833,1.692604,3.0011675,8.678058,7.0018873,0.8033841995788005,0.6072106588892752
11.5,89.0,183.36395,1.6963016,2.9951298,8.721386,7.0507226,0.8053299248953039,0.605857849197257
11.5,89.5,185.03479,1.6963651,3.0075717,8.7685175,7.0895147,0.8053633594040954,0.6086455752191323
11.5,90.0,186.8973,1.6923838,2.9807673,8.81787,7.1310587,0.8032683392828568,0.6026397711425711
11.5,90.5,189.15448,1.6814632,2.9645927,8.874322,7.1655164,0.7975218693365596,0.5990157006041015
11.5,91.0,192.10823,1.6635402,2.938439,8.937663,7.207727,0.7880906405142315,0.5931556798812568
11.5,91.5,196.25874,1.6352243,2.8945744,9.0079155,7.2582984,0.7731905798992862,0.5833274031498086
11.5,92.0,203.20839,1.4962445,2.7144384,8.789606,7.066852,0.7000582688840834,0.5429661411550261
11.5,92.5,205.86131,1.0146784,2.0373206,6.9621334,5.408209,0.44665417483161834,0.39125113041028137
11.5,93.0,174.9013,0.9148342,1.748497,6.4214964,5.0291667,0.39411535708463125,0.32653731741681646
11.5,93.5,185.4975,1.0244108,1.9721832,6.7378926,5.359194,0.451775488465314,0.376656448499149
11.5,94.0,193.79352,1.1283981,2.1225834,7.37348,5.77848,0.5064944180993479,0.41035510673472286
11.5,94.5,198.5157,1.1684543,2.1795099,7.699336,6.0044217,0.5275723353715838,0.42311005507361493
11.5,95.0,202.19843,1.1778927,2.1997466,7.8852124,6.11541,0.5325388967854131,0.4276442966566512
11.5,95.5,205.90102,1.1651562,2.1801305,7.953773,6.1149383,0.5258368773599008,0.4232491074993109
11.5,96.0,210.29663,1.1336132,2.1351812,7.9253345,6.100731,0.5092386824344562,0.41317776947822893
11.5,96.5,215.56038,1.0951555,2.078473,7.8774915,6.1259828,0.4890018971104116,0.4004717539176455
11.5,97.0,221.53058,1.0407382,1.9972533,7.7574215,6.0552177,0.46036709083328015,0.3822736483226464
11.5,97.5,231.10217,0.8642341,1.7118918,6.8296185,5.353894,0.36748916185582975,0.3183355480735266
11.5,98.0,249.10109,0.5527556,1.1029032,4.897514,3.7220325,0.2035866132241449,0.18188558761873036
11.5,98.5,255.94632,0.31560755,0.6669419,3.4047492,2.6066997,0.07879735883690063,0.08420408983072497
11.5,99.0,,,,,,,
11.5,99.5,,,,,,,
11.5,100.0,175.52563,0.4951794,1.0743212,3.5248494,2.727436,0.17328955357277837,0.17548148354755191
11.0,50.0,,,,,,,
11.0,50.5,,,,,,,
11.0,51.0,,,,,,,
11.0,51.5,135.61427,1.5792676,3.2472038,6.750734,5.565001,0.7437456924841922,0.6623375469988886
11.0,52.0,143.11943,1.9066747,4.176011,7.0653477,5.7538357,0.9160300152813896,0.870446088982588
11.0,52.5,146.65161,1.9791169,4.344079,7.1788344,5.8131094,0.9541496835985167,0.9081033876153075
11.0,53.0,148.77489,2.0142405,4.435479,7.248945,5.81841,0.9726320040512839,0.9285825032183752
11.0,53.5,150.2271,2.0434716,4.491428,7.2924757,5.7983685,0.9880136345048647,0.941118375876215
11.0,54.0,151.20389,2.0564303,4.496896,7.3299184,5.8054366,0.9948326433466927,0.942343511616096
11.0,54.5,152.2653,2.051392,4.450312,7.361858,5.8266907,0.9921814687133604,0.9319059790586539
11.0,55.0,153.27576,2.0397182,4.3891635,7.3764257,5.840659,0.9860385520586906,0.9182050148124822
11.0,55.5,153.98683,2.0231442,4.309664,7.370247,5.837348,0.9773172263057697,0.9003923082667274
11.0,56.0,154.35445,2.005278,4.252879,7.3508506,5.8321047,0.9679159191732982,0.8876691448657106
11.0,56.5,154.53226,1.9832618,4.189403,7.3241434,5.797808,0.9563307677836616,0.8734466939581313
11.0,57.0,154.70047,1.9654416,4.1346946,7.2985926,5.759736,0.9469536112813678,0.8611887124714287
11.0,57.5,155.03642,1.9554392,4.1595454,7.2855277,5.73264,0.941690279396445,0.8667567925463947
11.0,58.0,155.74178,1.9464486,4.1967716,7.292181,5.7197495,0.9369593277668954,0.8750976944454759
11.0,58.5,156.8589,1.9360263,4.2127,7.3182235,5.7332835,0.9314750646625282,0.8786665820581891
11.0,59.0,158.32103,1.9236,4.201742,7.3585744,5.766014,0.9249362031307622,0.876211395932571
11.0,59.5,159.98569,1.9080454,4.1075335,7.403004,5.777563,0.9167512722834258,0.8551029919796385
11.0,60.0,161.75433,1.8911605,4.0085793,7.443853,5.7950053,0.907866286805482,0.8329313150797021
11.0,60.5,163.60458,1.8742994,3.9261458,7.478046,5.808931,0.8989938471094487,0.8144612746506633
11.0,61.0,165.56003,1.8586388,3.8538888,7.50337,5.833893,0.8907530875326104,0.798271362798643
11.0,61.5,167.80524,1.841732,3.7856967,7.5250735,5.852119,0.8818566226642185,0.782992263031953
11.0,62.0,170.4779,1.8260599,3.733215,7.54594,5.876316,0.8736098411120631,0.7712332249397951
11.0,62.5,173.72076,1.8126885,3.715389,7.5704546,5.892547,0.8665736647853639,0.7672391136203821
11.0,63.0,177.66844,1.7998557,3.6853344,7.599631,5.922918,0.859820960400933,0.7605050872360657
11.0,63.5,182.35272,1.7878088,3.6506069,7.6394687,5.955428,0.8534817649882731,0.7527240276040967
11.0,64.0,187.77681,1.7770036,3.603203,7.690062,6.0106707,0.8477960166264229,0.7421027300276789
11.0,64.5,193.56625,1.7689964,3.5646398,7.7471285,6.0570726,0.8435825157717729,0.7334622484116162
11.0,65.0,199.2885,1.761968,3.5472772,7.811866,6.0935273,0.839884144722369,0.7295719856959499
11.0,65.5,204.45697,1.7528838,3.5174487,7.8793907,6.1709347,0.8351039508988206,0.7228886015319792
11.0,66.0,209.031,1.7417628,3.4672136,7.945528,6.194926,0.8292519709266559,0.7116329406996493
11.0,66.5,213.24513,1.7288072,3.4285421,8.003999,6.215565,0.8224346557653859,0.7029682063746869
11.0,67.0,217.43282,1.7150532,3.4112365,8.049076,6.238128,0.8151971823679323,0.6990907110542345
11.0,67.5,221.80795,1.7002571,3.3893018,8.08003,6.268623,0.8074113328431697,0.6941760117778419
11.0,68.0,226.05183,1.6834298,3.3558705,8.099701,6.3052883,0.7985567081574493,0.6866853970319693
11.0,68.5,230.32173,1.6662117,3.316323,8.110308,6.3742886,0.7894963953773059,0.6778243973931356
11.0,69.0,234.32166,1.6496959,3.288608,8.122246,6.454528,0.7808056186033371,0.6716145820934731
11.0,69.5,237.5467,1.6359042,3.2878048,8.147951,6.5478587,0.7735483228704648,0.6714346098990169
11.0,70.0,239.06311,1.6264281,3.2764006,8.195047,6.652897,0.768561939121217,0.6688793679941715
11.0,70.5,238.28987,1.6212118,3.2833118,8.268657,6.806092,0.765817047497013,0.6704279087994244
11.0,71.0,237.71094,1.6139205,3.2776604,8.346957,6.9314327,0.761980296473136,0.6691616396105284
11.0,71.5,237.90137,1.601051,3.2603533,8.413915,7.0197988,0.7552082715845629,0.6652838237696941
11.0,72.0,238.14972,1.559947,3.209443,8.404768,7.0585976,0.7335790299262691,0.6538768773170911
11.0,72.5,255.34143,1.3566622,2.8148456,7.6295905,6.5019536,0.6266088632310921,0.5654633599228807
11.0,73.0,224.25082,1.2979251,2.4904058,7.888546,6.8029237,0.595700949458502,0.49276939072020176
11.0,73.5,227.01825,1.357398,2.6686702,8.034262,6.8926954,0.6269960887897604,0.5327113052152866
11.0,74.0,228.52744,1.3669279,2.7579799,8.071291,6.879205,0.6320107632772167,0.5527220337002208
11.0,74.5,230.71344,1.3345739,2.762496,8.107818,6.8394566,0.6149858235800857,0.5537339165459879
11.0,75.0,231.39476,1.258522,2.6627083,8.152669,6.832507,0.5749667238817051,0.531375483103511
11.0,75.5,231.83209,0.8333547,1.7878724,7.7710977,6.231382,0.35124017876986474,0.3353597744797225
11.0,76.0,238.88449,0.52537507,1.1230242,6.870531,5.158032,0.18917875499800427,0.18639389376086177
11.0,76.5,,,,,,,
11.0,77.0,,,,,,,
11.0,77.5,,,,,,,
11.0,78.0,,,,,,,
11.0,78.5,,,,,,,
11.0,79.0,,,,,,,
11.0,79.5,,,,,,,
11.0,80.0,139.44707,0.7227145,1.3027251,4.922996,4.132711,0.29302038005815345,0.22665766413947253
11.0,80.5,147.14459,0.94295764,1.5766102,5.4934936,4.665221,0.40891414187510383,0.288024362914491
11.0,81.0,151.35715,1.0700917,1.8386065,5.987796,5.0590377,0.47581314387697154,0.34672724350528383
11.0,81.5,154.34206,1.1620351,2.020749,6.419734,5.3698144,0.5241945090499939,0.38753811546582495
11.0,82.0,157.25883,1.2433925,2.1564095,6.822068,5.6625867,0.5670054215969237,0.4179341851060095
11.0,82.5,160.33792,1.322473,2.275441,7.224451,5.924421,0.6086182747003079,0.44460436556639654
11.0,83.0,163.31596,1.3927969,2.3593779,7.566434,6.1524496,0.6456232502946847,0.4634112729168484
11.0,83.5,165.97699,1.4541533,2.4464378,7.837618,6.2978945,0.6779095063968746,0.4829179296811269
11.0,84.0,168.33377,1.5067652,2.5401025,8.050162,6.413178,0.7055943460677411,0.503904429048797
11.0,84.5,170.32549,1.5507195,2.6175652,8.205446,6.525804,0.7287234359534384,0.5212607145706769
11.0,85.0,172.10802,1.5880787,2.6960282,8.325371,6.6290293,0.7483821743759556,0.5388411506796564
11.0,85.5,173.61987,1.618121,2.776993,8.408444,6.7139387,0.764190675059042,0.5569821235165757
11.0,86.0,174.96738,1.6418611,2.8423364,8.468238,6.777853,0.7766828864808097,0.5716229603627068
11.0,86.5,176.26543,1.6610503,2.891974,8.520061,6.8531294,0.7867804217804057,0.5827447505155153
11.0,87.0,177.53432,1.6768043,2.9193096,8.560271,6.9131064,0.7950702980934238,0.5888695744939015
11.0,87.5,178.80849,1.6906003,2.9621558,8.592557,6.937379,0.8023298520670399,0.5984696941334761
11.0,88.0,180.13713,1.702637,2.99088,8.623893,6.955072,0.8086636527934783,0.6049056365625933
11.0,88.5,181.49852,1.710879,3.0070305,8.657691,6.9955616,0.8130006668710374,0.6085243116746337
11.0,89.0,182.92899,1.7158486,3.0321503,8.694947,7.0303226,0.8156157096524674,0.6141526495814034
11.0,89.5,184.4949,1.7167003,3.0356872,8.7377,7.077293,0.816063907711221,0.6149451362257364
11.0,90.0,186.24702,1.7128687,2.9799316,8.7842,7.110333,0.8140476751003803,0.6024525338194577
11.0,90.5,188.27663,1.7034147,2.969867,8.837286,7.146843,0.8090728961993996,0.600197459252294
11.0,91.0,190.82747,1.6863472,2.929369,8.899567,7.18377,0.8000918727609307,0.5911234738196648
11.0,91.5,194.34108,1.6590106,2.8631847,8.970797,7.2226396,0.7857071301379603,0.57629422440902
11.0,92.0,199.1083,1.5920093,2.7727637,9.013701,7.220268,0.7504504719817248,0.5560345050073864
11.0,92.5,197.24384,1.1285125,2.127959,7.3839793,5.7613335,0.5065546378525184,0.41155956890996903
11.0,93.0,183.33676,1.0997132,2.0014596,7.217279,5.583038,0.4914002115093372,0.3832161117956929
11.0,93.5,191.3422,1.192211,2.1922188,7.5860863,5.879772,0.5400733288406888,0.42595761156678463
11.0,94.0,194.595,1.1949465,2.2070994,7.501342,5.8524375,0.541512769128193,0.4292917714197945
11.0,94.5,197.3566,1.2103333,2.215037,7.686849,5.990466,0.5496094403997889,0.43107028559908533
11.0,95.0,200.231,1.2079303,2.1986544,7.828165,6.0465426,0.548344951041027,0.42739957934504424
11.0,95.5,204.59564,1.1879786,2.1721528,7.8802023,6.010684,0.5378462016359323,0.42146161874932586
11.0,96.0,209.36366,1.1544431,2.128568,7.854044,5.9909625,0.5201995557162252,0.4116960037525458
11.0,96.5,214.6693,1.1146673,2.0738404,7.799982,5.957757,0.4992691768392571,0.39943374866075065
11.0,97.0,220.16862,1.064349,2.0037122,7.7096014,5.9160175,0.4727913041170928,0.3837208245571124
11.0,97.5,227.40009,0.94845766,1.8399811,7.14832,5.531739,0.41180829693958826,0.34703523688229104
11.0,98.0,242.16718,0.6908176,1.3724997,5.7007375,4.3244405,0.276235974364702,0.24229136628870926
11.0,98.5,267.00922,0.3213596,0.66979575,3.4821608,2.6893597,0.08182413849840665,0.08484352799268428
11.0,99.0,,,,,,,
11.0,99.5,,,,,,,
11.0,100.0,175.99731,0.5606701,1.2126471,3.614322,2.775064,0.2077512796227082,0.20647478949940773
10.5,50.0,,,,,,,
10.5,50.5,,,,,,,
10.5,51.0,,,,,,,
10.5,51.5,138.01082,1.6746588,3.3818808,6.7144585,5.490123,0.7939413031792956,0.6925132588764932
10.5,52.0,143.74901,1.9409217,4.0924015,7.0554323,5.7383504,0.9340510273333069,0.8517125273795355
10.5,52.5,146.53305,2.0000143,4.253591,7.1424108,5.767508,0.9651460614430923,0.8878286571757866
10.5,53.0,148.39638,2.0295594,4.327358,7.205885,5.788336,0.9806929198444349,0.9043568248708752
10.5,53.5,149.72696,2.04202,4.3363547,7.2536845,5.8093586,0.9872498473021519,0.9063726843929886
10.5,54.0,150.79036,2.0356243,4.2834983,7.2959614,5.8353558,0.9838843158468343,0.8945296699607637
10.5,54.5,151.73874,2.021329,4.246977,7.3227863,5.852203,0.9763619904711023,0.8863466777698489
10.5,55.0,152.49554,2.0046575,4.1897783,7.327614,5.843142,0.9675893524701672,0.8735307771383255
10.5,55.5,153.01717,1.9879827,4.1286316,7.3167624,5.8410754,0.9588149580597647,0.859830240252663
10.5,56.0,153.26222,1.9701645,4.0657167,7.2973723,5.825973,0.9494388679489334,0.8457335401749295
10.5,56.5,153.30858,1.9481745,4.0035243,7.2783656,5.8073745,0.9378675169193983,0.8317987028900728
10.5,57.0,153.33824,1.9348611,3.9961913,7.2585835,5.775657,0.9308618895716513,0.830155661992213
10.5,57.5,153.6175,1.9332247,4.0279164,7.247482,5.759457,0.9300008098302224,0.8372640027625652
10.5,58.0,154.30371,1.930513,4.087698,7.2585144,5.757452,0.9285739153246287,0.8506586563637348
10.5,58.5,155.41432,1.9213215,4.102414,7.289912,5.775969,0.9237372654824828,0.8539559563728223
10.5,59.0,156.92802,1.9059691,4.043465,7.3355465,5.8047276,0.9156587228657477,0.8407478456339385
10.5,59.5,158.64943,1.8880329,3.9183376,7.3836856,5.8276463,0.9062205311344592,0.8127117675659375
10.5,60.0,160.40652,1.8691099,3.8346584,7.42595,5.8434124,0.8962630694898942,0.7939626073042976
10.5,60.5,162.24397,1.8530592,3.7758331,7.459353,5.846712,0.8878170609209997,0.7807822215784511
10.5,61.0,164.24477,1.8386614,3.7332544,7.4868693,5.857581,0.8802408514119618,0.7712420392502983
10.5,61.5,166.48166,1.8242613,3.6824465,7.511064,5.876964,0.872663387324733,0.7598580100050036
10.5,62.0,169.12881,1.8093507,3.644684,7.5372767,5.902114,0.8648173180468,0.7513969663827607
10.5,62.5,172.25433,1.7956272,3.6137748,7.5670886,5.9243536,0.8575959032501919,0.7444714290702384
10.5,63.0,176.01819,1.7823118,3.5839403,7.6040816,5.9517984,0.8505892095109824,0.7377867094046763
10.5,63.5,180.4534,1.768667,3.5443592,7.652059,5.9908724,0.843409195794679,0.7289181775368673
10.5,64.0,185.54399,1.7560751,3.5136752,7.707567,6.0381474,0.836783266536454,0.7220431221844997
10.5,64.5,191.11137,1.7471893,3.4742026,7.7676125,6.0762844,0.8321074536184011,0.713198896445654
10.5,65.0,196.9553,1.7398005,3.4624774,7.8321204,6.138782,0.8282193903465102,0.7105717511351279
10.5,65.5,201.91402,1.7301875,3.4194016,7.899219,6.1857214,0.8231609938090957,0.7009201879742529
10.5,66.0,206.37459,1.7169552,3.3855286,7.9656105,6.2290616,0.8161980221198445,0.6933305858504261
10.5,66.5,210.60037,1.7026716,3.3536117,8.023321,6.244171,0.8086819069061582,0.6861792953488947
10.5,67.0,214.92091,1.6879879,3.331101,8.068086,6.264741,0.8009552107431036,0.6811355331987099
10.5,67.5,219.11275,1.6724769,3.3123548,8.0983,6.3005676,0.7927931759477539,0.6769352738536494
10.5,68.0,223.33173,1.654878,3.2716303,8.119553,6.3688273,0.7835325070304994,0.6678105393605472
10.5,68.5,227.66261,1.6367952,3.2467675,8.130066,6.4530435,0.7740171587404612,0.6622397882823985
10.5,69.0,232.07507,1.6192452,3.2192643,8.141445,6.5128536,0.7647822086761233,0.6560774099992623
10.5,69.5,235.67169,1.6049128,3.2094111,8.163602,6.606221,0.7572403746095204,0.6538697190285612
10.5,70.0,237.037,1.5962645,3.186974,8.213282,6.71635,0.7526895804082059,0.648842463678046
10.5,70.5,235.62863,1.593243,3.1958287,8.287706,6.845872,0.751099653466685,0.6508264314221569
10.5,71.0,234.06747,1.59223,3.2056143,8.376457,6.961948,0.7505665831933067,0.6530190045148434
10.5,71.5,232.91188,1.5892318,3.2091265,8.455506,7.077329,0.7489889511180581,0.6538059354725563
10.5,72.0,230.88452,1.5719349,3.1922836,8.505322,7.1530457,0.7398871745287005,0.6500321284956596
10.5,72.5,228.09326,1.446865,2.962129,8.1745825,6.9490457,0.6740743235957365,0.5984637110863467
10.5,73.0,221.12685,1.4524413,2.9078598,8.32479,7.109792,0.6770086565267893,0.5863041293568978
10.5,73.5,224.80531,1.4132928,2.882111,8.130296,6.9046116,0.6564083571718872,0.5805348693222043
10.5,74.0,222.84425,1.4128098,2.88147,8.118519,6.868385,0.6561542423592895,0.5803912227710339
10.5,74.5,224.25975,1.3807317,2.8434844,8.093206,6.781953,0.6392744573588632,0.5718801779692092
10.5,75.0,225.07892,1.3292946,2.7829876,8.114039,6.738668,0.612207811091638,0.5583252641770722
10.5,75.5,225.19931,1.2026544,2.533587,7.992225,6.605511,0.5455686949620469,0.5024445655492127
10.5,76.0,228.36044,0.8941563,1.912435,7.734045,6.316163,0.38323446316254195,0.36326927370689105
10.5,76.5,,,,,,,
10.5,77.0,,,,,,,
10.5,77.5,,,,,,,
10.5,78.0,,,,,,,
10.5,78.5,,,,,,,
10.5,79.0,,,,,,,
10.5,79.5,,,,,,,
10.5,80.0,144.5434,0.7552354,1.3190887,4.4527497,3.8514974,0.3101331402286582,0.23032409678842117
10.5,80.5,147.5548,0.92479664,1.6397905,5.2582583,4.4985385,0.39935767478485396,0.30218054623310525
10.5,81.0,150.81729,1.0548905,1.8701137,5.8236036,4.9308796,0.4678141415175491,0.35378675833745465
10.5,81.5,153.58188,1.1570829,2.0242617,6.335785,5.300185,0.5215886246893586,0.38832515326366507
10.5,82.0,156.69339,1.2492068,2.1667619,6.809789,5.6372566,0.5700649614314436,0.42025373769000574
10.5,82.5,160.2036,1.3367877,2.27072,7.2641377,5.982573,0.6161507621593875,0.44354659488594905
10.5,83.0,163.44766,1.4143802,2.3634374,7.636935,6.21071,0.6569805702848263,0.46432085634071485
10.5,83.5,166.19835,1.4786714,2.4529393,7.910167,6.371323,0.6908111494112923,0.4843746413969555
10.5,84.0,168.52351,1.5319355,2.537073,8.112401,6.484824,0.7188391162174116,0.5032256202999233
10.5,84.5,170.50105,1.575385,2.6218867,8.263243,6.619232,0.741702611900063,0.522229006644501
10.5,85.0,172.18642,1.6102997,2.6926246,8.367112,6.7002077,0.7600750313032941,0.538078525850907
10.5,85.5,173.64748,1.6386228,2.7762241,8.439341,6.784382,0.7749788556528125,0.556809843811286
10.5,86.0,174.97655,1.6618353,2.8237598,8.490719,6.8529606,0.7871934916498099,0.5674606826829054
10.5,86.5,176.23952,1.680207,2.8685164,8.528476,6.9203224,0.796860832087694,0.5774888572925535
10.5,87.0,177.49808,1.6957277,2.9057713,8.559872,6.9451756,0.8050279479247175,0.5858361695992734
10.5,87.5,178.76904,1.7096872,2.9431138,8.5852585,6.9687166,0.8123735659622399,0.5942031404894187
10.5,88.0,180.04156,1.7212273,2.9876757,8.609877,6.9660826,0.818446038051482,0.60418767090706
10.5,88.5,181.3285,1.7302274,3.0317726,8.63789,6.998777,0.8231819452648863,0.6140680322005727
10.5,89.0,182.70981,1.734924,3.0512352,8.673603,7.0280733,0.8256533388434407,0.6184288188369187
10.5,89.5,184.14713,1.7355182,3.0308044,8.712439,7.0660195,0.8259660424575606,0.6138510933220667
10.5,90.0,185.75919,1.7324338,3.0038977,8.754965,7.0813985,0.824342994651796,0.6078223720381972
10.5,90.5,187.68637,1.722943,2.9658327,8.807099,7.1230335,0.8193488325177635,0.599293538355175
10.5,91.0,189.90044,1.7072288,2.9020872,8.865932,7.1497073,0.811079907660536,0.5850107227756648
10.5,91.5,192.69585,1.6820928,2.8600228,8.936503,7.1893883,0.797853140707907,0.5755857675248175
10.5,92.0,196.64865,1.6217365,2.803926,9.013246,7.25506,0.7660931801568637,0.5630167210074474
10.5,92.5,193.6041,1.3967272,2.447065,8.518903,6.730965,0.6476914224426349,0.4830584778686052
10.5,93.0,189.70381,1.2813984,2.2326486,8.034554,6.1689177,0.587004464353764,0.4350163188612082
10.5,93.5,193.56122,1.2515881,2.2648635,7.6655674,5.954777,0.5713180341286669,0.4422343844423093
10.5,94.0,194.09723,1.2263238,2.2431467,7.4378886,5.8335614,0.5580237708693593,0.4373685111040981
10.5,94.5,195.01938,1.2299044,2.2244015,7.568425,5.9078197,0.559907896396682,0.43316846543929216
10.5,95.0,197.91919,1.2298931,2.1976087,7.757407,5.9900684,0.5599019371502746,0.42716527894585016
10.5,95.5,202.63696,1.2107549,2.1634896,7.8352256,5.9937115,0.549831249823967,0.4195205473163306
10.5,96.0,208.15112,1.1767706,2.1121173,7.797065,5.936943,0.5319484295597943,0.4080100727803628
10.5,96.5,213.67905,1.1366041,2.0638876,7.7185426,5.8856645,0.5108124880462221,0.39720372810344146
10.5,97.0,218.90347,1.0870988,2.0003474,7.6092997,5.8010836,0.4847624264872068,0.3829669071987389
10.5,97.5,224.56017,0.99693656,1.884093,7.376983,5.607668,0.43731829395181027,0.35691896363981396
10.5,98.0,239.87796,0.56490093,1.0566182,5.269833,3.7730045,0.2099775913516405,0.1715149636910171
10.5,98.5,258.22284,0.36081547,0.7326363,3.1739354,2.5752501,0.1025861372999081,0.09892357436557314
10.5,99.0,,,,,,,
10.5,99.5,162.17685,0.51469326,1.1829282,3.4486768,2.6987357,0.18355789969308625,0.19981597856471867
10.5,100.0,172.81755,0.5912091,1.2451286,3.658032,2.8218038,0.22382117167190047,0.21375260542170776
10.0,50.0,,,,,,,
10.0,50.5,,,,,,,
10.0,51.0,136.783,1.6361915,3.1163232,6.781269,5.5008764,0.7736994995424867,0.6330124427948745
10.0,51.5,141.00208,1.8598187,3.7792478,6.9122877,5.620127,0.8913739782793623,0.7815473037301287
10.0,52.0,144.20207,1.9692876,4.064262,7.0257897,5.7014346,0.9489774340902642,0.8454075709465021
10.0,52.5,146.48344,2.0141292,4.199319,7.1018467,5.7432632,0.9725734152497617,0.875668434405574
10.0,53.0,148.09409,2.0288696,4.2374334,7.162736,5.781383,0.9803299703737633,0.8842083794618365
10.0,53.5,149.365,2.027058,4.231322,7.215739,5.8135676,0.9793766164063825,0.8828390095500851
10.0,54.0,150.40094,2.0124547,4.1932564,7.2553287,5.833332,0.9716923249861855,0.8743100690269355
10.0,54.5,151.22043,1.9883962,4.114358,7.2804456,5.854583,0.9590325019180932,0.8566320878817206
10.0,55.0,151.84113,1.9657054,4.0211306,7.2833457,5.8530436,0.9470924303582078,0.8357435609107953
10.0,55.5,152.20369,1.946408,3.9372897,7.2699013,5.847836,0.9369379999376475,0.8169581818459967
10.0,56.0,152.3236,1.9314541,3.8660326,7.251815,5.839157,0.9290690973366371,0.8009923137409485
10.0,56.5,152.24632,1.9139874,3.8222845,7.2352357,5.826289,0.9198779947800765,0.7911901060005643
10.0,57.0,152.18723,1.9107568,3.8584628,7.220638,5.8186812,0.9181780413312003,0.7992962267198784
10.0,57.5,152.47762,1.9148735,3.908121,7.215302,5.8101068,0.9203442587647812,0.8104226644182251
10.0,58.0,153.17363,1.9165688,3.952388,7.227146,5.794703,0.9212363265875291,0.8203411142171243
10.0,58.5,154.38182,1.9075098,3.9793203,7.2645707,5.792101,0.9164694312928058,0.826375551447805
10.0,59.0,155.9368,1.8890759,3.8825474,7.3158636,5.81224,0.9067693463641352,0.8046926147102549
10.0,59.5,157.6657,1.8680698,3.7733614,7.368462,5.849574,0.8957157597540475,0.780228415778532
10.0,60.0,159.391,1.8483142,3.7037876,7.412224,5.8784733,0.8853201994051668,0.7646396933228934
10.0,60.5,161.22034,1.8333014,3.673841,7.446328,5.8945155,0.8774203714517471,0.7579298662274131
10.0,61.0,163.25089,1.8206593,3.628359,7.475269,5.9057555,0.8707679705936908,0.7477391877841242
10.0,61.5,165.4833,1.8083782,3.5877256,7.503405,5.931036,0.8643055756026695,0.7386348597553386
10.0,62.0,167.99286,1.7953025,3.565354,7.533431,5.9572043,0.8574250297005704,0.7336222949223288
10.0,62.5,170.86139,1.7806541,3.5296836,7.5693674,5.981576,0.8497169012947435,0.7256299589386013
10.0,63.0,174.30374,1.7659974,3.488826,7.6122856,6.001554,0.8420044445941575,0.7164754160499793
10.0,63.5,178.32236,1.7518172,3.443424,7.6638975,6.043727,0.8345427153450532,0.7063026333280151
10.0,64.0,183.18063,1.738694,3.4100661,7.7237916,6.0767617,0.8276371406080426,0.6988284719617484
10.0,64.5,188.53526,1.72892,3.3869135,7.7868943,6.126067,0.8224939973138227,0.6936409030002023
10.0,65.0,194.22554,1.7196538,3.374881,7.8538265,6.1653204,0.8176180791742969,0.690944899227624
10.0,65.5,199.1594,1.7078009,3.3526897,7.9223547,6.2088637,0.811380943697479,0.6859727199627379
10.0,66.0,203.52985,1.694159,3.326532,7.986639,6.243593,0.8042024982039145,0.6801117910988111
10.0,66.5,207.76823,1.678525,3.2800288,8.041977,6.282191,0.7959757271739064,0.6696923145228847
10.0,67.0,212.16333,1.6623892,3.253861,8.084813,6.3052583,0.7874849301635913,0.6638291420162843
10.0,67.5,216.12086,1.6454968,3.2237384,8.118194,6.349223,0.7785960554932553,0.6570798909138261
10.0,68.0,220.2322,1.6268355,3.1849174,8.140282,6.4328647,0.7687762838051583,0.6483816622089515
10.0,68.5,224.74478,1.6074226,3.1564863,8.152545,6.507583,0.7585610690712414,0.6420113730380672
10.0,69.0,229.31483,1.5887488,3.1301532,8.162919,6.588947,0.7487347735765508,0.6361111804273535
10.0,69.5,233.09744,1.5737844,3.0996304,8.185888,6.6856856,0.7408603508314999,0.6292722370380172
10.0,70.0,235.02289,1.5646682,3.0861776,8.231036,6.7657475,0.7360633456601914,0.6262580099462416
10.0,70.5,234.42673,1.5624887,3.0969946,8.304501,6.8734555,0.7349164730068406,0.6286816782343029
10.0,71.0,232.81076,1.5649747,3.1108603,8.395247,6.97203,0.7362246216866511,0.6317884288763302
10.0,71.5,230.70999,1.5674777,3.117654,8.479754,7.099838,0.7375417406005277,0.6333106335902008
10.0,72.0,227.58272,1.5606635,3.1005237,8.535044,7.184286,0.7339560306726803,0.6294724020165353
10.0,72.5,221.71053,1.4966216,2.9461126,8.466108,7.202435,0.7002566804249984,0.5948750580500808
10.0,73.0,219.69714,1.4695231,2.8978062,8.36786,7.164604,0.6859972074344045,0.5840515121126623
10.0,73.5,219.62799,1.439422,2.8812416,8.203564,7.0139813,0.6701577813989086,0.5803400463500518
10.0,74.0,217.48222,1.4041573,2.811255,8.079029,6.8526573,0.651601189917231,0.5646588537642251
10.0,74.5,218.90692,1.384774,2.7950766,8.048856,6.778971,0.6414015319528833,0.561033928504737
10.0,75.0,220.38116,1.350795,2.7690437,8.115055,6.8093,0.6235215344896404,0.5552009917541658
10.0,75.5,222.58035,1.2686799,2.6411762,8.16244,6.8392982,0.5803118542646845,0.526551010314633
10.0,76.0,227.72096,1.1464033,2.4257832,7.9720526,6.682265,0.5159689298692673,0.4782900427265021
10.0,76.5,,,,,,,
10.0,77.0,,,,,,,
10.0,77.5,,,,,,,
10.0,78.0,,,,,,,
10.0,78.5,,,,,,,
10.0,79.0,,,,,,,
10.0,79.5,147.64508,0.6786131,1.1957048,4.2104363,3.5927951,0.2698138826980683,0.20267870635596658
10.0,80.0,149.09647,0.7466274,1.3843666,4.167858,3.589973,0.30560354839877246,0.24495026982707865
10.0,80.5,147.17795,0.8303721,1.5423797,4.832418,4.138578,0.349670701452858,0.2803546841152443
10.0,81.0,148.45448,0.9929301,1.763828,5.601664,4.7527995,0.43521006939511075,0.32997238777007204
10.0,81.5,151.74673,1.1287686,1.9710454,6.2501154,5.224929,0.5066893795502375,0.3764015012453519
10.0,82.0,155.4322,1.2376894,2.0996804,6.794016,5.61065,0.5640044078350165,0.40522346857982433
10.0,82.5,159.82568,1.3479773,2.2504892,7.3299217,6.019695,0.622038811254545,0.4390136888045042
10.0,83.0,163.4803,1.4338642,2.3692114,7.719373,6.253037,0.667233234177746,0.46561458344232975
10.0,83.5,166.3901,1.5012981,2.469952,7.998593,6.4514413,0.7027174728178385,0.48818653687923874
10.0,84.0,168.77791,1.5552663,2.5418153,8.194998,6.5861726,0.7311159792926851,0.5042881987860999
10.0,84.5,170.68573,1.5967861,2.6052961,8.322823,6.679835,0.7529640821164082,0.5185117180949521
10.0,85.0,172.35033,1.6305928,2.6779835,8.414712,6.772241,0.7707534363053475,0.5347980531618711
10.0,85.5,173.77846,1.6578237,2.7460172,8.470303,6.8349323,0.7850825383855448,0.5500416820062936
10.0,86.0,175.08513,1.6807107,2.807513,8.504572,6.8984127,0.7971258617305539,0.5638204258651481
10.0,86.5,176.35219,1.699421,2.8643723,8.5339575,6.9494348,0.8069714150004771,0.5765603097460893
10.0,87.0,177.6185,1.7153982,2.9067526,8.556213,6.978411,0.8153787198321776,0.5860560465812805
10.0,87.5,178.88754,1.7288988,2.9502957,8.575774,6.9896607,0.8224828315679222,0.5958123130669208
10.0,88.0,180.15768,1.7400194,2.998909,8.596312,6.987778,0.8283346233533583,0.6067046106262644
10.0,88.5,181.41396,1.7473428,3.0248532,8.624457,7.0035205,0.8321882484539049,0.6125176751131556
10.0,89.0,182.67734,1.7510778,3.0239258,8.656788,7.0354223,0.8341536079190983,0.6123098710655347
10.0,89.5,183.96198,1.7513666,3.0040555,8.692152,7.058834,0.8343056000669443,0.6078577361203373
10.0,90.0,185.43616,1.7483004,2.960981,8.731659,7.0803204,0.8326921497843411,0.5982064400597805
10.0,90.5,187.04382,1.7408384,2.9084432,8.776338,7.1272135,0.8287655709619849,0.5864348482526635
10.0,91.0,188.77571,1.7277544,2.90048,8.827934,7.1595254,0.821880634036217,0.5846506181265615
10.0,91.5,190.70055,1.7075552,2.8515503,8.884092,7.166154,0.8112516594148911,0.5736874321427468
10.0,92.0,192.87083,1.6766912,2.8023782,8.941216,7.165612,0.7950107683582583,0.5626699179541943
10.0,92.5,194.46568,1.5730541,2.6646557,8.773022,6.949653,0.7404760735315805,0.5318118181834511
10.0,93.0,195.98227,1.392863,2.4775584,8.095255,6.304146,0.6456580648394864,0.4898907971700481
10.0,93.5,195.7634,1.2613683,2.3265753,7.337614,5.789782,0.5764644393261836,0.4560615268788359
10.0,94.0,193.18404,1.232488,2.2392519,7.1900883,5.7066174,0.5612674200534161,0.4364958409442178
10.0,94.5,192.96353,1.2449137,2.2098129,7.4466867,5.827964,0.5678059052117248,0.4298997451642606
10.0,95.0,196.34004,1.2546469,2.1881106,7.747659,5.99824,0.5729275952188778,0.4250371304499324
10.0,95.5,201.67746,1.2342657,2.1512332,7.839218,6.0246005,0.562202833552665,0.41677438210397955
10.0,96.0,207.8891,1.19813,2.0987659,7.7957816,5.9555664,0.543187944657796,0.4050185492156409
10.0,96.5,213.89818,1.1548511,2.0362816,7.6797767,5.8555746,0.5204142140447143,0.3910183257728696
10.0,97.0,220.11421,1.1000034,1.9710565,7.5015187,5.7128587,0.49155289367518834,0.37640398527831187
10.0,97.5,227.13103,1.0130463,1.8443023,7.2168097,5.349848,0.44579535333093334,0.34800344882601963
10.0,98.0,242.47101,0.72759396,1.3595122,5.447579,4.084746,0.2955879997839616,0.23938138845115783
10.0,98.5,265.78638,0.36452797,0.7366283,3.5925515,2.7175336,0.10453968804787822,0.09981802655640908
10.0,99.0,,,,,,,
10.0,99.5,149.82799,0.45412624,1.024613,3.2809846,2.6016862,0.15168703442995385,0.16434388105590125
10.0,100.0,162.35027,0.5330888,1.0785079,3.5224893,2.784695,0.19323778591288096,0.1764195665753787
9.5,50.0,,,,,,,
9.5,50.5,,,,,,,
9.5,51.0,136.81432,1.7525272,3.3261383,6.7947283,5.5261955,0.8349163287303487,0.6800235945737154
9.5,51.5,141.48225,1.915751,3.8318717,6.9024634,5.6344233,0.9208060062679981,0.7933382336002892
9.5,52.0,144.3503,1.9844637,4.0071616,6.993646,5.683876,0.9569632006497711,0.832613679381205
9.5,52.5,146.32959,2.01107,4.0907345,7.064496,5.7175574,0.9709636659728222,0.8513390142944545
9.5,53.0,147.75952,2.0117455,4.0951295,7.1219683,5.764656,0.9713190879743474,0.8523237597478845
9.5,53.5,148.96786,2.000765,4.056726,7.172943,5.801388,0.9655411281154548,0.8437190695744712
9.5,54.0,149.93875,1.9822775,4.005052,7.2091002,5.8310037,0.9558128151774855,0.8321410186579788
9.5,54.5,150.69194,1.9537281,3.9275386,7.2349515,5.850395,0.9407898686287266,0.8147733546625402
9.5,55.0,151.18887,1.926302,3.8491688,7.2401853,5.86845,0.9263580165946821,0.7972138057984501
9.5,55.5,151.46819,1.9060155,3.7388222,7.2277994,5.872416,0.9156831244115636,0.7724895579968509
9.5,56.0,151.51477,1.8972855,3.6783688,7.207438,5.8571634,0.911089298178296,0.7589443666562994
9.5,56.5,151.38715,1.8928148,3.6881392,7.190356,5.843084,0.9087367758833438,0.7611335208649119
9.5,57.0,151.37535,1.8930953,3.7217803,7.18134,5.8348107,0.9088843770075211,0.7686711452668017
9.5,57.5,151.67416,1.892699,3.7434373,7.1842127,5.826799,0.9086758661121682,0.7735236101690353
9.5,58.0,152.46074,1.8934059,3.827718,7.2027082,5.8170853,0.9090478485458153,0.7924075492512788
9.5,58.5,153.70972,1.884786,3.8237958,7.243753,5.825587,0.9045119838249743,0.791528735784078
9.5,59.0,155.27219,1.8671892,3.7619686,7.298171,5.843941,0.8952523812991822,0.7776757380367421
9.5,59.5,156.98148,1.846438,3.684551,7.35357,5.861955,0.8843329718266276,0.760329548906893
9.5,60.0,158.71742,1.8283223,3.6198368,7.4006042,5.907779,0.8748003103575529,0.7458296876087495
9.5,60.5,160.52676,1.81426,3.5626135,7.437186,5.9298487,0.8674006199999962,0.733008231290606
9.5,61.0,162.57114,1.8045819,3.5277553,7.467295,5.9564767,0.8623079107490565,0.7251978974637536
9.5,61.5,164.76599,1.7955341,3.5265224,7.4968963,5.976942,0.8575469119718312,0.7249216623145898
9.5,62.0,167.14725,1.7830632,3.4998477,7.5309205,6.007497,0.8509845898278926,0.7189449187526573
9.5,62.5,169.7717,1.7670904,3.4533956,7.5753694,6.037555,0.8425796059658455,0.7085368740703532
9.5,63.0,172.79749,1.751512,3.4085612,7.625013,6.0678644,0.8343821293365985,0.6984912845199533
9.5,63.5,176.41501,1.7377452,3.369558,7.680025,6.0964603,0.8271378812169132,0.6897522428864458
9.5,64.0,180.81528,1.7246219,3.339786,7.7432194,6.140574,0.8202323064799026,0.6830815192775614
9.5,64.5,185.7551,1.7126974,3.3105323,7.8101783,6.1758666,0.8139575336573532,0.6765269308870648
9.5,65.0,190.93274,1.7008538,3.2820256,7.8799467,6.205732,0.8077253537643901,0.6701397075560016
9.5,65.5,196.01195,1.6874766,3.2685225,7.947668,6.239032,0.8006861664500324,0.6671142088307946
9.5,66.0,200.4626,1.672823,3.232192,8.008054,6.2884016,0.7929752779721851,0.658974006110868
9.5,66.5,204.6365,1.656065,3.2027652,8.060253,6.325955,0.7841570987829148,0.6523806347541572
9.5,67.0,208.82376,1.6387405,3.161065,8.103148,6.359898,0.7750408318154506,0.6430373053605758
9.5,67.5,212.57613,1.6205333,3.1208658,8.1374855,6.4018,0.765460057272749,0.6340302552677074
9.5,68.0,216.63492,1.6013589,3.0976017,8.16104,6.4794655,0.7553703003579374,0.6288176857163704
9.5,68.5,221.27225,1.5815643,3.0720763,8.174658,6.554695,0.7449542276556331,0.6230984802813223
9.5,69.0,226.12862,1.5622773,3.0455012,8.185133,6.628846,0.7348052546502039,0.6171440663059979
9.5,69.5,230.57416,1.5457981,3.0192468,8.20469,6.712713,0.7261337356514677,0.6112615023162906
9.5,70.0,233.55063,1.5358899,2.9973948,8.245637,6.794874,0.7209199596050914,0.6063653398019867
9.5,70.5,233.36963,1.5338433,3.0040107,8.315995,6.870481,0.7198430296858919,0.6078476931483701
9.5,71.0,232.25848,1.5370266,3.025393,8.40431,6.986295,0.7215181424865853,0.6126386181372722
9.5,71.5,229.5879,1.5414027,3.0364418,8.487937,7.095009,0.7238208580273527,0.6151142107272068
9.5,72.0,226.2396,1.5402309,3.0316746,8.5419,7.172485,0.7232042328464503,0.6140460765544101
9.5,72.5,222.78773,1.5225095,3.0070426,8.525503,7.2079816,0.7138790786101757,0.6085270360978802
9.5,73.0,219.90506,1.4889395,2.9562643,8.359637,7.1207976,0.6962143040356079,0.5971496309404789
9.5,73.5,216.39981,1.4620398,2.9340045,8.184972,6.9362097,0.6820594628661478,0.5921621201173235
9.5,74.0,214.43466,1.4361873,2.8839355,8.080166,6.806189,0.668455632438198,0.5809436396492981
9.5,74.5,215.02225,1.4132242,2.852826,8.070128,6.775627,0.6563722880488945,0.5739732829033687
9.5,75.0,216.11826,1.3866543,2.8225408,8.16803,6.8918014,0.6423909550432569,0.5671875458974336
9.5,75.5,217.28662,1.336664,2.7365596,8.317054,7.0469694,0.6160856495512719,0.5479226149211973
9.5,76.0,222.79619,1.225948,2.5446472,8.3137455,7.012226,0.5578259866175399,0.5049227223022028
9.5,76.5,,,,,,,
9.5,77.0,,,,,,,
9.5,77.5,,,,,,,
9.5,78.0,,,,,,,
9.5,78.5,,,,,,,
9.5,79.0,164.70067,0.78279394,1.3954101,4.7248774,3.8244946,0.3246346840812156,0.2474246604655811
9.5,79.5,166.87476,0.73929673,1.4432511,3.8808548,3.2058454,0.3017460968347431,0.25814393043874356
9.5,80.0,195.62006,0.5508141,1.1944022,3.7009604,2.9498036,0.20256497883871602,0.2023868458381834
9.5,80.5,,,,,,,
9.5,81.0,139.81764,0.8295927,1.4749824,5.3396745,4.379808,0.34926057984220293,0.265253633420719
9.5,81.5,147.74513,1.0607231,1.8244004,6.1315207,5.0840225,0.4708832788752305,0.34354423572238785
9.5,82.0,153.69048,1.219728,2.050238,6.794402,5.5821166,0.5545529803038124,0.39414537603908617
9.5,82.5,159.2638,1.3546137,2.2360988,7.409122,6.0450196,0.6255309296493398,0.4357893606023705
9.5,83.0,163.50858,1.4529544,2.3564827,7.8327627,6.336919,0.6772786417535038,0.4627625930838766
9.5,83.5,166.58174,1.5224075,2.4318635,8.106321,6.5534315,0.7138254453925083,0.47965241460991465
9.5,84.0,168.95015,1.5740215,2.5027874,8.281439,6.7049956,0.7409851186326001,0.4955436014659721
9.5,84.5,170.87827,1.615437,2.57942,8.39187,6.7829247,0.7627783336604645,0.5127139317462664
9.5,85.0,172.48927,1.6494766,2.6706138,8.454968,6.839555,0.7806902601386698,0.5331467855742082
9.5,85.5,173.93854,1.6774641,2.74752,8.488704,6.8795505,0.7954175026077976,0.5503783886675158
9.5,86.0,175.30124,1.7006402,2.8068473,8.511743,6.9296737,0.8076129435584718,0.5636712770474213
9.5,86.5,176.62875,1.7196614,2.8598483,8.530711,6.9638352,0.8176220310955987,0.5755466640382215
9.5,87.0,177.97421,1.7350096,2.9114754,8.549712,7.0019293,0.8256983782004995,0.5871142446222373
9.5,87.5,179.23598,1.7476187,2.9610734,8.567204,7.01507,0.8323334031506097,0.598227167044479
9.5,88.0,180.41505,1.7566845,2.9807584,8.586201,7.0207586,0.837103936722087,0.6026377946002158
9.5,88.5,181.64548,1.7623426,2.9974787,8.61289,7.0266314,0.8400812389561834,0.6063841436643935
9.5,89.0,182.90065,1.7647938,2.9957178,8.64429,7.0506353,0.8413710707944045,0.6059895830742321
9.5,89.5,184.1875,1.7638295,2.9541032,8.6788435,7.0839,0.8408636566450334,0.5966654314835032
9.5,90.0,185.55118,1.7600305,2.9217994,8.716574,7.1231804,0.8388646117554102,0.5894274402186584
9.5,90.5,187.00227,1.7524959,2.9025857,8.75972,7.138389,0.8348998310271364,0.585122424128769
9.5,91.0,188.5451,1.7406808,2.8729224,8.808801,7.176552,0.8286826433435562,0.5784760600689117
9.5,91.5,190.27573,1.7222859,2.8221684,8.866247,7.1830916,0.8190030707683094,0.5671041037580034
9.5,92.0,192.56241,1.692512,2.7602293,8.9329195,7.196448,0.8033358355895354,0.5532260520008128
9.5,92.5,195.71526,1.5977333,2.6408343,8.859962,7.069962,0.7534624633028038,0.5264744059433507
9.5,93.0,192.26436,1.2284256,2.1528244,7.349455,5.746183,0.5591297442736817,0.417130907608818
9.5,93.5,193.6985,1.1885767,2.1420777,6.861553,5.5200877,0.5381609125751579,0.4147229982395351
9.5,94.0,189.4451,1.1882812,2.1102958,6.8555326,5.5217957,0.5380054076083769,0.4076019434940329
9.5,94.5,190.25594,1.2431943,2.1386266,7.423266,5.8479986,0.5669011661492472,0.41394974281811814
9.5,95.0,195.37653,1.2676743,2.1450868,7.8274302,6.085094,0.5797827359126081,0.41539721286293435
9.5,95.5,201.59949,1.2470356,2.1233547,7.929087,6.140106,0.5689224798017616,0.4105279206406492
9.5,96.0,208.8738,1.2040576,2.0584195,7.849193,6.0287914,0.5463070769563908,0.3959785389434968
9.5,96.5,216.53954,1.1508486,1.9946578,7.6957192,5.908015,0.5183080909064848,0.3816920907996581
9.5,97.0,224.61778,1.0871235,1.9258248,7.490384,5.7340875,0.48477541137148417,0.36626937119182973
9.5,97.5,235.79727,0.9799054,1.7997283,7.1462502,5.416395,0.4283563714663002,0.3380161939851319
9.5,98.0,260.87103,0.7048792,1.3284663,5.544201,4.284528,0.2836353197132561,0.2324252414421609
9.5,98.5,276.56982,0.41820958,0.86175305,4.601975,3.6075354,0.1327873942241604,0.12785347693866203
9.5,99.0,,,,,,,
9.5,99.5,124.88898,0.34738472,0.7903863,2.9337666,2.3802986,0.09551876902293388,0.11186304895934811
9.5,100.0,146.95894,0.41101798,0.8070952,3.2366977,2.6033478,0.12900311593312422,0.1156068472154862
9.0,50.0,,,,,,,
9.0,50.5,135.11778,1.4611449,2.6416028,6.465386,5.451838,0.6815885569421363,0.5266465788085132
9.0,51.0,137.79582,1.8340988,3.475227,6.757154,5.535864,0.8778399651277446,0.7134284424591828
9.0,51.5,141.97304,1.9465313,3.8206825,6.891029,5.6290812,0.9370028616301249,0.7908311765928613
9.0,52.0,144.31612,1.9838027,3.9167933,6.9682903,5.6675434,0.9566153688463018,0.8123657658136393
9.0,52.5,146.00421,1.9892774,3.9458795,7.031377,5.7295694,0.9594961940175063,0.818882799899386
9.0,53.0,147.392,1.9814858,3.9185917,7.0859137,5.771638,0.9553962324891465,0.8127687133537946
9.0,53.5,148.54405,1.963796,3.8736804,7.1353292,5.800791,0.9460877014139033,0.8027058691228339
9.0,54.0,149.4333,1.9417955,3.78871,7.168781,5.8379736,0.9345108302403277,0.7836674392164981
9.0,54.5,150.0677,1.9142174,3.7142284,7.1894994,5.860596,0.9199989988466035,0.7669790647505059
9.0,55.0,150.48906,1.8869789,3.643404,7.1961484,5.867854,0.9056658821161949,0.7511101540609929
9.0,55.5,150.75003,1.8676676,3.5629678,7.187969,5.875047,0.8955041124132169,0.7330876135051984
9.0,56.0,150.7969,1.8643855,3.5289588,7.1677384,5.8635683,0.8937770600754139,0.7254675619450878
9.0,56.5,150.73659,1.868769,3.5605226,7.1489396,5.850293,0.8960837275374832,0.732539737332345
9.0,57.0,150.77078,1.8702337,3.5981438,7.142155,5.832759,0.8968544149202468,0.7409691562769039
9.0,57.5,151.13368,1.8689047,3.6575317,7.1526017,5.81908,0.896155113036554,0.754275613352978
9.0,58.0,151.99994,1.865896,3.7070854,7.181653,5.8218937,0.8945718980883554,0.7653785996433796
9.0,58.5,153.31583,1.8561624,3.6854916,7.229087,5.8517165,0.8894500198944737,0.7605402910580149
9.0,59.0,154.93272,1.8408917,3.6558995,7.2871914,5.887982,0.881414446580782,0.7539098995971907
9.0,59.5,156.6012,1.8233508,3.5805464,7.342981,5.9054236,0.8721842639135701,0.7370262747985368
9.0,60.0,158.3371,1.808208,3.5287197,7.3915086,5.9234986,0.8642159987198285,0.7254139816212412
9.0,60.5,160.16634,1.7975842,3.481277,7.4296837,5.956616,0.8586256610294077,0.7147839765744474
9.0,61.0,162.22833,1.7912803,3.4645424,7.4598465,5.9903374,0.8553084935633553,0.7110344223064504
9.0,61.5,164.40892,1.7822087,3.4584572,7.493852,6.0180135,0.8505349490042193,0.7096709820217647
9.0,62.0,166.6642,1.7678018,3.424309,7.5371976,6.0459056,0.842953909369146,0.7020197331444792
9.0,62.5,169.079,1.7516197,3.3724108,7.5871253,6.0710588,0.8344387735419245,0.6903914139480868
9.0,63.0,171.79237,1.7361772,3.3283691,7.6419272,6.1095057,0.8263128078695675,0.6805234461093423
9.0,63.5,174.99599,1.7224668,3.296324,7.703052,6.1493373,0.8190982932530102,0.6733434156135641
9.0,64.0,178.64784,1.709271,3.2626455,7.7707543,6.1865444,0.8121545166100821,0.6657974042616804
9.0,64.5,183.16592,1.6965123,3.2329483,7.8418016,6.239623,0.8054408296073929,0.659143454552784
9.0,65.0,187.5841,1.6833736,3.1949277,7.9124355,6.2826743,0.7985271001121405,0.6506245570016018
9.0,65.5,193.08505,1.6685095,3.1749003,7.9788375,6.323149,0.7907054951089328,0.6461372182344552
9.0,66.0,197.5547,1.6519555,3.1397831,8.036391,6.3593264,0.7819946450839071,0.6382688702184728
9.0,66.5,201.5394,1.6344188,3.1115856,8.08503,6.368155,0.7727667206574391,0.631950932709971
9.0,67.0,205.10335,1.6164787,3.0749362,8.125578,6.4067883,0.7633264588721355,0.6237392539448731
9.0,67.5,208.6883,1.598174,3.0406651,8.157034,6.465485,0.7536943720814199,0.6160604937348048
9.0,68.0,212.7497,1.5791284,3.017813,8.181437,6.531348,0.7436724251178347,0.610940234053465
9.0,68.5,217.43507,1.5589957,2.9972982,8.199679,6.6038604,0.7330784532280391,0.606343704676206
9.0,69.0,222.54897,1.5393901,2.9778235,8.211527,6.6692095,0.7227618058473757,0.6019801936166136
9.0,69.5,227.30864,1.5224688,2.949897,8.228407,6.739364,0.7138576880520183,0.5957229947204884
9.0,70.0,230.86191,1.5112685,2.9303126,8.2630415,6.7896047,0.7079639933550012,0.5913349104316142
9.0,70.5,232.11731,1.5080781,2.9298306,8.327865,6.8521023,0.7062851795486441,0.5912268950629024
9.0,71.0,231.38268,1.509885,2.9391549,8.412087,6.9637194,0.7072359616307333,0.593316100332415
9.0,71.5,228.87918,1.5133783,2.947395,8.48887,7.067926,0.7090741695962636,0.595162404572485
9.0,72.0,226.20485,1.5118773,2.9429123,8.530338,7.1538467,0.7082843498960865,0.5941580005356296
9.0,72.5,223.78378,1.498438,2.9162629,8.485446,7.154571,0.7012124808198518,0.5881869195004447
9.0,73.0,220.37782,1.4613103,2.8883886,8.245987,6.985755,0.6816755619396858,0.5819414195982602
9.0,73.5,213.52522,1.4424052,2.8601453,8.069232,6.8020873,0.6717275723604631,0.5756132254375366
9.0,74.0,209.17412,1.4315827,2.8491392,8.0127535,6.7115927,0.6660326655778183,0.5731471950389962
9.0,74.5,208.6879,1.4186252,2.830186,8.0475855,6.7320013,0.6592143467539954,0.5689005136586188
9.0,75.0,209.67346,1.4050636,2.8261952,8.175287,6.8685193,0.6520781178165597,0.5680063686331489
9.0,75.5,210.9885,1.3800194,2.7858522,8.347506,7.0509205,0.6388996521242863,0.558967106241896
9.0,76.0,215.0854,1.3080943,2.6463594,8.413587,7.135191,0.6010520390878891,0.527712362498509
9.0,76.5,221.482,0.9784566,2.0209112,8.277251,6.9070354,0.4275939956640523,0.3875744411091108
9.0,77.0,,,,,,,
9.0,77.5,,,,,,,
9.0,78.0,,,,,,,
9.0,78.5,164.36375,0.896558,1.3612745,6.6935506,5.1223984,0.38449826250329877,0.2397762428516693
9.0,79.0,175.90608,1.1881552,1.9806094,7.121986,5.2956886,0.5379391031509798,0.37854442038887043
9.0,79.5,187.67523,1.1646607,2.2078123,6.655586,5.0161743,0.5255761132828906,0.4294514974101252
9.0,80.0,,,,,,,
9.0,80.5,,,,,,,
9.0,81.0,,,,,,,
9.0,81.5,143.58319,0.9712015,1.653847,6.00288,4.9218287,0.4237762828642246,0.3053300329260572
9.0,82.0,152.43372,1.1965909,2.0104995,6.807547,5.5693502,0.542378051706562,0.3852415869292643
9.0,82.5,158.99596,1.359153,2.2038422,7.521907,6.107029,0.6279195837961943,0.4285619465101297
9.0,83.0,163.5205,1.4665945,2.3168766,7.968468,6.4602957,0.6844561463134251,0.4538884521093837
9.0,83.5,166.66002,1.5383202,2.3790545,8.226684,6.6871204,0.7221988138841409,0.46782003077035733
9.0,84.0,169.05634,1.5915617,2.4601552,8.370509,6.807145,0.7502149249263547,0.4859914530435604
9.0,84.5,171.07307,1.6352681,2.558464,8.448965,6.87394,0.773213601409092,0.5080185218311808
9.0,85.0,172.7888,1.6714779,2.6564283,8.481115,6.9154315,0.7922675076857029,0.5299683986268185
9.0,85.5,174.35818,1.7012483,2.7423344,8.495451,6.9309936,0.8079329237260997,0.5492165022830032
9.0,86.0,175.82845,1.7252213,2.8205967,8.506279,6.9572597,0.8205477074371332,0.5667519586983846
9.0,86.5,177.22679,1.7427622,2.8807197,8.521367,6.9838905,0.8297778901043451,0.5802231098307093
9.0,87.0,178.5928,1.7554358,2.914497,8.541687,7.011299,0.8364468513945232,0.5877912370889465
9.0,87.5,179.80077,1.7646207,2.9268959,8.561694,7.0395837,0.8412799884177341,0.5905693474993637
9.0,88.0,180.88965,1.7714044,2.9439552,8.580867,7.0426292,0.844849639744736,0.5943916598940598
9.0,88.5,182.06104,1.7755111,2.9539368,8.605385,7.064089,0.8470106506788241,0.5966281442790714
9.0,89.0,183.32861,1.7760829,2.9249094,8.637361,7.0923853,0.8473114985290384,0.5901242515289841
9.0,89.5,184.60127,1.7737219,2.9095159,8.672957,7.1206217,0.8460691524753486,0.5866751851190507
9.0,90.0,185.82486,1.7693154,2.8886642,8.709252,7.146142,0.8437503783337358,0.5820031731918462
9.0,90.5,187.09702,1.7622274,2.8659825,8.750041,7.154996,0.8400206428295556,0.5769211088560202
9.0,91.0,188.48415,1.751694,2.829721,8.796367,7.177074,0.8344778536525758,0.5687963445344901
9.0,91.5,190.1161,1.7352352,2.779998,8.855416,7.186638,0.8258171240262827,0.5576554299988928
9.0,92.0,192.41998,1.7085748,2.7284431,8.925982,7.2075396,0.8117881797782948,0.5461040356941648
9.0,92.5,195.78015,1.6581469,2.670881,9.008903,7.2399554,0.785252596459342,0.5332066694655664
9.0,93.0,191.91864,1.2958361,2.1813345,7.6173124,6.0085244,0.5946016880475018,0.4235188788207724
9.0,93.5,194.56464,1.1410738,2.0204558,6.517972,5.33284,0.5131645085098979,0.38747240878752837
9.0,94.0,186.63245,1.1498982,2.0021374,6.6261845,5.3717365,0.5178079533106217,0.38336798503666625
9.0,94.5,188.582,1.2474849,2.0851135,7.5033865,5.906683,0.5691589050618654,0.4019596095305854
9.0,95.0,195.35077,1.2832345,2.1225638,7.9629936,6.2200794,0.5879706150186935,0.4103507262895031
9.0,95.5,202.58221,1.2579083,2.096666,8.043779,6.281389,0.5746437954553282,0.4045480787150247
9.0,96.0,210.80241,1.2024683,2.0511415,7.909231,6.1662545,0.5454707751342351,0.39434783808034146
9.0,96.5,219.80568,1.1342387,1.9835974,7.7091317,5.993123,0.5095678210228789,0.37921390733663607
9.0,97.0,229.61745,1.0533187,1.8843669,7.468036,5.768481,0.46698706084509767,0.3569803165829226
9.0,97.5,242.64783,0.921724,1.7039597,6.967304,5.386942,0.39774083714113495,0.31655828926573165
9.0,98.0,263.46774,0.68107396,1.3226479,5.6637325,4.3998003,0.27110879557796314,0.23112157820870602
9.0,98.5,268.0568,0.34723476,0.72867996,5.0633154,3.9343817,0.09543985605471667,0.09803712182926964
9.0,99.0,,,,,,,
9.0,99.5,,,,,,,
9.0,100.0,,,,,,,
8.5,50.0,,,,,,,
8.5,50.5,135.25221,1.6711794,3.0290132,6.6238847,5.493233,0.792110434496183,0.613449748383821
8.5,51.0,139.23741,1.9072136,3.5836053,6.7993174,5.6013546,0.9163135499525675,0.73771165421524
8.5,51.5,142.10873,1.9515506,3.7037845,6.886721,5.6541934,0.9396440623668383,0.7646389988620659
8.5,52.0,144.16043,1.9668881,3.7791445,6.952427,5.697547,0.9477147638698794,0.7815241728425658
8.5,52.5,145.64713,1.9614003,3.7576575,7.005955,5.745482,0.9448270385186242,0.7767097964457188
8.5,53.0,146.93265,1.9461616,3.6953828,7.057744,5.7792535,0.9368083392816022,0.7627565292389009
8.5,53.5,148.04233,1.9260553,3.6326926,7.1039004,5.8138437,0.9262282304808177,0.7487101508611311
8.5,54.0,148.8823,1.9014069,3.5716212,7.133721,5.849573,0.913258024768259,0.7350264947155838
8.5,54.5,149.41225,1.8727276,3.5176575,7.1503015,5.8688927,0.8981667664369973,0.7229353975077417
8.5,55.0,149.7366,1.8481812,3.4794645,7.1533465,5.8867383,0.8852502566710156,0.7143778772505364
8.5,55.5,149.97636,1.8307817,3.414788,7.1467094,5.884892,0.8760944704905331,0.6998864563224505
8.5,56.0,150.15656,1.8303776,3.385676,7.1313033,5.88074,0.8758818194871497,0.6933635994497653
8.5,56.5,150.17014,1.8350686,3.413497,7.1174264,5.8604045,0.8783502648069552,0.6995971866777546
8.5,57.0,150.24022,1.8396842,3.4692848,7.110085,5.83653,0.8807790654559234,0.7120970007926268
8.5,57.5,150.7542,1.8420013,3.5535543,7.1240597,5.8329735,0.8819983272708979,0.7309784291318785
8.5,58.0,151.74895,1.8370271,3.5845,7.1630783,5.8489285,0.8793808380619954,0.73791213971414
8.5,58.5,153.11823,1.8268203,3.570374,7.2169394,5.88187,0.8740099260971897,0.7347470543626006
8.5,59.0,154.75533,1.8139759,3.5362458,7.2785745,5.9202857,0.8672511370085323,0.7271002927706621
8.5,59.5,156.4418,1.7998371,3.485568,7.337708,5.9471083,0.8598111746910428,0.7157454308801235
8.5,60.0,158.18741,1.7879913,3.4344096,7.3866487,5.9611206,0.8535778029487983,0.7042828741412549
8.5,60.5,160.06433,1.7812212,3.4075787,7.423512,6.0009003,0.8500153027174854,0.698271140437628
8.5,61.0,162.02437,1.7742653,3.3942916,7.4595227,6.03203,0.8463550708450895,0.6952940402900931
8.5,61.5,164.07175,1.7626827,3.3759108,7.5014834,6.0517626,0.8402602045351371,0.6911756204825532
8.5,62.0,166.19066,1.747201,3.3451028,7.5508404,6.0854797,0.8321136010515373,0.6842727866970847
8.5,62.5,168.44456,1.7322857,3.2899506,7.605583,6.1174994,0.8242650853461315,0.6719153904719186
8.5,63.0,170.99843,1.7179623,3.2450445,7.665294,6.156123,0.816727955947745,0.6618537214823584
8.5,63.5,173.96436,1.7042797,3.207443,7.73084,6.2004766,0.8095280571671135,0.653428736403083
8.5,64.0,177.21117,1.6912544,3.175241,7.8041315,6.25685,0.8026740455937552,0.6462135555054194
8.5,64.5,180.84935,1.6781929,3.1411204,7.879175,6.322884,0.7958009644318929,0.6385685033555178
8.5,65.0,185.00049,1.664642,3.1080413,7.94977,6.3678327,0.7886703810963169,0.6311567900436647
8.5,65.5,189.9856,1.6487823,3.0872111,8.013994,6.409517,0.7803248642405257,0.6264895859221893
8.5,66.0,194.31056,1.6313498,3.0612853,8.067542,6.42732,0.7711517648810067,0.6206806347801995
8.5,66.5,198.08382,1.6133322,3.0245655,8.11471,6.4551673,0.7616707293044939,0.6124531970963231
8.5,67.0,201.29099,1.5952905,2.9924345,8.15299,6.4861865,0.7521770852171609,0.6052539353776288
8.5,67.5,204.60762,1.5772157,2.9732962,8.183728,6.542305,0.7426659397640628,0.6009658000278546
8.5,68.0,208.48491,1.5588425,2.9468577,8.209028,6.59904,0.7329978465792639,0.595041995749005
8.5,68.5,213.17514,1.5391216,2.922716,8.229731,6.6403074,0.7226205403430631,0.5896327869433512
8.5,69.0,218.25005,1.5197529,2.8904395,8.244671,6.6934757,0.7124285353056808,0.5824009389858269
8.5,69.5,223.2544,1.5020874,2.8665502,8.259606,6.7546697,0.7031328009279864,0.5770483020275845
8.5,70.0,227.03618,1.4903573,2.8497298,8.290638,6.8076773,0.6969603389569173,0.5732795165366715
8.5,70.5,229.90295,1.4842911,2.843127,8.34815,6.850852,0.6937682529365128,0.5718001012937892
8.5,71.0,230.1669,1.484673,2.8482988,8.424262,6.92658,0.6939692363627193,0.5729588893146097
8.5,71.5,228.36638,1.4866192,2.847615,8.49666,7.036316,0.6949933485400756,0.5728056805720451
8.5,72.0,226.62735,1.4847873,2.8499393,8.526087,7.112322,0.6940293933869803,0.5733264727726249
8.5,72.5,225.20876,1.4620874,2.8270617,8.4098625,7.0562115,0.6820844917010593,0.5682004971444738
8.5,73.0,220.90952,1.3991692,2.7606874,8.015209,6.7354364,0.6489764241548205,0.5533286719430954
8.5,73.5,206.44104,1.4007784,2.7350688,7.902575,6.639054,0.6498232017048714,0.547588579263158
8.5,74.0,200.50095,1.412743,2.7663414,7.906937,6.6002955,0.6561190514410304,0.5545955287526916
8.5,74.5,199.7135,1.4115899,2.7735906,7.9769654,6.6639547,0.6555122746989279,0.5562197657881446
8.5,75.0,200.88126,1.4137245,2.774478,8.137845,6.833087,0.6566355612822868,0.5564185952650712
8.5,75.5,202.59752,1.4132308,2.7793148,8.309589,7.015055,0.6563757381389198,0.5575023280964554
8.5,76.0,205.38808,1.3929621,2.7373674,8.428909,7.134854,0.6457101925633246,0.548103602096863
8.5,76.5,208.83109,1.2386279,2.4107656,8.383961,7.076751,0.5644982725399242,0.4749252197569538
8.5,77.0,209.15979,1.0875555,2.0917692,8.366961,7.03028,0.4850027409397029,0.40345088402759927
8.5,77.5,,,,,,,
8.5,78.0,160.88618,0.9120562,1.3005732,6.6263003,4.9336095,0.3926535539408716,0.22617552135494756
8.5,78.5,173.29471,1.2946408,1.925105,7.2695074,5.4186077,0.5939727052714177,0.36610809601965305
8.5,79.0,185.24774,1.4219259,2.249815,7.400246,5.5345955,0.6609511848016885,0.43886261686448574
8.5,79.5,206.15868,1.2787498,2.2827177,6.756194,5.101895,0.5856107534413236,0.44623479932923366
8.5,80.0,,,,,,,
8.5,80.5,,,,,,,
8.5,81.0,,,,,,,
8.5,81.5,135.2972,0.80365044,1.3911316,5.7155175,4.6136827,0.3356095459098148,0.2464660374232787
8.5,82.0,149.80196,1.1427472,1.8149152,6.836236,5.6284122,0.5140450342132882,0.34141897190990755
8.5,82.5,157.9427,1.353286,2.062916,7.7455063,6.27326,0.6248323177836521,0.39698604134404425
8.5,83.0,163.13072,1.477074,2.1890943,8.163395,6.6041813,0.6899705820232871,0.42525754163257606
8.5,83.5,166.77542,1.561726,2.3367167,8.340282,6.764671,0.7345151334435229,0.4583338027064968
8.5,84.0,169.50626,1.6229914,2.4616213,8.434549,6.8616395,0.7667535273877242,0.48631993301497956
8.5,84.5,171.6932,1.6689979,2.5919416,8.465124,6.9353356,0.79096249545137,0.5155195000694027
8.5,85.0,173.58696,1.7054472,2.6983128,8.472539,6.9738903,0.810142424107272,0.5393530217296059
8.5,85.5,175.2568,1.7336142,2.787571,8.478437,6.9810233,0.824964136314186,0.5593522114807904
8.5,86.0,176.76149,1.7546878,2.8498597,8.487748,6.978545,0.8360532274870806,0.5733086304713639
8.5,86.5,178.18733,1.7674775,2.8850198,8.507456,7.010618,0.8427832867351629,0.5811865940988045
8.5,87.0,179.45268,1.7756785,2.8923442,8.530278,7.0245967,0.8470987220678359,0.5828277118743727
8.5,87.5,180.58173,1.7817631,2.8885117,8.552491,7.0447035,0.8503004683403116,0.5819689843511066
8.5,88.0,181.56706,1.7855215,2.880541,8.5728855,7.0805206,0.8522781854006869,0.5801830982030312
8.5,88.5,182.64207,1.7865466,2.870069,8.599706,7.1157093,0.8528175912939299,0.5778367287470797
8.5,89.0,183.87688,1.7855749,2.8777483,8.633718,7.1273503,0.8523062879521665,0.5795573355773678
8.5,89.5,185.06929,1.7816958,2.862544,8.672657,7.153579,0.850265089235324,0.576150684697977
8.5,90.0,186.17189,1.7761309,2.8388023,8.711659,7.1688533,0.8473367782795882,0.5708311147591376
8.5,90.5,187.31178,1.7698251,2.8199124,8.75114,7.1766357,0.8440186071509828,0.5665986431156926
8.5,91.0,188.5677,1.7597265,2.7837389,8.800148,7.165183,0.838704653036051,0.5584935907976515
8.5,91.5,189.9803,1.7459458,2.7402785,8.855383,7.1789594,0.8314531283628577,0.5487558610740997
8.5,92.0,191.9008,1.7251285,2.6966,8.9221525,7.2080045,0.8204989043455013,0.538969251992303
8.5,92.5,194.46153,1.6855273,2.6500099,8.990331,7.228219,0.7996604233210278,0.5285302770931422
8.5,93.0,195.80867,1.3790458,2.3022914,7.872805,6.340305,0.63838734511997,0.45062047971524327
8.5,93.5,200.15797,1.02397,1.7953985,5.9865484,4.995956,0.4515435169577884,0.33704605891911166
8.5,94.0,180.3886,1.0866419,1.7923961,6.439493,5.3348894,0.48452198657689155,0.3363733400574948
8.5,94.5,186.83817,1.2690102,2.042581,7.780014,6.0957947,0.5804856760730548,0.3924297906947818
8.5,95.0,195.0553,1.3056867,2.1074648,8.192728,6.389813,0.5997851660305642,0.4069676336581845
8.5,95.5,203.46277,1.2677019,2.0934658,8.170771,6.3895855,0.5797972262907147,0.40383102120057357
8.5,96.0,212.19887,1.1946054,2.0267746,7.9182415,6.1861715,0.5413332389890534,0.3888882007345967
8.5,96.5,220.7572,1.1105055,1.9323878,7.5866485,5.8924627,0.49707918514895577,0.36773989199411333
8.5,97.0,230.53671,1.0217909,1.813426,7.2749386,5.6389685,0.45039683249116635,0.34108531019231375
8.5,97.5,239.51338,0.8902632,1.6111091,6.8045287,5.286893,0.381185893798827,0.2957541927054142
8.5,98.0,250.28821,0.6272587,1.1887945,5.749326,4.3805885,0.2427907702940725,0.20113037923096838
8.5,98.5,,,,,,,
8.5,99.0,,,,,,,
8.5,99.5,,,,,,,
8.5,100.0,97.073265,0.3461986,0.9202962,3.8090172,2.5846279,0.09489461637288522,0.14097065337418785
8.0,50.0,,,,,,,
8.0,50.5,136.5186,1.8291008,3.3050106,6.677663,5.5627584,0.8752099928658411,0.6752897222127977
8.0,51.0,139.88496,1.9336957,3.5467906,6.808673,5.658671,0.9302486517518648,0.7294629553460286
8.0,51.5,142.24545,1.9518638,3.5947886,6.877238,5.683359,0.939808851212233,0.7402173757210765
8.0,52.0,143.92505,1.9505801,3.617422,6.9256,5.7161446,0.9391333863141703,0.745288649204044
8.0,52.5,145.26825,1.9366021,3.577931,6.974579,5.760569,0.9317780452956674,0.7364402567002332
8.0,53.0,146.54753,1.918894,3.5280101,7.025724,5.7834086,0.9224599166972627,0.7252550035118016
8.0,53.5,147.62021,1.8955456,3.4716437,7.0710926,5.8151727,0.9101737697433754,0.7126255389024369
8.0,54.0,148.29488,1.8640095,3.393568,7.1025143,5.85356,0.8935792130946849,0.6951319103968979
8.0,54.5,148.73737,1.8332689,3.342458,7.1178093,5.8739123,0.8774032464594392,0.6836801979309515
8.0,55.0,148.9949,1.8087108,3.2969933,7.1192694,5.891809,0.8644805892603215,0.6734933657322458
8.0,55.5,149.255,1.7956612,3.26176,7.114005,5.901138,0.8576137809894143,0.6655990021452629
8.0,56.0,149.52335,1.79252,3.230523,7.1043286,5.8966537,0.8559608742227025,0.6586000656652777
8.0,56.5,149.62979,1.7969644,3.276141,7.0938554,5.8885174,0.8582995334286436,0.6688211935448504
8.0,57.0,149.84996,1.8072045,3.3728592,7.0881333,5.8692975,0.8636879467592143,0.6904918970878232
8.0,57.5,150.4238,1.8109175,3.43393,7.1047916,5.86183,0.8656417641050501,0.7041753929731795
8.0,58.0,151.5013,1.805871,3.4629638,7.1484313,5.8789864,0.8629862611769586,0.7106807280649857
8.0,58.5,152.9517,1.7970449,3.451302,7.2103143,5.9118066,0.8583418754425917,0.7080677924913921
8.0,59.0,154.59314,1.7872038,3.4212148,7.275895,5.946555,0.8531634157722936,0.7013264475583548
8.0,59.5,156.29132,1.7760614,3.3672104,7.335731,5.979865,0.847300207325319,0.6892262155196276
8.0,60.0,158.02846,1.7678363,3.3384104,7.3836617,6.0088425,0.8429721007529163,0.6827732855102678
8.0,60.5,159.85738,1.7596775,3.3124182,7.4264517,6.0505414,0.8386788714542248,0.6769494835905817
8.0,61.0,161.74928,1.7505496,3.3136868,7.4687347,6.0905313,0.8338756561208706,0.677233731749294
8.0,61.5,163.67506,1.7379537,3.2793171,7.5160947,6.1101136,0.8272475940797208,0.6695328556328722
8.0,62.0,165.66533,1.723401,3.2482224,7.571557,6.140451,0.8195898369882646,0.6625657575108259
8.0,62.5,167.87915,1.7094406,3.1991293,7.630317,6.178707,0.8122437798483755,0.651565978783407
8.0,63.0,170.36296,1.6960182,3.1680417,7.6941195,6.227924,0.8051808182772973,0.6446004832632704
8.0,63.5,173.0872,1.6836594,3.1298268,7.7644863,6.2830157,0.7986775240372477,0.6360380483602087
8.0,64.0,176.06943,1.6711174,3.0839403,7.8399,6.3215156,0.7920778154632157,0.625756716068896
8.0,64.5,179.39328,1.6578609,3.0505981,7.916694,6.388041,0.7851021098053252,0.6182860804268305
8.0,65.0,183.01707,1.6431961,3.0252197,7.9886107,6.439365,0.7773853875388895,0.6125997817509944
8.0,65.5,187.00623,1.6271142,3.0066867,8.051003,6.488292,0.7689229439956923,0.6084472799428421
8.0,66.0,191.4155,1.6095719,2.9840136,8.102961,6.5278993,0.7596920713104753,0.6033671387293078
8.0,66.5,194.87573,1.591195,2.9443727,8.148105,6.5745354,0.7500219708005708,0.594485198425521
8.0,67.0,197.9047,1.5729219,2.9115605,8.186297,6.615788,0.7404065071708866,0.5871333155849624
8.0,67.5,201.11789,1.5548496,2.8923454,8.218406,6.6487007,0.7308967417537987,0.582827978974691
8.0,68.0,204.74348,1.5373309,2.8636754,8.245102,6.6953554,0.7216782266637636,0.5764041629000235
8.0,68.5,209.22412,1.5193237,2.833399,8.267313,6.712906,0.7122027112312913,0.5696204558565073
8.0,69.0,214.30939,1.5008808,2.805539,8.284238,6.749712,0.7024979216344043,0.5633781077380785
8.0,69.5,219.14726,1.4839092,2.7693434,8.299699,6.7837048,0.6935673322392157,0.5552681407741811
8.0,70.0,223.26851,1.4710721,2.7561846,8.328031,6.8110323,0.6868123068851314,0.552319780620893
8.0,70.5,226.60484,1.4640759,2.759549,8.379413,6.857182,0.6831308726413068,0.5530735911391392
8.0,71.0,227.92412,1.4629421,2.7547023,8.447,6.940981,0.6825342579825517,0.5519876680851452
8.0,71.5,227.91382,1.4619333,2.735627,8.498285,7.014583,0.6820033832210078,0.5477136356321761
8.0,72.0,226.55447,1.4574994,2.7367606,8.509559,7.0506773,0.6796702441591074,0.5479676480348592
8.0,72.5,224.80498,1.4312438,2.724821,8.349733,6.974559,0.6658543272879601,0.5452924780871066
8.0,73.0,215.4378,1.3749431,2.6666675,7.9140916,6.691918,0.6362284669688067,0.5322625766805783
8.0,73.5,198.18839,1.3683065,2.6427255,7.711013,6.460795,0.6327362231161928,0.5268981338882681
8.0,74.0,191.81044,1.3961097,2.6909454,7.768392,6.4785933,0.6473664866911523,0.5377022883425796
8.0,74.5,191.02577,1.4180919,2.723266,7.9028068,6.6282525,0.6589336976126569,0.5449440190118802
8.0,75.0,192.18326,1.4362983,2.7311502,8.054725,6.784874,0.6685140330529916,0.5467105670969121
8.0,75.5,193.63055,1.4519484,2.7400017,8.185466,6.9162054,0.6767492724857892,0.5486938403801954
8.0,76.0,194.84195,1.467208,2.758285,8.244337,6.9652157,0.6847790120108925,0.5527904113817002
8.0,76.5,194.98244,1.4728694,2.7353938,8.187626,6.8648834,0.6877580706544564,0.5476613908099207
8.0,77.0,195.22249,1.4097124,2.5521607,7.96318,6.625644,0.6545243571023835,0.50660620218825
8.0,77.5,195.91666,1.5034239,2.522496,7.4742694,5.886433,0.7038361174618905,0.4999595176080109
8.0,78.0,200.64543,1.5985556,2.5313032,7.1671605,5.6307063,0.7538951673208978,0.5019328547594543
8.0,78.5,196.79599,1.6111718,2.5185852,7.3522344,5.6705203,0.7605339560055812,0.4990832683038656
8.0,79.0,203.6451,1.601906,2.5765738,7.4743867,5.68781,0.7556581633238745,0.512076203026344
8.0,79.5,217.16988,1.3792229,2.3673062,7.5452075,5.8859854,0.6384804975506556,0.46518770371365664
8.0,80.0,,,,,,,
8.0,80.5,,,,,,,
8.0,81.0,,,,,,,
8.0,81.5,,,,,,,
8.0,82.0,143.58813,1.0354465,1.5485214,6.9692144,5.7598853,0.457582554538239,0.28173078495501636
8.0,82.5,156.88521,1.3580409,1.9526446,8.012571,6.5007668,0.6273343857989778,0.3722786208624967
8.0,83.0,163.40338,1.5115892,2.1946986,8.310015,6.723192,0.7081327341216977,0.42651323364886806
8.0,83.5,167.61826,1.6076612,2.3985631,8.403178,6.824199,0.7586866523481658,0.47219112747898895
8.0,84.0,170.76534,1.6737525,2.5600455,8.4248495,6.89643,0.7934644380088766,0.5083728571134093
8.0,84.5,173.05798,1.7166228,2.6761403,8.428053,6.956193,0.8160231339200117,0.5343850626497485
8.0,85.0,174.9541,1.7477188,2.7638447,8.435314,7.002226,0.8323860954346338,0.5540361138460885
8.0,85.5,176.59082,1.7696441,2.8187838,8.445747,7.019922,0.8439233846662819,0.5663457525343463
8.0,86.0,178.01283,1.7824638,2.8399239,8.46653,7.008085,0.850669188870662,0.5710824027385742
8.0,86.5,179.36911,1.7907673,2.8389816,8.491755,7.0284815,0.8550385710655503,0.5708712866470067
8.0,87.0,180.52422,1.7946455,2.8214853,8.520108,7.074344,0.857079330680026,0.5669510552756296
8.0,87.5,181.46559,1.7967514,2.8060715,8.545171,7.090557,0.8581874368672731,0.5634974481602855
8.0,88.0,182.42738,1.7981316,2.807275,8.568548,7.0947905,0.8589137121820735,0.5637671126416197
8.0,88.5,183.46983,1.797266,2.813077,8.597659,7.126399,0.8584582375698118,0.5650670898906823
8.0,89.0,184.5063,1.7926753,2.8170705,8.638932,7.138443,0.85604254726294,0.565961875956916
8.0,89.5,185.59143,1.7877382,2.8109841,8.680087,7.1656003,0.8534446294738179,0.5645981685719121
8.0,90.0,186.62483,1.7815294,2.7859237,8.721768,7.1702785,0.8501775196775885,0.5589831322609927
8.0,90.5,187.67966,1.7744918,2.7585378,8.765242,7.1654735,0.8464742557732395,0.5528470366491752
8.0,91.0,188.86024,1.7645257,2.7305393,8.816262,7.173794,0.8412299934768207,0.5465737048938261
8.0,91.5,190.1941,1.7510127,2.6994548,8.873238,7.1866217,0.8341193579344826,0.5396089038345169
8.0,92.0,191.94672,1.7315432,2.65419,8.9424515,7.2188916,0.8238743469685282,0.5294668910692184
8.0,92.5,194.30766,1.7003794,2.618363,9.028325,7.283934,0.8074756927043706,0.5214394581036691
8.0,93.0,197.6906,1.576238,2.4733858,8.910828,7.209302,0.7421514999768216,0.48895589263600886
8.0,93.5,192.61063,1.1047739,1.8406725,6.880718,5.5987535,0.4940631791776654,0.3471901550668927
8.0,94.0,178.88748,1.1061339,1.7714716,6.8445883,5.5684676,0.4947788533067513,0.3316850083008435
8.0,94.5,186.77817,1.3106589,2.0579467,8.127743,6.314695,0.6024015888480043,0.3958726069572675
8.0,95.0,195.24174,1.3454437,2.1201913,8.452286,6.5527906,0.6207056337398229,0.4098191432360647
8.0,95.5,204.04034,1.275084,2.0676289,8.212003,6.403503,0.5836817767436708,0.39804199574232746
8.0,96.0,212.61478,1.1848905,1.9988508,7.8309374,6.096711,0.5362212092339715,0.38263158945917175
8.0,96.5,220.98235,1.0902679,1.8948214,7.3795886,5.7378407,0.48643001181875384,0.35932275966419536
8.0,97.0,230.44125,0.99851125,1.7725502,6.8846965,5.3337917,0.4381469114825457,0.33192668066882214
8.0,97.5,239.36624,0.90683585,1.6535373,6.4323077,4.918073,0.3899065608981977,0.3052606402633684
8.0,98.0,244.45813,0.7664208,1.4580877,5.9697633,4.4767213,0.3160189938119813,0.2614682075799772
8.0,98.5,234.66068,0.36256665,0.6546265,4.005886,3.0466967,0.10350762498123621,0.0814447031526191
8.0,99.0,237.98126,0.23943104,0.44842878,3.1461759,2.43961,0.03871265254024169,0.03524404725707104
8.0,99.5,,,,,,,
8.0,100.0,,,,,,,
7.5,50.0,133.92947,1.7842388,3.0698416,6.59284,5.550978,0.8516032223339006,0.622597774024677
7.5,50.5,137.64189,1.9096919,3.3859923,6.725095,5.653665,0.9176176839821667,0.6934344878742366
7.5,51.0,140.26917,1.9361651,3.4521348,6.8094687,5.6948895,0.9315480811132475,0.7082543887737416
7.5,51.5,142.1964,1.9368402,3.4814048,6.8640165,5.706406,0.931903314928044,0.7148126097285669
7.5,52.0,143.60538,1.9254398,3.4965434,6.9051957,5.742834,0.9259043611207975,0.7182045700904522
7.5,52.5,144.90173,1.9096897,3.4849575,6.951215,5.7892933,0.9176164921328852,0.7156086220971012
7.5,53.0,146.15999,1.8915342,3.444795,7.0012546,5.806307,0.9080629419369295,0.7066097986940357
7.5,53.5,147.14313,1.8657795,3.3622591,7.04535,5.82872,0.8945106119437224,0.6881168410576887
7.5,54.0,147.74951,1.833592,3.2899277,7.076294,5.8598976,0.8775733045332363,0.6719102621458077
7.5,54.5,148.03998,1.7992218,3.2226615,7.091846,5.875952,0.8594873680599322,0.6568385924862931
7.5,55.0,148.24919,1.7752311,3.172524,7.092625,5.907049,0.8468633004702849,0.6456047804599985
7.5,55.5,148.52274,1.7623771,3.1402366,7.0889316,5.9126883,0.8400994303399537,0.638370475179546
7.5,56.0,148.81271,1.7555085,3.1241503,7.0870824,5.9161243,0.8364851160293504,0.634766170064629
7.5,56.5,149.06439,1.760503,3.170131,7.078882,5.9162774,0.8391132691528768,0.6450686032810857
7.5,57.0,149.40366,1.7711345,3.2635958,7.0752506,5.9104257,0.8447076214935089,0.6660103366354122
7.5,57.5,150.10797,1.7756789,3.3306897,7.097912,5.912159,0.8470989102545646,0.6810433835889037
7.5,58.0,151.21701,1.7722636,3.3395631,7.145838,5.9179363,0.8453017897247913,0.6830315715180434
7.5,58.5,152.69205,1.7673849,3.3298852,7.2115555,5.9523716,0.8427345463724405,0.6808631442941292
7.5,59.0,154.3498,1.7603064,3.3126554,7.2813144,5.9918985,0.839009766452115,0.6770026365539192
7.5,59.5,156.04843,1.7519515,3.2493324,7.342312,6.0340986,0.8346133480972094,0.6628144813272071
7.5,60.0,157.74277,1.7427174,3.2256732,7.3934035,6.061167,0.8297543040343534,0.6575133947303925
7.5,60.5,159.45181,1.7331446,3.2236464,7.4410276,6.10234,0.8247170471394583,0.657059270769255
7.5,61.0,161.21358,1.7224071,3.2083514,7.4891195,6.1391144,0.8190668660693243,0.6536322668456114
7.5,61.5,163.05716,1.7099808,3.1837513,7.5399384,6.1697507,0.812528067266468,0.6481203846776112
7.5,62.0,165.00868,1.6968249,3.1505427,7.596969,6.1989727,0.8056053048082399,0.640679664271193
7.5,62.5,167.21182,1.6838893,3.1074903,7.6612234,6.237127,0.7987984653748651,0.6310333362765562
7.5,63.0,169.6009,1.6707927,3.0644302,7.731283,6.293439,0.7919069419135943,0.6213852988398825
7.5,63.5,172.13129,1.6596786,3.0308719,7.8036747,6.34833,0.7860586002181837,0.6138662112000812
7.5,64.0,174.81691,1.6483761,2.9948893,7.88078,6.3925214,0.78011114684568,0.6058039483530284
7.5,64.5,177.84389,1.6353791,2.9653537,7.9591126,6.4465523,0.7732720020238856,0.5991862174472906
7.5,65.0,181.18307,1.6209542,2.939391,8.031898,6.4926476,0.7656814903234698,0.5933689861954342
7.5,65.5,184.45087,1.6048193,2.9277508,8.093594,6.5363555,0.7571911951444311,0.5907609118476332
7.5,66.0,188.49208,1.5871245,2.901699,8.145444,6.564985,0.7478800294549868,0.5849237549120333
7.5,66.5,191.68504,1.5689286,2.8750026,8.186837,6.6219068,0.7383052141586928,0.5789421501243082
7.5,67.0,194.74847,1.5506475,2.8352087,8.223655,6.671658,0.7286855476920685,0.5700259141396545
7.5,67.5,197.88269,1.5328882,2.8042746,8.257042,6.7157884,0.7193404456625563,0.5630948211405121
7.5,68.0,201.43951,1.5165286,2.7793946,8.284631,6.762492,0.7107319064890109,0.5575202238177801
7.5,68.5,205.75612,1.5006281,2.750685,8.306594,6.7852135,0.7023649363461527,0.5510875400125458
7.5,69.0,210.87375,1.4838195,2.7188895,8.325847,6.8086553,0.6935200973703226,0.5439634403234153
7.5,69.5,215.98259,1.4674104,2.6827946,8.343049,6.8150315,0.6848855256993128,0.5358760166263805
7.5,70.0,220.71529,1.4540057,2.666873,8.368097,6.842482,0.6778318480068485,0.5323086247754496
7.5,70.5,224.38997,1.4466118,2.6565094,8.413237,6.885754,0.6739410873918468,0.5299865614484616
7.5,71.0,226.23058,1.4444484,2.6428485,8.471391,6.933626,0.6728026831412857,0.5269256986411145
7.5,71.5,227.2955,1.4411746,2.6353617,8.51466,6.9695225,0.6710800218271513,0.5252482018021967
7.5,72.0,228.30287,1.427064,2.6214187,8.489294,6.961832,0.6636548635323163,0.5221241430595448
7.5,72.5,229.62743,1.3889264,2.5952907,8.265155,6.8249454,0.64358656805933,0.516269891703575
7.5,73.0,235.17374,1.2753145,2.4853818,7.3764715,6.217293,0.583803031725836,0.4916437231388478
7.5,73.5,192.04004,1.3286556,2.5171597,7.439877,6.23372,0.6118715841364358,0.4987638697432679
7.5,74.0,183.88667,1.3906986,2.6115754,7.657873,6.397688,0.6445190960287394,0.5199186423114536
7.5,74.5,185.08539,1.4333445,2.6558416,7.8424764,6.572493,0.6669597361320966,0.5298369318501618
7.5,75.0,186.54347,1.4695349,2.6792257,7.981645,6.6917424,0.6860034175964502,0.5350763716935176
7.5,75.5,187.35881,1.5051305,2.7003837,8.066643,6.7310123,0.7047341445310459,0.5398170284025197
7.5,76.0,188.48299,1.5464653,2.7256439,8.047863,6.656461,0.7264848293582337,0.5454768307267825
7.5,76.5,190.51782,1.6002551,2.7524536,7.9426384,6.44943,0.7547894933843896,0.5514838100447442
7.5,77.0,195.05069,1.6552634,2.752385,7.7378078,6.1320243,0.783735309595083,0.5514684250664114
7.5,77.5,204.20491,1.7065644,2.7161782,7.525217,5.8450155,0.8107303194475992,0.5433559473595221
7.5,78.0,208.69452,1.7264634,2.7065146,7.559539,5.8330126,0.8212013426746716,0.5411907253394272
7.5,78.5,210.81378,1.7185144,2.72035,7.645207,5.8749347,0.8170185162567928,0.5442906916333703
7.5,79.0,215.20636,1.6653855,2.6786325,7.7335467,5.862726,0.7890616213051966,0.534943462575142
7.5,79.5,225.32962,1.4890208,2.5090377,7.935709,6.095064,0.6962570851519229,0.4969440618547712
7.5,80.0,243.05276,1.0513631,1.9919823,7.9459457,6.5879292,0.4659579930838868,0.3810926375553451
7.5,80.5,,,,,,,
7.5,81.0,,,,,,,
7.5,81.5,,,,,,,
7.5,82.0,140.59013,0.9820119,1.4759223,6.9905915,5.8247347,0.42946482266254987,0.2654642420216818
7.5,82.5,159.02115,1.4329778,2.0363412,8.168909,6.644074,0.6667667820063127,0.3910316807887836
7.5,83.0,166.45367,1.600092,2.3746367,8.319691,6.80376,0.7547036802361217,0.4668301569908163
7.5,83.5,170.62357,1.6899393,2.582825,8.349797,6.885208,0.8019820202635706,0.5134768236753342
7.5,84.0,173.35258,1.7415322,2.7071846,8.353186,6.944939,0.8291306532155811,0.5413408357182999
7.5,84.5,175.3193,1.7701532,2.7806113,8.368355,6.997752,0.8441912371100716,0.5577928264026154
7.5,85.0,176.9382,1.787656,2.813471,8.39297,7.0377464,0.8534013465262267,0.5651553932559052
7.5,85.5,178.38196,1.7998163,2.82375,8.420738,7.041703,0.8598001971318712,0.5674584924602956
7.5,86.0,179.6172,1.8070527,2.804714,8.450513,7.0438256,0.8636080928573538,0.5631932743178296
7.5,86.5,180.66702,1.8096398,2.786025,8.48405,7.073846,0.864969435652465,0.5590058357880465
7.5,87.0,181.65495,1.8111666,2.7935479,8.515115,7.0921884,0.8657728675260151,0.5606913990565763
7.5,87.5,182.50993,1.8106298,2.7865264,8.54527,7.1150928,0.8654903992462996,0.5591181781819146
7.5,88.0,183.43683,1.8093667,2.7783287,8.572823,7.120661,0.86482572372068,0.5572813827131753
7.5,88.5,184.37894,1.8057278,2.7669125,8.607869,7.137324,0.862910923756586,0.5547234698051471
7.5,89.0,185.26627,1.7995366,2.758148,8.652552,7.151467,0.8596530351100607,0.5527596948450981
7.5,89.5,186.12863,1.7923987,2.741751,8.699204,7.1678557,0.855897016192778,0.5490857833872377
7.5,90.0,187.03983,1.7859874,2.71759,8.742105,7.186342,0.8525233299792185,0.5436723009764914
7.5,90.5,187.9769,1.7779765,2.6900604,8.789983,7.192531,0.848307947257282,0.5375039930662894
7.5,91.0,188.98593,1.7682562,2.6683981,8.841647,7.194646,0.8431930319723606,0.5326503529226554
7.5,91.5,190.05972,1.7557344,2.6359076,8.897611,7.2002196,0.8366039873129526,0.5253705337479683
7.5,92.0,191.51123,1.7384313,2.6128137,8.96181,7.2290144,0.8274989488202982,0.5201961061220816
7.5,92.5,193.14854,1.7157127,2.5805533,9.032469,7.2746277,0.8155441986955774,0.5129678373088222
7.5,93.0,195.52464,1.6726983,2.534828,9.115319,7.3392415,0.7929096635327931,0.5027226169805408
7.5,93.5,195.63574,1.3052481,2.0886846,7.638883,6.2027545,0.5995543863723201,0.4027597352440212
7.5,94.0,178.26144,1.0677178,1.6847357,6.7666883,5.468885,0.4745639603721405,0.3122509494030732
7.5,94.5,188.19524,1.3911501,2.1255324,8.541103,6.6684923,0.6447567131381248,0.4110158595020808
7.5,95.0,196.80441,1.3965757,2.1677792,8.679194,6.789152,0.6476116939985935,0.4204816811016248
7.5,95.5,205.34047,1.2799958,2.0466487,8.201071,6.4105277,0.5862663960039677,0.39334119040081256
7.5,96.0,214.07353,1.1581597,1.9561208,7.5795116,5.9190145,0.5221552549293474,0.3730575121006294
7.5,96.5,224.71822,1.0517093,1.8611176,6.9779277,5.460281,0.4661401578372276,0.3517710857855641
7.5,97.0,238.82784,0.9612685,1.7743832,6.405152,4.999722,0.4185494592046614,0.3323373741182075
7.5,97.5,253.66171,0.88414395,1.6512898,5.9139676,4.5714626,0.3779658934136715,0.3047570760333175
7.5,98.0,264.51096,0.80703497,1.4987124,5.472361,4.142891,0.3373905137453782,0.2705705857764393
7.5,98.5,263.92285,0.69284236,1.2915703,4.9892383,3.6948426,0.2773014248934534,0.22415832633124286
7.5,99.0,263.77985,0.4873407,0.90782577,4.2108154,3.0554082,0.16916475139623574,0.13817653029968982
7.5,99.5,,,,,,,
7.5,100.0,,,,,,,
7.0,50.0,134.86238,1.8532642,3.1402082,6.6439238,5.6372247,0.8879249546454302,0.6383641181919709
7.0,50.5,138.22055,1.9069926,3.2873244,6.7456746,5.7017345,0.9161972505542569,0.6713269684707506
7.0,51.0,140.5318,1.9160964,3.319551,6.8141804,5.7317057,0.9209877946478816,0.6785476516349708
7.0,51.5,142.12173,1.9074688,3.367303,6.8576407,5.744689,0.9164478525479197,0.689246942504326
7.0,52.0,143.3334,1.8927118,3.399945,6.8925896,5.7667994,0.9086825781054904,0.6965607368394983
7.0,52.5,144.56831,1.8768443,3.3802984,6.9371386,5.8053346,0.9003329838705783,0.69215870991401
7.0,53.0,145.7646,1.858585,3.340394,6.9864964,5.8316655,0.8907247967944022,0.6832177404398836
7.0,53.5,146.70161,1.8348621,3.2696533,7.030251,5.8632617,0.8782416183356101,0.6673675801927138
7.0,54.0,147.18521,1.8035551,3.2021565,7.0579543,5.879911,0.8617676266510798,0.6522442533316442
7.0,54.5,147.3149,1.7668549,3.1411657,7.074809,5.898331,0.8424556536405695,0.6385786531676124
7.0,55.0,147.43951,1.7431254,3.0796463,7.0763893,5.9181733,0.829969025091752,0.6247946207224561
7.0,55.5,147.75108,1.7297597,3.0523105,7.077308,5.9244223,0.8229358597527113,0.6186697433240061
7.0,56.0,148.1099,1.7223215,3.0356631,7.080239,5.926143,0.8190218267122655,0.6149397407993071
7.0,56.5,148.44019,1.7256796,3.0803945,7.074571,5.935884,0.8207889000943631,0.6249622528822077
7.0,57.0,148.89708,1.7336879,3.152891,7.0746984,5.944028,0.8250029027802895,0.6412057984781385
7.0,57.5,149.70311,1.7398275,3.2198682,7.098546,5.9599714,0.8282336298089785,0.6562127230205024
7.0,58.0,150.85829,1.7402662,3.2232215,7.1507792,5.974492,0.8284644721961322,0.6569640762158204
7.0,58.5,152.36629,1.7382385,3.2379773,7.2222056,6.0120325,0.827397453444642,0.6602702439554747
7.0,59.0,153.98822,1.732273,3.1991303,7.295102,6.043056,0.8242583733528094,0.6515661924636617
7.0,59.5,155.58565,1.7228425,3.1452665,7.3601,6.0875993,0.8192959520470106,0.6394974782624914
7.0,60.0,157.13416,1.7116112,3.126036,7.4177217,6.1290927,0.8133859478335097,0.6351886693480823
7.0,60.5,158.70212,1.7020125,3.1065981,7.467436,6.1606054,0.8083350787652417,0.6308334383983565
7.0,61.0,160.35515,1.6909837,3.09207,7.521045,6.1888175,0.8025315882401611,0.6275782868194935
7.0,61.5,162.17117,1.6795151,3.0777078,7.57698,6.2110376,0.7964967534966506,0.6243602621848712
7.0,62.0,164.11526,1.6674874,3.0498066,7.636598,6.255227,0.7901676574384286,0.6181087258154935
7.0,62.5,166.29137,1.65603,3.0093958,7.704065,6.307971,0.784138719212416,0.6090542921261624
7.0,63.0,168.57393,1.6444829,2.974761,7.777088,6.371416,0.7780624833886006,0.6012940128989555
7.0,63.5,170.89049,1.6344837,2.9374952,7.8517084,6.423951,0.7728008451842358,0.5929442432693074
7.0,64.0,173.30138,1.6244453,2.907473,7.9295173,6.4764256,0.767518569168628,0.5862174820136482
7.0,64.5,176.08125,1.6125082,2.8717933,8.0085945,6.53135,0.7612371470816661,0.5782230626474382
7.0,65.0,179.18217,1.5989974,2.85467,8.08083,6.5705314,0.7541276406596998,0.5743864336756823
7.0,65.5,182.22195,1.5836198,2.8351982,8.142496,6.6071305,0.7460358622430491,0.5700235636568536
7.0,66.0,185.23705,1.5664685,2.8156652,8.192578,6.621472,0.7370106776522551,0.5656470181017291
7.0,66.5,188.27092,1.5486263,2.787664,8.2313,6.6543326,0.7276219790306038,0.559373045305616
7.0,67.0,191.2918,1.5307384,2.752584,8.266293,6.7028437,0.7182091925076841,0.5515130308195638
7.0,67.5,194.37807,1.5143894,2.727223,8.297202,6.7666845,0.709606236207089,0.5458306318083745
7.0,68.0,197.78404,1.4998217,2.6986082,8.32529,6.798924,0.7019405752730291,0.5394192091884753
7.0,68.5,201.87215,1.4855707,2.664598,8.348522,6.8199725,0.6944415850516507,0.5317988905280464
7.0,69.0,207.28719,1.4705123,2.6397471,8.369111,6.8304987,0.6865177319258723,0.5262308104530805
7.0,69.5,213.13998,1.4545478,2.6089685,8.389368,6.857279,0.6781170763585843,0.5193345473354416
7.0,70.0,218.31027,1.4406095,2.5818973,8.414436,6.858067,0.6707826240669623,0.5132689662076496
7.0,70.5,222.93346,1.4317235,2.562863,8.454421,6.894056,0.66610674842,0.509004175425693
7.0,71.0,225.84929,1.4276699,2.5524986,8.506055,6.932191,0.6639737145795723,0.5066818984184502
7.0,71.5,227.86174,1.421087,2.5464664,8.539835,6.9362874,0.6605097614651667,0.5053303173878961
7.0,72.0,230.32321,1.4013747,2.5320902,8.520181,6.900984,0.6501369717104536,0.5021091943895819
7.0,72.5,238.0617,1.3355336,2.4755878,8.212121,6.6847205,0.6154908540308939,0.4894492803439333
7.0,73.0,274.49426,1.0850079,1.9996355,6.5608892,5.6472993,0.4836621614136537,0.3828073948886628
7.0,73.5,173.25142,1.1784437,2.018747,7.003238,5.982043,0.5328288298053654,0.3870895471913076
7.0,74.0,173.36446,1.3295642,2.3603232,7.5150223,6.340455,0.6123497038850461,0.4636230834692434
7.0,74.5,177.60593,1.4113034,2.485835,7.762168,6.4776897,0.6553615371292729,0.4917452746798574
7.0,75.0,180.60419,1.4691877,2.5385458,7.9024467,6.5775576,0.685820751011833,0.5035556494531885
7.0,75.5,182.73361,1.52794,2.5677092,7.964773,6.5903454,0.7167366940848457,0.5100899916395597
7.0,76.0,185.07788,1.589054,2.6205556,7.951518,6.4727054,0.7488953595850056,0.521930762429111
7.0,76.5,188.8075,1.6546767,2.6598024,7.8789463,6.271059,0.783426557902265,0.5307243993676747
7.0,77.0,194.88448,1.7125423,2.6958773,7.8059297,6.0942,0.8138759233460253,0.5388073357793624
7.0,77.5,202.6495,1.7462476,2.7252803,7.7666874,6.0160346,0.8316119579618448,0.5453953651297075
7.0,78.0,208.32153,1.7512323,2.7369149,7.8086505,6.050386,0.8342349045858785,0.5480022108160444
7.0,78.5,212.54803,1.7364908,2.708211,7.8878565,6.10598,0.8264778476306005,0.5415708090923379
7.0,79.0,217.5686,1.686272,2.6836054,8.002488,6.1241965,0.8000522908190031,0.5360576982628736
7.0,79.5,225.68718,1.5262907,2.541464,8.318859,6.5567746,0.7158687768922756,0.5042095110323349
7.0,80.0,,,,,,,
7.0,80.5,,,,,,,
7.0,81.0,,,,,,,
7.0,81.5,,,,,,,
7.0,82.0,153.07779,1.1618102,1.6158525,7.3165307,6.1217113,0.5240761395976681,0.2968169848718453
7.0,82.5,166.37195,1.5948129,2.3739474,8.102983,6.7000403,0.7519257304765835,0.46667571958678755
7.0,83.0,172.33192,1.7278742,2.675396,8.207859,6.8528776,0.8219436765903174,0.5342182852110153
7.0,83.5,175.0102,1.7776898,2.770072,8.247551,6.9268856,0.8481570842298078,0.555431392488713
7.0,84.0,176.76425,1.8029191,2.8036218,8.280448,6.968514,0.8614329679186166,0.5629485570062226
7.0,84.5,178.10652,1.8149735,2.8138695,8.3191,7.02057,0.8677760525236687,0.565244658182274
7.0,85.0,179.26375,1.8190008,2.8172026,8.367143,7.057762,0.8698952860039947,0.5659914706721814
7.0,85.5,180.38275,1.8227533,2.827291,8.4094925,7.1017613,0.8718698666188923,0.5682518872457107
7.0,86.0,181.32721,1.8240079,2.827353,8.450972,7.1104875,0.8725300256630242,0.5682657764622612
7.0,86.5,182.09663,1.8235531,2.8232827,8.489126,7.111507,0.872290714873081,0.5673537891355303
7.0,87.0,182.8587,1.8225296,2.8097804,8.523669,7.1233253,0.8717521244556621,0.5643284506705143
7.0,87.5,183.67664,1.8200533,2.7957788,8.557379,7.1374526,0.8704491195464349,0.5611912505922031
7.0,88.0,184.55318,1.8164636,2.783389,8.591556,7.1379585,0.8685601638930766,0.5584152235642685
7.0,88.5,185.35387,1.8104054,2.7630782,8.633484,7.1686745,0.865372280709612,0.5538643683414353
7.0,89.0,186.07462,1.8027124,2.744595,8.682899,7.1772842,0.8613241959894523,0.5497230313265871
7.0,89.5,186.77899,1.7947217,2.718102,8.731928,7.171969,0.85711941445323,0.5437869938531603
7.0,90.0,187.48337,1.7871639,2.6927137,8.778982,7.180983,0.8531424015875935,0.5380985049547142
7.0,90.5,188.29427,1.7790086,2.6712272,8.828279,7.208355,0.8488510541561886,0.5332842353979945
7.0,91.0,189.20847,1.7688426,2.6503353,8.883001,7.2257724,0.84350159547845,0.5286031954800322
7.0,91.5,190.13503,1.7567668,2.6213746,8.938937,7.227553,0.8371472196696783,0.5221142603477685
7.0,92.0,191.34743,1.7414198,2.585235,8.998999,7.235892,0.829071499853873,0.5140168470988301
7.0,92.5,192.7997,1.7211533,2.5538058,9.068065,7.2626343,0.8184070833986498,0.5069748006274747
7.0,93.0,194.68893,1.6920263,2.5244303,9.15381,7.3201513,0.8030802152831085,0.50039291458445
7.0,93.5,198.58197,1.5219368,2.314815,8.896498,7.1638255,0.713577728928685,0.45342652881895246
7.0,94.0,182.87798,1.2942985,1.9358596,8.218636,6.4397845,0.5937926105720921,0.36851776825103655
7.0,94.5,189.98611,1.4987496,2.2546256,9.043564,7.077462,0.7013764541894224,0.4399404734888678
7.0,95.0,198.15875,1.4318607,2.1793482,8.804384,6.890855,0.666178949394895,0.42307383627045636
7.0,95.5,207.32869,1.2387186,1.9863478,7.9616575,6.2086983,0.5645460092400938,0.3798301611909688
7.0,96.0,219.84763,1.0901836,1.866836,7.1447115,5.6236815,0.48638566247970016,0.3530523393023154
7.0,96.5,239.7453,0.9769333,1.7414372,6.4281793,5.100572,0.42679241429333403,0.3249554959119061
7.0,97.0,262.94482,0.8930262,1.6255152,5.8556514,4.6162786,0.382639793099983,0.2989820199217173
7.0,97.5,280.9216,0.82660335,1.5164484,5.4207053,4.210981,0.3476875583418064,0.27454450431179045
7.0,98.0,289.28275,0.7718757,1.4155852,5.119435,3.8993573,0.31888940598419996,0.2519450929621624
7.0,98.5,291.05,0.70919734,1.2879096,4.854194,3.5614035,0.28590754900398097,0.2233381146738725
7.0,99.0,288.8742,0.5988269,1.0761842,4.483911,3.1771948,0.22782970581458728,0.17589890792495794
7.0,99.5,283.8915,0.38387612,0.6813769,3.757111,2.6248178,0.11472084098390796,0.08743839422974635
7.0,100.0,,,,,,,
6.5,50.0,136.13666,1.8631876,3.1052065,6.68843,5.700191,0.8931466972633196,0.6305216254867978
6.5,50.5,138.92114,1.8865904,3.158485,6.770505,5.7624226,0.9054614485999629,0.6424591934316933
6.5,51.0,140.8035,1.8847516,3.2116501,6.823391,5.781037,0.9044938551701136,0.6543713868463523
6.5,51.5,142.07834,1.8712633,3.2558515,6.856635,5.786908,0.8973962045120528,0.6642751461277462
6.5,52.0,143.14478,1.8557394,3.2565372,6.887878,5.7988114,0.8892273949944713,0.6644287822308201
6.5,52.5,144.25745,1.8397647,3.2315092,6.9300613,5.8275924,0.8808214074698715,0.658821011048558
6.5,53.0,145.35283,1.8222797,3.1946776,6.979975,5.856963,0.8716206446612398,0.650568519354827
6.5,53.5,146.13237,1.7994928,3.1554825,7.022574,5.8901634,0.8596300136002549,0.6417864745700765
6.5,54.0,146.47563,1.769305,3.1054237,7.048954,5.907161,0.8437449209186046,0.6305702911647882
6.5,54.5,146.50606,1.7347872,3.0451908,7.0647326,5.9193263,0.8255813887841839,0.6170745133831183
6.5,55.0,146.56233,1.7111809,2.97363,7.0684114,5.9318824,0.8131595591989342,0.6010405881169726
6.5,55.5,146.89632,1.6973902,2.9644306,7.0740337,5.946545,0.8059027652973385,0.5989793749608155
6.5,56.0,147.27663,1.6895827,2.93589,7.0795455,5.9501944,0.8017943980950987,0.5925845659807132
6.5,56.5,147.61961,1.6884038,2.9602633,7.0801916,5.9583216,0.8011740719085327,0.5980456456681768
6.5,57.0,148.16728,1.6944203,2.9992254,7.0840836,5.97409,0.8043399999736539,0.6067754990507355
6.5,57.5,149.11246,1.7026049,3.0938787,7.10846,5.994992,0.8086467787168087,0.6279835314223859
6.5,58.0,150.38329,1.7080573,3.1101363,7.162236,6.030126,0.8115158735819268,0.6316261921430077
6.5,58.5,151.86229,1.707412,3.121995,7.236533,6.084331,0.8111763219945184,0.6342832526891811
6.5,59.0,153.38068,1.7014507,3.085462,7.314184,6.1086082,0.8080394374145201,0.6260976963352107
6.5,59.5,154.86401,1.6914598,3.0465972,7.3843393,6.1465607,0.8027821275049143,0.6173896383386235
6.5,60.0,156.3018,1.679993,3.0253723,7.447083,6.1875463,0.796748233695047,0.6126339705917341
6.5,60.5,157.79803,1.6697032,3.0178044,7.503787,6.2177114,0.7913336624091929,0.6109383109311733
6.5,61.0,159.41098,1.659012,2.9911351,7.5636687,6.2380657,0.7857078201559654,0.604962796030705
6.5,61.5,161.20465,1.648457,2.9697263,7.6252303,6.265774,0.7801537397752661,0.600165941414737
6.5,62.0,163.17107,1.6375251,2.9422302,7.6908135,6.310437,0.7744012478536519,0.5940051657335105
6.5,62.5,165.27151,1.6277664,2.9001713,7.7602334,6.3637505,0.7692661338598548,0.5845814391441272
6.5,63.0,167.46739,1.6181805,2.8683834,7.8332453,6.445256,0.7642219767849088,0.5774590488970336
6.5,63.5,169.6843,1.6092566,2.8358371,7.9093947,6.511876,0.7595261533447086,0.5701667294274511
6.5,64.0,171.95702,1.5997798,2.8080828,7.9899087,6.5822144,0.7545393932220034,0.5639480998172853
6.5,64.5,174.3483,1.5890511,2.7911072,8.069316,6.632702,0.7488938540911764,0.5601445378649325
6.5,65.0,177.28029,1.576589,2.7749617,8.141076,6.680677,0.7423361738865446,0.5565269845742288
6.5,65.5,179.96075,1.5623515,2.7626982,8.200788,6.7062426,0.7348442720319456,0.553779216759968
6.5,66.0,182.47319,1.5461034,2.7401237,8.247486,6.728384,0.7262943843888319,0.5487211914527872
6.5,66.5,185.13614,1.5291032,2.7042463,8.283674,6.7438345,0.7173487400553508,0.5406824868538065
6.5,67.0,188.09044,1.5123155,2.6755857,8.316519,6.79351,0.7085149413676018,0.5342608075816853
6.5,67.5,191.12941,1.4978952,2.6496348,8.345236,6.8393393,0.7009268760946586,0.5284462473330117
6.5,68.0,194.56726,1.4852254,2.6252613,8.372659,6.8571587,0.6942599221295862,0.5229851142254845
6.5,68.5,198.7623,1.473168,2.5951285,8.398543,6.8896885,0.6879152065728857,0.516233566060289
6.5,69.0,203.48929,1.4603776,2.56618,8.42079,6.8898134,0.681184770951346,0.5097473553512717
6.5,69.5,209.3281,1.4460021,2.5403123,8.441791,6.89076,0.6736202917483946,0.503951438704814
6.5,70.0,215.10846,1.4324657,2.5035708,8.466115,6.8903737,0.6664972986108746,0.49571913979514487
6.5,70.5,219.85448,1.4232957,2.4741552,8.500063,6.9103417,0.6616720027013577,0.48912827918142593
6.5,71.0,222.67348,1.4187847,2.4604278,8.541557,6.917698,0.6592982780349768,0.4860525121763189
6.5,71.5,224.21246,1.4117717,2.4546375,8.562391,6.930065,0.6556079362859957,0.4847551525103754
6.5,72.0,226.89604,1.3919282,2.4483237,8.532138,6.8945155,0.6451661447307747,0.4833404823846439
6.5,72.5,236.56297,1.2848574,2.312338,7.9801545,6.4922094,0.588824606393343,0.4528715477776329
6.5,73.0,256.86334,1.0052154,1.7357093,6.264797,5.4693356,0.4416746912624212,0.32367210559260856
6.5,73.5,165.74155,1.1042007,1.7886918,6.6928267,5.7861595,0.4937615785805364,0.33554335252847545
6.5,74.0,164.64784,1.2940248,2.173362,7.388287,6.1882534,0.5936485849957592,0.42173256531218783
6.5,74.5,169.95743,1.3962651,2.3332014,7.68619,6.3537164,0.6474482851892089,0.45754617728795643
6.5,75.0,174.06995,1.4684027,2.4116776,7.8425245,6.4171195,0.6854076811424289,0.47512955150043706
6.5,75.5,177.70593,1.5346059,2.4687881,7.9129653,6.4263153,0.7202443065203,0.4879257401284714
6.5,76.0,181.427,1.5987091,2.5267994,7.9190903,6.3588285,0.7539759621564016,0.5009237497569972
6.5,76.5,186.32114,1.6582037,2.6089168,7.8974648,6.273215,0.7852825181491986,0.5193229551816283
6.5,77.0,192.682,1.7037779,2.644647,7.8933706,6.209371,0.8092640311868065,0.5273286461812697
6.5,77.5,199.70616,1.7319865,2.6852114,7.9153194,6.2204547,0.8241076357831545,0.5364175358116589
6.5,78.0,205.58736,1.7384808,2.7168689,7.9784265,6.2766914,0.8275249813177625,0.5435107052839327
6.5,78.5,209.97682,1.7266115,2.687657,8.085136,6.363475,0.821279251980336,0.5369655188246395
6.5,79.0,214.11845,1.6851357,2.6493053,8.243472,6.4713435,0.7994543588531474,0.5283724208050394
6.5,79.5,220.40974,1.5563022,2.5706964,8.553331,7.0119185,0.7316610935166975,0.5107592916171025
6.5,80.0,224.58496,1.0862325,1.933398,8.748814,7.433763,0.4843065755014878,0.36796623280382273
6.5,80.5,,,,,,,
6.5,81.0,,,,,,,
6.5,81.5,,,,,,,
6.5,82.0,168.0225,1.5381024,2.223878,7.9083166,6.4964404,0.7220842081663882,0.43305115497950414
6.5,82.5,175.30109,1.7574466,2.6629357,8.040899,6.7091284,0.8375049626408569,0.5314264458442386
6.5,83.0,178.20676,1.8183906,2.804455,8.123214,6.865078,0.8695741767159948,0.5631352601286995
6.5,83.5,179.41148,1.8355947,2.8424058,8.189159,6.9482307,0.878627087484811,0.5716385056012305
6.5,84.0,180.19206,1.8407587,2.868156,8.251975,6.997266,0.8813444411177213,0.577408086156306
6.5,84.5,180.87073,1.8403944,2.887469,8.311022,7.0635996,0.8811527415701285,0.5817353784127399
6.5,85.0,181.64136,1.8389783,2.8941054,8.367376,7.103227,0.8804075848535527,0.5832223258845977
6.5,85.5,182.46066,1.8373996,2.8877807,8.42027,7.140217,0.8795768659043474,0.581805198435938
6.5,86.0,183.16174,1.8341391,2.882407,8.47133,7.1709847,0.8778611674991734,0.5806011636212011
6.5,86.5,183.6732,1.830438,2.8573358,8.516108,7.1979923,0.875913623044293,0.5749837234074172
6.5,87.0,184.27838,1.8269594,2.8357263,8.55461,7.2120323,0.8740831307346377,0.5701418890978511
6.5,87.5,185.03911,1.822863,2.8128452,8.591553,7.2111335,0.8719275772156807,0.5650151655888089
6.5,88.0,185.78708,1.8174515,2.7997484,8.630823,7.215849,0.8690799983665392,0.5620806946520713
6.5,88.5,186.42725,1.8099865,2.7750478,8.677194,7.2194576,0.8651518513214441,0.5565462692172085
6.5,89.0,187.01845,1.8014586,2.7478435,8.729343,7.221331,0.8606644133187777,0.5504508796938966
6.5,89.5,187.52875,1.7930402,2.7136357,8.781286,7.2074533,0.8562345604550807,0.5427862758006972
6.5,90.0,188.017,1.7847332,2.6815395,8.83384,7.211535,0.8518633591218153,0.5355948134112967
6.5,90.5,188.72485,1.7767948,2.6466453,8.884305,7.240835,0.8476861155768868,0.5277764131548323
6.5,91.0,189.45708,1.7675366,2.614679,8.938998,7.263044,0.842814400274301,0.5206140647001241
6.5,91.5,190.15231,1.7572417,2.5915473,8.993306,7.272043,0.837397131645336,0.5154311432841161
6.5,92.0,190.96037,1.7449404,2.5763917,9.049483,7.276446,0.8309240727396908,0.5120353900977112
6.5,92.5,191.84778,1.729905,2.5532784,9.109074,7.2763085,0.823012326293456,0.5068566354466683
6.5,93.0,192.70003,1.7123882,2.5219967,9.170687,7.2892914,0.8137948148659737,0.49984765599471576
6.5,93.5,193.68456,1.6860987,2.492608,9.227765,7.3461194,0.7999610829845135,0.4932628318481899
6.5,94.0,193.27979,1.6520251,2.4392993,9.214586,7.324096,0.7820312787670859,0.4813184795552101
6.5,94.5,195.29861,1.63033,2.4296784,9.23026,7.359966,0.770615119059784,0.4791628197265097
6.5,95.0,201.68446,1.44162,2.163984,8.6384535,6.822946,0.67131437703324,0.4196313405283526
6.5,95.5,213.9697,1.1669632,1.9060817,7.471111,5.8869786,0.5267877221708995,0.3618457358505927
6.5,96.0,242.12204,0.98525184,1.7106371,6.466631,5.155851,0.431169700330826,0.3180544249885382
6.5,96.5,276.62607,0.8781713,1.5656291,5.771574,4.5775003,0.37482304958726576,0.28556394162263454
6.5,97.0,295.47626,0.80732083,1.4723912,5.308346,4.150798,0.33754093767048543,0.2646730641689083
6.5,97.5,304.42993,0.7584579,1.3991498,5.0332446,3.8175488,0.3118288594761396,0.24826258087405334
6.5,98.0,308.6573,0.7215574,1.3137448,4.8548164,3.547544,0.29241150189758086,0.22912673948164122
6.5,98.5,310.1103,0.6829189,1.2226923,4.697854,3.307662,0.2720796195466544,0.20872551033138356
6.5,99.0,308.80966,0.6177692,1.0793165,4.4695954,3.0739207,0.2377972981780451,0.17660074072126714
6.5,99.5,302.3965,0.47360814,0.79912406,3.9769993,2.7327788,0.16193856920250166,0.11382082751725173
6.5,100.0,264.14136,0.19768007,0.31897283,3.042231,2.251239,0.01674294972535088,0.006238147965923902
6.0,50.0,137.43146,1.8453007,3.0159724,6.7344894,5.782792,0.8837344753005859,0.6105278311620426
6.0,50.5,139.59258,1.8537912,3.0586855,6.7983623,5.816506,0.8882022791545623,0.6200981424060972
6.0,51.0,141.10074,1.8466498,3.097936,6.8401318,5.8293777,0.884444378369993,0.6288925806456158
6.0,51.5,142.03111,1.8313257,3.1084397,6.863202,5.8240285,0.8763807025048218,0.6312460549700335
6.0,52.0,142.80602,1.8157084,3.0947738,6.88803,5.8370104,0.8681627762510606,0.6281840703413496
6.0,52.5,143.75967,1.8017943,3.0708454,6.927713,5.8647933,0.860841057928078,0.6228226724926678
6.0,53.0,144.71948,1.7857885,3.0465372,6.97978,5.894035,0.8524186981580848,0.6173761764825823
6.0,53.5,145.37741,1.7631354,3.0280294,7.0229154,5.9180775,0.8404984489336179,0.6132293372011774
6.0,54.0,145.56166,1.7331399,2.9866323,7.0485454,5.9378915,0.8247145379830761,0.6039539047085025
6.0,54.5,145.43112,1.7004269,2.9302812,7.06379,5.9536,0.8075007215392821,0.5913278589832117
6.0,55.0,145.47401,1.6771699,2.8796172,7.070985,5.948186,0.7952626876590217,0.5799760954563652
6.0,55.5,145.8257,1.6630828,2.8180463,7.0825043,5.9552,0.787849949688278,0.5661805242774591
6.0,56.0,146.20235,1.6537412,2.7937152,7.0935135,5.9683776,0.7829343241490055,0.5607288999412626
6.0,56.5,146.59299,1.6519237,2.8117685,7.0956154,5.982085,0.7819778964650566,0.5647739205813396
6.0,57.0,147.20547,1.6575748,2.8695426,7.1002374,6.0004745,0.7849515604223989,0.5777187772465279
6.0,57.5,148.25566,1.666831,2.953189,7.128618,6.045187,0.7898222720624318,0.5964605655393833
6.0,58.0,149.62831,1.6733437,2.9979563,7.1877112,6.086375,0.793249277849111,0.606491144051896
6.0,58.5,151.09523,1.67323,3.0066125,7.2650337,6.1243186,0.7931894971983073,0.6084306663030452
6.0,59.0,152.57768,1.6676759,2.9825542,7.345439,6.168836,0.7902668318444313,0.603040154519671
6.0,59.5,154.033,1.6580085,2.947886,7.420715,6.2087436,0.7851797681953514,0.5952723964835522
6.0,60.0,155.43379,1.6470819,2.922979,7.4883175,6.2501206,0.779430099074667,0.5896917626936271
6.0,60.5,156.88196,1.6373748,2.908487,7.551773,6.2904787,0.7743221466987061,0.5864446775443761
6.0,61.0,158.44267,1.627807,2.892967,7.617287,6.3177137,0.7692875244180122,0.5829672450806415
6.0,61.5,160.22281,1.6185,2.8719563,7.68515,6.3502436,0.7643900902625098,0.5782596019709787
6.0,62.0,162.16623,1.6096021,2.8442714,7.7545443,6.3814406,0.7597079417245921,0.5720565175993368
6.0,62.5,164.16435,1.6006467,2.8119328,7.826839,6.4433384,0.75499555785227,0.5648107270051984
6.0,63.0,166.32562,1.5923446,2.7739868,7.900266,6.5206404,0.7506269284042963,0.5563085499339404
6.0,63.5,168.56314,1.585005,2.7458801,7.97585,6.5927377,0.7467647721720506,0.5500109654696915
6.0,64.0,170.78595,1.5764318,2.7283676,8.057961,6.6540713,0.7422534344548447,0.5460871015339859
6.0,64.5,173.06439,1.56673,2.7151487,8.138047,6.718527,0.7371483048798136,0.5431252795246565
6.0,65.0,175.50192,1.555626,2.7021751,8.20809,6.7713537,0.7313052951417149,0.540218426760829
6.0,65.5,177.84886,1.5425591,2.691295,8.26382,6.8177123,0.7244293911789227,0.5377806021558988
6.0,66.0,180.10025,1.5276415,2.6650732,8.305061,6.8504086,0.716579620895326,0.5319053567149123
6.0,66.5,182.68396,1.5121193,2.6389785,8.336057,6.871183,0.7084116895824782,0.5260585841678543
6.0,67.0,185.5321,1.497192,2.613568,8.364697,6.917134,0.7005568382572077,0.5203651272034883
6.0,67.5,188.657,1.4845041,2.5901566,8.392999,6.933138,0.6938803494978834,0.5151195440528121
6.0,68.0,192.28381,1.4738022,2.5609045,8.421066,6.9549327,0.6882489243717057,0.508565329602761
6.0,68.5,196.10216,1.4639515,2.5302114,8.450257,6.960027,0.6830653836597338,0.5016882442879745
6.0,69.0,200.13522,1.453053,2.4985847,8.475887,6.9568176,0.6773305185617039,0.4946019660039122
6.0,69.5,205.5811,1.4404253,2.465217,8.497813,6.955664,0.6706857079017036,0.4871256144150356
6.0,70.0,211.64246,1.4278728,2.4289973,8.516919,6.9677987,0.6640804791836309,0.4790101986046452
6.0,70.5,216.57948,1.4185054,2.4057505,8.543504,6.9595423,0.659151304199895,0.4738015287179551
6.0,71.0,219.68546,1.4132992,2.3858786,8.573482,6.9559684,0.656411744533003,0.46934901983231214
6.0,71.5,221.46329,1.4059005,2.3702748,8.580852,6.9424586,0.6525184747616192,0.46585283692623436
6.0,72.0,224.70364,1.3848993,2.3592103,8.535731,6.891872,0.6414674600368231,0.4633737186120984
6.0,72.5,231.83237,1.3124914,2.2784505,8.274281,6.6320553,0.6033658576456473,0.44527868702992307
6.0,73.0,279.60666,0.9943272,1.7254508,6.15614,5.2519803,0.43594522085061277,0.32137357380366083
6.0,73.5,169.9196,0.97653115,1.5198193,6.1592755,5.3555984,0.4265807983169583,0.2752997838817872
6.0,74.0,156.58098,1.26918,2.023787,7.3589387,6.0699525,0.5805750647691673,0.3882187939169265
6.0,74.5,163.14987,1.3867887,2.2245393,7.679713,6.285997,0.6424617132532323,0.4331993422360852
6.0,75.0,168.11903,1.4638089,2.322662,7.832377,6.3681602,0.6829903598839089,0.45518474337405407
6.0,75.5,172.4311,1.5306748,2.3865814,7.91038,6.3867745,0.7181757579988925,0.4695065021799693
6.0,76.0,177.17104,1.5896012,2.4687274,7.9428368,6.378235,0.7491832852798521,0.48791211801223916
6.0,76.5,182.43878,1.6375698,2.528164,7.9679914,6.353857,0.7744247711947342,0.501229472781299
6.0,77.0,188.48145,1.6758165,2.584058,7.9975686,6.3741264,0.7945505263488707,0.5137531122445617
6.0,77.5,194.7364,1.7007896,2.618726,8.047255,6.436161,0.8076915428821412,0.5215208168606168
6.0,78.0,199.91394,1.7115296,2.6467996,8.124273,6.5382934,0.8133430412593757,0.5278109759360176
6.0,78.5,203.71951,1.7062188,2.644599,8.235603,6.6532793,0.8105484683388061,0.527317908748475
6.0,79.0,205.40079,1.6831955,2.6376278,8.386979,6.8368187,0.7984333831212689,0.5257559595072445
6.0,79.5,205.11798,1.6212713,2.6097794,8.628995,7.2583766,0.7658483492228798,0.5195162289719348
6.0,80.0,204.01683,1.468512,2.4058886,9.014392,7.817311,0.6854652035524887,0.4738324589348118
6.0,80.5,,,,,,,
6.0,81.0,174.3559,1.3220165,1.9082963,7.9668007,6.606434,0.6083780229767214,0.3623419548218909
6.0,81.5,174.912,1.5607121,2.2701395,8.060184,6.657262,0.7339816240677778,0.4434165170309473
6.0,82.0,179.46758,1.7488465,2.6024194,8.000829,6.6543827,0.8329795109190017,0.5178671516068819
6.0,82.5,182.17798,1.8230416,2.7816799,8.074835,6.7834015,0.8720215451221905,0.5580322551279204
6.0,83.0,182.59409,1.8419349,2.8575592,8.146675,6.8949103,0.881963387268277,0.5750337780070627
6.0,83.5,182.90685,1.8486016,2.9071698,8.218665,6.977552,0.8854714388060982,0.5861495316926781
6.0,84.0,182.97841,1.848461,2.9241571,8.288101,7.0451264,0.8853974814217357,0.5899557112281502
6.0,84.5,183.31635,1.84738,2.9136043,8.347325,7.092167,0.8848286556699124,0.5875912323706194
6.0,85.0,183.82751,1.84449,2.902928,8.407496,7.139823,0.8833079187156281,0.5851991353401786
6.0,85.5,184.43625,1.839632,2.8881783,8.468044,7.1895823,0.8807515901935394,0.5818943031021158
6.0,86.0,184.9064,1.8339558,2.8738127,8.523837,7.236796,0.8777646904362815,0.5786755305866023
6.0,86.5,185.3934,1.8287518,2.8596506,8.571667,7.294293,0.875026322618671,0.5755023788054509
6.0,87.0,185.92917,1.8236938,2.8496673,8.614112,7.3235893,0.872364734986353,0.5732655204799937
6.0,87.5,186.56013,1.8182715,2.8298428,8.654505,7.319814,0.8695115105353517,0.5688236421870182
6.0,88.0,187.16681,1.8115547,2.8078337,8.697024,7.3042045,0.8659770501266089,0.5638922758507651
6.0,88.5,187.71333,1.8038913,2.7681816,8.743434,7.2830505,0.8619445221760182,0.5550078248039866
6.0,89.0,188.26575,1.7955803,2.7275503,8.795349,7.2813125,0.8575711880598281,0.5459039775557739
6.0,89.5,188.7868,1.7871934,2.679678,8.849897,7.2714114,0.8531579583571625,0.5351777095542726
6.0,90.0,189.20985,1.778304,2.644283,8.907095,7.304291,0.848480263571823,0.5272471271641311
6.0,90.5,189.75256,1.7696772,2.6263237,8.962779,7.3111086,0.843940760574228,0.5232231540291346
6.0,91.0,190.29677,1.7606547,2.5955036,9.019482,7.318904,0.8391930603258277,0.5163175958204196
6.0,91.5,190.87509,1.7512958,2.5760171,9.074575,7.325497,0.83426833909467,0.5119514671777079
6.0,92.0,191.37167,1.7409612,2.553216,9.130673,7.3502407,0.8288301817388241,0.5068426393899904
6.0,92.5,191.89134,1.7289406,2.5263119,9.187986,7.3416815,0.8225048494151752,0.5008145057268212
6.0,93.0,192.43983,1.7148749,2.4962025,9.244243,7.3554926,0.8151033399192416,0.49406819272786395
6.0,93.5,192.98636,1.6983105,2.4660091,9.297648,7.385042,0.8063870324790847,0.48730307586649996
6.0,94.0,193.64789,1.6797523,2.4390395,9.323745,7.360782,0.7966215840266603,0.48126025168582537
6.0,94.5,195.64389,1.6514472,2.4104028,9.319334,7.3274198,0.7817271690135748,0.47484391442006973
6.0,95.0,202.19337,1.3769557,2.035077,8.557666,6.6704273,0.6372875191487838,0.3907484476112808
6.0,95.5,237.04532,0.8736866,1.4470345,6.406629,5.0392075,0.3724631566454411,0.25899162671886483
6.0,96.0,298.67175,0.7568479,1.3373333,5.4253016,4.33581,0.31098167418817657,0.23441198702958183
6.0,96.5,314.87692,0.70221305,1.2935022,5.0057697,3.9260945,0.2822323562866568,0.22459118910704537
6.0,97.0,321.45593,0.6639433,1.2240126,4.800933,3.5891113,0.2620944944529766,0.2090213506439091
6.0,97.5,323.0526,0.6464346,1.1658102,4.7315927,3.4611988,0.2528812799557987,0.19598052483436323
6.0,98.0,324.35983,0.63019675,1.1305711,4.645719,3.2947648,0.24433678699890657,0.18808485245582082
6.0,98.5,324.3342,0.61514795,1.0997578,4.5640054,3.1723008,0.23641798355034713,0.18118081671892006
6.0,99.0,322.57608,0.5906348,1.0430094,4.4495797,3.0278172,0.22351897515013067,0.1684657731675788
6.0,99.5,312.35815,0.5204237,0.8957704,4.256664,2.799686,0.18657330973973588,0.13547539820100057
6.0,100.0,294.96655,0.38357916,0.6359388,3.8511295,2.5304306,0.11456458327021236,0.07725754507817015
5.5,50.0,138.63483,1.8160851,2.9540281,6.778987,5.843919,0.8683609996052469,0.5966486041634516
5.5,50.5,140.20499,1.8175137,2.9775531,6.827943,5.874153,0.8691127428573256,0.6019196152644279
5.5,51.0,141.29742,1.8085195,2.981357,6.858284,5.8756714,0.8643799093604895,0.6027719323800554
5.5,51.5,141.87703,1.7920756,2.976358,6.874893,5.86915,0.8557270208478903,0.6016518204853217
5.5,52.0,142.30614,1.7770549,2.9669805,6.8929296,5.879798,0.8478229900575306,0.5995507025416138
5.5,52.5,143.08392,1.7636425,2.949855,6.9342732,5.9017262,0.8407652977148549,0.595713592789285
5.5,53.0,143.87914,1.7471886,2.9418378,6.9880795,5.9261584,0.8321070772449438,0.5939172363087332
5.5,53.5,144.3648,1.7238398,2.9184196,7.0340447,5.954026,0.8198207421043279,0.5886701573962746
5.5,54.0,144.30627,1.6942781,2.8679526,7.057899,5.960863,0.8042651643845575,0.5773625188420076
5.5,54.5,144.10953,1.6642021,2.802454,7.072427,5.9736996,0.7884389114200677,0.5626869055344368
5.5,55.0,144.213,1.6441036,2.7472534,7.080915,5.972778,0.7778629427273137,0.5503186650363486
5.5,55.5,144.579,1.6303241,2.694294,7.1006765,5.9831786,0.7706120453432159,0.5384525731366245
5.5,56.0,144.99828,1.6212467,2.6690974,7.1176195,6.004971,0.765835427067512,0.5328070339693577
5.5,56.5,145.4595,1.6191844,2.6934924,7.1223607,6.017442,0.7647502169322514,0.5382729748826139
5.5,57.0,146.2054,1.6231682,2.737035,7.130419,6.0462384,0.7668465543605908,0.548029134528127
5.5,57.5,147.33978,1.632087,2.8284726,7.163369,6.1039515,0.7715396804576802,0.5685166370811886
5.5,58.0,148.72812,1.6367471,2.9022849,7.2308664,6.157001,0.7739918789899115,0.5850550080084355
5.5,58.5,150.1729,1.6355846,2.8992348,7.3132296,6.2021976,0.7733801466639543,0.5843716051340875
5.5,59.0,151.63391,1.6304569,2.8870175,7.3950973,6.228652,0.7706819253484575,0.581634200812176
5.5,59.5,153.12968,1.6225246,2.857179,7.4718986,6.265293,0.7665078809779161,0.5749485730055317
5.5,60.0,154.53769,1.6137062,2.8345883,7.544373,6.3121486,0.76186757262267,0.5698869151340222
5.5,60.5,155.97922,1.6048646,2.8028712,7.614463,6.356767,0.7572150321300611,0.5627803906458343
5.5,61.0,157.50217,1.5966138,2.7791157,7.6834126,6.383602,0.752873376113195,0.5574577223433029
5.5,61.5,159.23738,1.5889599,2.7646794,7.7550273,6.4072294,0.7488458664753685,0.5542231374889474
5.5,62.0,161.10938,1.5820063,2.7398887,7.8259654,6.457685,0.7451868264522542,0.5486685192700226
5.5,62.5,163.07825,1.5744029,2.7192473,7.898952,6.5245585,0.7411858511431685,0.5440436238389625
5.5,63.0,165.45424,1.5675062,2.6889195,7.9716635,6.595724,0.7375567328099107,0.5372483780616967
5.5,63.5,167.84474,1.5611058,2.6663167,8.047928,6.6631317,0.7341888176560302,0.5321839957669408
5.5,64.0,169.89989,1.5538858,2.653175,8.128451,6.7265444,0.7303895785200657,0.5292394818582359
5.5,64.5,171.92052,1.5456088,2.6395118,8.205555,6.794707,0.726034122143098,0.5261780848502522
5.5,65.0,173.95955,1.5360926,2.6295753,8.273028,6.858275,0.7210266614802404,0.5239516968572716
5.5,65.5,176.02042,1.5243313,2.6185431,8.3246,6.898576,0.7148377645348686,0.5214798436717928
5.5,66.0,178.2432,1.5108753,2.5807958,8.360849,6.917086,0.7077571134112965,0.5130221655135601
5.5,66.5,180.65251,1.4972459,2.5698366,8.387451,6.95151,0.7005851917243255,0.5105666588675599
5.5,67.0,183.43294,1.4843122,2.5438678,8.4126215,7.0059967,0.6937793559535036,0.5047480921141122
5.5,67.5,186.47472,1.4731412,2.5247836,8.44044,7.018163,0.6879010925682364,0.5004720831187878
5.5,68.0,189.79251,1.4644836,2.4957833,8.470339,7.026493,0.6833454055119768,0.4939742802559572
5.5,68.5,193.19434,1.4573901,2.465186,8.501296,7.044726,0.6796127217490476,0.48711866980676033
5.5,69.0,197.20444,1.4486939,2.4319062,8.530973,7.054195,0.6750367105260929,0.479661976801309
5.5,69.5,202.2503,1.437755,2.3983727,8.554629,7.057708,0.6692805803277246,0.472148444848128
5.5,70.0,207.92989,1.4258045,2.3730414,8.57415,7.06511,0.6629921326028928,0.4664727233448957
5.5,70.5,212.68636,1.415727,2.3559515,8.59453,7.0351367,0.6576892815049519,0.4626435731820516
5.5,71.0,215.97018,1.4096944,2.3404796,8.615989,7.008434,0.6545148850370411,0.4591769315711755
5.5,71.5,218.9159,1.4010519,2.3206382,8.613904,6.9591794,0.6499671018233851,0.45473126045368045
5.5,72.0,222.94475,1.3774071,2.300009,8.554619,6.8781233,0.63752501080035,0.4501090894458668
5.5,72.5,230.63116,1.2979169,2.207502,8.289224,6.6017957,0.595696621163743,0.4293819444872454
5.5,73.0,292.81876,0.92090076,1.5366046,5.631881,4.939548,0.3973076312917645,0.27906071662334286
5.5,73.5,181.56822,0.965454,1.4891694,6.027886,5.330746,0.420751902583509,0.26843236759852246
5.5,74.0,153.58472,1.2707481,1.97664,7.351989,6.039506,0.5814002008454227,0.37765502974906584
5.5,74.5,159.09567,1.3908257,2.1676958,7.702653,6.297796,0.644586027775232,0.4204629840793453
5.5,75.0,163.92747,1.4625963,2.278952,7.8579445,6.399492,0.6823522814159395,0.4453910294237911
5.5,75.5,168.46301,1.5247062,2.360492,7.951674,6.4490857,0.7150350469554116,0.4636609048743117
5.5,76.0,173.18706,1.5758766,2.4180388,8.005057,6.449476,0.7419613059230581,0.4765548522188361
5.5,76.5,178.25732,1.6158161,2.4594073,8.058916,6.489851,0.762977811592842,0.4858238743038723
5.5,77.0,183.76343,1.6504647,2.5119333,8.108704,6.5325904,0.7812101573410419,0.4975928485278703
5.5,77.5,189.01453,1.6737713,2.5451152,8.174719,6.6372843,0.7934742864476763,0.505027585887159
5.5,78.0,193.09126,1.6876136,2.5741298,8.258631,6.734671,0.8007582419671083,0.511528593953809
5.5,78.5,195.30727,1.6920638,2.595964,8.352454,6.8814926,0.8030999748896175,0.5164207499633389
5.5,79.0,194.82523,1.6849953,2.6037643,8.46071,7.075752,0.7993804641976944,0.5181684941859639
5.5,79.5,192.90779,1.6768107,2.6037939,8.545504,7.2028174,0.7950736854545396,0.5181751182738572
5.5,80.0,190.02147,1.6714739,2.5750885,8.573429,7.2134104,0.792265374902778,0.5117433960297688
5.5,80.5,185.68813,1.680295,2.53435,8.500116,7.071143,0.7969071260229439,0.502615509752911
5.5,81.0,183.45999,1.7240443,2.5642684,8.2825775,6.804821,0.8199283849131201,0.5093190332808799
5.5,81.5,184.30466,1.7648412,2.6475506,8.185476,6.7596254,0.8413960369004065,0.5279792491365332
5.5,82.0,185.65681,1.8104728,2.7376292,8.167687,6.8228126,0.8654077852724188,0.548162257326757
5.5,82.5,185.86052,1.8289056,2.81485,8.205376,6.906149,0.8751072429119939,0.5654643749040901
5.5,83.0,185.59941,1.8391175,2.8532941,8.249563,6.9731393,0.8804808522199102,0.5740781464883249
5.5,83.5,185.51292,1.8434416,2.8784294,8.31181,7.0584645,0.8827562179561127,0.5797099566992322
5.5,84.0,185.45569,1.8438976,2.892255,8.3719,7.116703,0.8829961560351515,0.5828077327705654
5.5,84.5,185.61644,1.8435801,2.8982046,8.427655,7.1665726,0.8828291089490129,0.584140777039031
5.5,85.0,185.88057,1.8398154,2.874706,8.4870615,7.1998906,0.8808480672564313,0.5788756955651204
5.5,85.5,186.34274,1.8343846,2.8512857,8.545681,7.2529798,0.8779903263239422,0.5736281358720889
5.5,86.0,186.83607,1.8282025,2.839609,8.600147,7.3044834,0.8747372678034525,0.571011834834485
5.5,86.5,187.343,1.8223833,2.8236115,8.648738,7.3533525,0.871675156083641,0.5674274554033115
5.5,87.0,187.84062,1.8162473,2.8073573,8.694676,7.3930125,0.8684463736511481,0.5637855425635809
5.5,87.5,188.2751,1.8097081,2.7924995,8.738759,7.3996754,0.8650053793176387,0.5604565110366819
5.5,88.0,188.82071,1.8018132,2.761593,8.78634,7.39223,0.8608510318246968,0.5535316147649236
5.5,88.5,189.33878,1.7943561,2.7252069,8.832122,7.3797593,0.8569270248876322,0.5453789117501016
5.5,89.0,189.79486,1.7862816,2.6801958,8.883822,7.382075,0.8526781449279944,0.5352937379325329
5.5,89.5,190.40868,1.7778201,2.6428123,8.939206,7.3870964,0.8482256469279489,0.5269175787914387
5.5,90.0,190.9545,1.7683735,2.6293285,9.0003605,7.4102993,0.8432547572193604,0.523896407091388
5.5,90.5,191.3533,1.7592899,2.6095092,9.060157,7.424613,0.8384748770403597,0.5194557040398129
5.5,91.0,191.77496,1.7504311,2.583016,9.118985,7.427348,0.8338133035847752,0.5135196131463224
5.5,91.5,192.30101,1.7412398,2.56634,9.177218,7.479491,0.8289767792004485,0.5097832002139847
5.5,92.0,192.72661,1.7308098,2.5449853,9.23888,7.490232,0.8234884387169604,0.5049984719524667
5.5,92.5,193.23422,1.718894,2.5145702,9.304059,7.5160546,0.8172182451048084,0.4981836744319028
5.5,93.0,193.92844,1.7037722,2.4752867,9.373019,7.5551176,0.809261020199148,0.4893818108035361
5.5,93.5,194.7809,1.6853985,2.4401016,9.440194,7.579838,0.7995926133698014,0.4814982380694117
5.5,94.0,196.32747,1.6603248,2.4048502,9.512072,7.6772223,0.7863986536368684,0.47359981455759104
5.5,94.5,199.7823,1.6143277,2.353053,9.627219,7.9092813,0.7621945784281678,0.4619941454681887
5.5,95.0,206.24188,1.4146297,2.092764,9.534767,8.036022,0.6571118618925199,0.40367375253317106
5.5,95.5,,,,,,,
5.5,96.0,345.52182,0.4253525,0.887663,4.3845205,3.515387,0.13654606343787168,0.13365886229140275
5.5,96.5,343.59244,0.44523612,0.88987046,4.3529716,3.2413278,0.14700897895338447,0.1341534653057754
5.5,97.0,340.6447,0.46095243,0.8669142,4.3954973,3.207531,0.15527903293098383,0.12900988776664984
5.5,97.5,338.31055,0.49259365,0.89509,4.386045,3.153047,0.1719289007956723,0.13532295069434297
5.5,98.0,336.07635,0.5108048,0.8956253,4.38,3.127363,0.1815117453923891,0.13544289209226604
5.5,98.5,334.1056,0.5186614,0.9106002,4.356303,3.0463023,0.1856459569053646,0.13879816622543587
5.5,99.0,331.0415,0.51992816,0.92565274,4.309411,2.969902,0.1863125456627256,0.14217084194434154
5.5,99.5,323.90668,0.4919967,0.88219345,4.2048783,2.8317027,0.17161478578108752,0.13243335261107622
5.5,100.0,308.41986,0.41464436,0.7053559,4.019411,2.6174648,0.13091134504394253,0.09281113048693918
5.0,50.0,139.41394,1.7814032,2.8693767,6.8169727,5.897646,0.8501110897623723,0.5776815968822234
5.0,50.5,140.61263,1.7799104,2.8912206,6.858169,5.9205155,0.8493255983569542,0.5825759431143631
5.0,51.0,141.21228,1.7692915,2.8802702,6.879757,5.9213767,0.8437378325518252,0.5801224130107182
5.0,51.5,141.39275,1.7522388,2.8657608,6.8915277,5.9161005,0.8347645247692314,0.5768714281968204
5.0,52.0,141.65286,1.7376372,2.8544326,6.9068527,5.9123483,0.8270810488248586,0.5743332272922811
5.0,52.5,142.15988,1.7228113,2.8407996,6.949419,5.9262457,0.8192795798016174,0.5712786146323818
5.0,53.0,142.7495,1.7052566,2.8275568,7.0078626,5.956178,0.8100421205808973,0.5683114506166869
5.0,53.5,143.05394,1.682364,2.7916222,7.0562377,5.9920173,0.7979958489771393,0.5602599252024288
5.0,54.0,142.90875,1.6562635,2.7395542,7.0767484,6.0065637,0.78426154241732,0.5485935709207136
5.0,54.5,142.71718,1.6305511,2.679551,7.088778,6.00929,0.7707314811870041,0.535149236660344
5.0,55.0,142.80247,1.6120011,2.6303961,7.1020823,6.01081,0.7609702983004292,0.5241356221364384
5.0,55.5,143.20453,1.5999796,2.6058338,7.1263084,6.0295005,0.7546445268744135,0.5186321803384958
5.0,56.0,143.71951,1.5934018,2.5951667,7.147732,6.060497,0.751183208374209,0.516242113270474
5.0,56.5,144.24773,1.5898322,2.610898,7.160539,6.0830407,0.7493048539065652,0.5197668759106076
5.0,57.0,145.076,1.5929446,2.667182,7.172615,6.1219378,0.7509426430060747,0.5323778571779475
5.0,57.5,146.30324,1.5992749,2.7667863,7.2130156,6.1620045,0.7542736735611384,0.5546952105914732
5.0,58.0,147.70273,1.6005703,2.8013453,7.290727,6.227858,0.7549553486212468,0.5624385022384376
5.0,58.5,149.12631,1.5983949,2.7991238,7.3782706,6.277572,0.7538106087508208,0.5619407340852933
5.0,59.0,150.61073,1.5940021,2.7841516,7.4623384,6.3093166,0.7514991111627161,0.5585860609278396
5.0,59.5,152.098,1.5882859,2.765981,7.538939,6.3406367,0.7484911972207581,0.5545147576164441
5.0,60.0,153.49289,1.5808556,2.7376173,7.6140714,6.40777,0.7445813042883427,0.5481595863235743
5.0,60.5,154.942,1.5731469,2.7142828,7.689473,6.437816,0.740524939352122,0.5429312578534589
5.0,61.0,156.49315,1.5664117,2.697013,7.7635307,6.4738684,0.736980818691308,0.5390617755425547
5.0,61.5,158.19792,1.5606259,2.6794028,7.8372416,6.503271,0.7339362710661713,0.5351160628008138
5.0,62.0,160.01765,1.5549681,2.6557372,7.9088893,6.5502977,0.730959094289894,0.5298135338622806
5.0,62.5,162.36,1.5490124,2.6255448,7.9801135,6.6077423,0.7278251579686447,0.5230486306811711
5.0,63.0,164.77145,1.5433923,2.5991538,8.0511055,6.680475,0.724867803527786,0.5171354569949891
5.0,63.5,166.96222,1.5378321,2.5770051,8.125129,6.7621703,0.7219420017284324,0.5121728399214973
5.0,64.0,169.01315,1.5321971,2.5635273,8.201843,6.827826,0.7189768061738796,0.5091530037230378
5.0,64.5,170.78162,1.5259175,2.5597827,8.273869,6.88681,0.7156724354053758,0.5083139882032607
5.0,65.0,172.6972,1.5181115,2.5424905,8.335382,6.9407945,0.7115648209500507,0.5044394844063729
5.0,65.5,174.4681,1.5080318,2.51109,8.38215,6.9748807,0.7062608407317378,0.49740390176271987
5.0,66.0,176.42027,1.4967278,2.4967203,8.413997,7.0040307,0.7003125718834098,0.49418422110612426
5.0,66.5,178.5745,1.4852486,2.4819627,8.4368,7.035338,0.6942720915380395,0.49087762600596074
5.0,67.0,181.0193,1.4742113,2.4675562,8.460304,7.0546093,0.6884642099892903,0.48764971865956214
5.0,67.5,183.80865,1.4650444,2.4398375,8.488762,7.0699067,0.6836404823025123,0.48143904863888115
5.0,68.0,187.12775,1.4590324,2.4136953,8.519387,7.071988,0.6804769379359542,0.47558164549915566
5.0,68.5,190.33208,1.4544897,2.4012043,8.5515995,7.0958304,0.6780865273796322,0.4727829149441673
5.0,69.0,193.94624,1.448832,2.3746462,8.584086,7.0892487,0.6751094133322645,0.46683229379336255
5.0,69.5,197.9993,1.4399805,2.3455057,8.611141,7.113369,0.6704516663401627,0.4603030799331023
5.0,70.0,202.87128,1.4288639,2.338388,8.630265,7.138459,0.6646020073376515,0.4587082773527236
5.0,70.5,207.5732,1.4186465,2.3181129,8.645514,7.114274,0.6592255124998957,0.45416543513943874
5.0,71.0,211.52597,1.4111892,2.2898474,8.657353,7.0760074,0.6553014428339216,0.44783227291279515
5.0,71.5,215.17908,1.4015532,2.2772028,8.645086,7.007329,0.6502308768880539,0.4449991398368125
5.0,72.0,219.48721,1.3781052,2.2380514,8.567188,6.8825145,0.6378923512946902,0.4362268709237111
5.0,72.5,226.49255,1.3085289,2.166824,8.288033,6.595441,0.6012807486921179,0.4202676803266199
5.0,73.0,224.73068,1.0443099,1.6639919,6.8876905,5.6901617,0.46224651169238645,0.30760311005467295
5.0,73.5,167.95558,1.0475444,1.6006029,6.6088915,5.632948,0.4639485351952779,0.29340015747032816
5.0,74.0,154.3202,1.293576,1.9996965,7.4456196,6.128746,0.5934124106512936,0.38282107042495866
5.0,74.5,157.85934,1.4012854,2.1579726,7.7678156,6.3562055,0.6500899877571987,0.4182844070433366
5.0,75.0,162.1374,1.4672008,2.2466347,7.921037,6.467987,0.6847751855474098,0.4381500466353817
5.0,75.5,166.23975,1.5211627,2.316716,8.023267,6.5428457,0.7131704301189598,0.4538524469864797
5.0,76.0,170.48775,1.5637348,2.3625088,8.096159,6.5704303,0.7355721782983943,0.46411278519277566
5.0,76.5,175.05948,1.5990796,2.4006605,8.161839,6.613863,0.7541709236072912,0.47266106377896855
5.0,77.0,179.80829,1.6294273,2.4382203,8.2279,6.6802235,0.7701401357566515,0.4810767003471042
5.0,77.5,184.19785,1.6527023,2.476099,8.301295,6.7977924,0.7823876417022544,0.48956381296041124
5.0,78.0,187.73192,1.6702647,2.5169146,8.376727,6.9148035,0.7916291155731857,0.4987089539178298
5.0,78.5,189.47296,1.6841412,2.5497472,8.441516,7.0416617,0.7989310115607499,0.5060654308838629
5.0,79.0,189.32983,1.6948482,2.5787745,8.489945,7.1296167,0.8045651340300383,0.5125692702138867
5.0,79.5,188.0703,1.7052954,2.5911925,8.512989,7.1142244,0.8100625702054115,0.5153516542293963
5.0,80.0,186.57156,1.7215534,2.591757,8.489731,7.0373697,0.818617664348018,0.5154781529401331
5.0,80.5,185.3989,1.7463111,2.6211019,8.422515,6.9702015,0.8316453297417269,0.5220531477949463
5.0,81.0,185.23753,1.7718681,2.6514468,8.358083,6.8828144,0.8450936552028957,0.5288522398167954
5.0,81.5,186.0354,1.7907615,2.7013822,8.334882,6.890566,0.8550354973489822,0.5400407516291099
5.0,82.0,186.85995,1.8061546,2.746607,8.33848,6.9483027,0.8631354932527844,0.5501738432437779
5.0,82.5,187.20476,1.8189772,2.7796166,8.355698,7.0143785,0.8698828656799032,0.5575699578970436
5.0,83.0,187.1592,1.8270855,2.8125339,8.391698,7.0735173,0.8741494979209444,0.5649453989856745
5.0,83.5,187.53282,1.831081,2.827016,8.439038,7.1684713,0.8762519827824198,0.5681902939123157
5.0,84.0,187.60683,1.8333731,2.8419878,8.485912,7.205598,0.8774580715263882,0.571544860229642
5.0,84.5,187.76167,1.832432,2.851561,8.538651,7.245066,0.8769628895143797,0.5736898360456113
5.0,85.0,187.99123,1.8297856,2.8354027,8.589221,7.2910438,0.8755703077223114,0.5700693980714703
5.0,85.5,188.43924,1.8248473,2.8265498,8.642406,7.346257,0.8729717626440938,0.568085804267805
5.0,86.0,188.87985,1.8193432,2.813143,8.692412,7.4049997,0.8700754434322299,0.565081887248315
5.0,86.5,189.32495,1.8130525,2.8024902,8.741935,7.44432,0.8667652388751377,0.5626950253841124
5.0,87.0,189.70802,1.8059301,2.7866323,8.791425,7.477172,0.8630173747160967,0.5591418966901777
5.0,87.5,190.10513,1.7982761,2.7675896,8.840306,7.4718733,0.8589897396204512,0.5548751827859294
5.0,88.0,190.62946,1.7904878,2.7265217,8.888472,7.4673524,0.8548914717726493,0.545673523401163
5.0,88.5,191.12682,1.7829747,2.6827793,8.936616,7.491186,0.8509380449770045,0.5358725977423066
5.0,89.0,191.64243,1.7747,2.6638565,8.9906435,7.4908667,0.846583843178228,0.531632754130077
5.0,89.5,192.33542,1.7661884,2.6579041,9.047303,7.510088,0.8421049363072608,0.5302990688208477
5.0,90.0,192.7864,1.7565553,2.6527658,9.110641,7.5245824,0.8370359385841319,0.529147759608939
5.0,90.5,193.19489,1.7475504,2.634912,9.172413,7.526621,0.832297459485436,0.5251474515621419
5.0,91.0,193.68686,1.7390093,2.5988407,9.231995,7.5545273,0.8278030585738093,0.5170653164514091
5.0,91.5,194.21843,1.7298379,2.5700448,9.294097,7.611418,0.8229770099173779,0.5106132945831314
5.0,92.0,194.79382,1.7184402,2.534763,9.365049,7.653239,0.8169794361461415,0.5027080867232264
5.0,92.5,195.44405,1.7052157,2.4946043,9.44101,7.709508,0.8100206045649208,0.4937101180411795
5.0,93.0,196.39267,1.6877866,2.4660218,9.529805,7.838955,0.8008492616148692,0.4873059071298737
5.0,93.5,197.87335,1.665079,2.4298682,9.630692,7.968497,0.7889003452787369,0.4792053420971797
5.0,94.0,200.1199,1.6330943,2.3786256,9.758249,8.12383,0.7720697397433999,0.4677239280758406
5.0,94.5,203.89574,1.5802097,2.3157098,9.958723,8.374683,0.7442414390563866,0.45362701431785246
5.0,95.0,208.89595,1.4702537,2.1737993,10.331189,8.768592,0.6863816729210526,0.4218305377089325
5.0,95.5,217.28433,0.9055179,1.3415359,10.063656,8.624213,0.38921303007418384,0.2353536224916417
5.0,96.0,,,,,,,
5.0,96.5,,,,,,,
5.0,97.0,,,,,,,
5.0,97.5,,,,,,,
5.0,98.0,1.978216,0.37440223,0.68935853,3.8742146,2.9148197,0.10973560203725934,0.08922676441078167
5.0,98.5,348.12192,0.4220309,0.7545689,4.019137,2.9584057,0.13479820078432464,0.10383779286139276
5.0,99.0,340.013,0.43893993,0.7761792,4.0561547,2.9202857,0.14369587318422547,0.10867980078616571
5.0,99.5,329.9886,0.42945483,0.7554445,4.0143876,2.8088121,0.13870473772007888,0.1040339914001844
5.0,100.0,308.30527,0.38010174,0.6519157,3.8620453,2.6418283,0.11273473393188005,0.08083733038386917
4.5,50.0,139.8236,1.7470897,2.78285,6.8506727,5.9353714,0.8320550749789246,0.5582944408003429
4.5,50.5,140.6352,1.7425493,2.8035977,6.888096,5.9621606,0.8296658562718842,0.5629431615797934
4.5,51.0,140.79115,1.7284974,2.7720747,6.9073563,5.9585953,0.8222716233294586,0.5558801210234213
4.5,51.5,140.63127,1.7126185,2.7677999,6.9129252,5.944233,0.8139160071192294,0.5549222992820737
4.5,52.0,140.65598,1.6972756,2.7449458,6.927655,5.937773,0.8058424828152584,0.5498016122402246
4.5,52.5,140.998,1.6815262,2.7298446,6.974263,5.9585533,0.7975549902008034,0.5464180388283332
4.5,53.0,141.48274,1.665302,2.7105944,7.0399094,5.9932976,0.7890177110685098,0.5421048494687044
4.5,53.5,141.67017,1.6453909,2.6749685,7.086005,6.027769,0.778540289492663,0.5341225030368806
4.5,54.0,141.47484,1.6215339,2.6438043,7.1054564,6.0487804,0.7659865410106242,0.5271398596763104
4.5,54.5,141.17287,1.59899,2.5944972,7.1143436,6.062553,0.7541237514673076,0.5160921097317287
4.5,55.0,141.23978,1.5829867,2.5616896,7.1305137,6.0695815,0.745702709004415,0.5087412418723793
4.5,55.5,141.68042,1.5728201,2.557735,7.158448,6.095502,0.7403529366821288,0.5078551632765215
4.5,56.0,142.26434,1.5683434,2.5567238,7.1844416,6.119928,0.7379972779416989,0.5076286087865575
4.5,56.5,142.87099,1.5653983,2.5813751,7.204197,6.169107,0.7364475602312012,0.5131519762682436
4.5,57.0,143.71729,1.5674796,2.6380725,7.2208457,6.1923766,0.7375427442630805,0.5258555879259625
4.5,57.5,144.95708,1.5704408,2.702404,7.2727947,6.2428246,0.7391009303763678,0.5402697100219385
4.5,58.0,146.34311,1.5681957,2.7088022,7.3577538,6.295604,0.7379195568227631,0.5417032908502042
4.5,58.5,147.75642,1.5648111,2.700957,7.450519,6.3466625,0.7361385576227449,0.5399455036556118
4.5,59.0,149.20496,1.5604763,2.6867557,7.5374784,6.4002447,0.7338575462846827,0.5367635375639571
4.5,59.5,150.67403,1.5553589,2.6694784,7.6183324,6.441479,0.7311647196554075,0.5328923992310797
4.5,60.0,152.14337,1.5498655,2.6451182,7.695091,6.494431,0.7282740460454034,0.5274342576471172
4.5,60.5,153.6283,1.5441009,2.6257308,7.7716055,6.5320773,0.7252406641661668,0.5230902983308227
4.5,61.0,155.197,1.539389,2.6150146,7.8480806,6.564605,0.7227612412871897,0.5206892267296878
4.5,61.5,156.91132,1.5353332,2.586857,7.923686,6.6096187,0.7206270155974807,0.5143802637918802
4.5,62.0,158.81967,1.5308188,2.5692816,7.9957714,6.676091,0.7182515345216322,0.5104422969593694
4.5,62.5,161.35097,1.5263649,2.5436916,8.063935,6.6934657,0.7159078570029269,0.5047086146870706
4.5,63.0,163.52567,1.5220008,2.5202699,8.132546,6.735494,0.7136114143531147,0.49946073447365713
4.5,63.5,165.6407,1.5173647,2.5035393,8.204186,6.8144693,0.711171887060613,0.4957120883467423
4.5,64.0,167.68892,1.5127733,2.4882774,8.277677,6.880277,0.708755820380284,0.4922925098119469
4.5,64.5,169.38013,1.5082701,2.478059,8.344642,6.9474044,0.7063862358219335,0.49000297930372516
4.5,65.0,170.85252,1.5025975,2.4558225,8.398007,6.9941626,0.7034012179319621,0.48502065022674445
4.5,65.5,172.39722,1.4942619,2.4409587,8.438828,7.037154,0.6990149616604041,0.48169028319825413
4.5,66.0,174.04724,1.4852943,2.423795,8.467208,7.0868926,0.6942961794393077,0.4778445728156768
4.5,66.5,175.88133,1.4760747,2.4060705,8.488287,7.0890603,0.6894447255745074,0.47387321844338115
4.5,67.0,178.24715,1.4668572,2.386759,8.510706,7.0997906,0.6845944008300792,0.46954630012739285
4.5,67.5,181.00044,1.4604502,2.3778286,8.5378065,7.1113153,0.6812229728572635,0.46754534480303944
4.5,68.0,184.23424,1.4574312,2.361927,8.570559,7.109035,0.6796343632228432,0.46398244023745566
4.5,68.5,187.31883,1.4550946,2.3556828,8.606213,7.118514,0.6784048138667021,0.4625833687703116
4.5,69.0,190.57863,1.4519404,2.3357365,8.640816,7.1271014,0.6767450696488492,0.45811419282480803
4.5,69.5,194.3977,1.4453772,2.3097446,8.669976,7.172797,0.6732914668045197,0.4522904443251856
4.5,70.0,198.5475,1.4351858,2.29591,8.688285,7.174202,0.6679286468690464,0.4491906382914335
4.5,70.5,203.3669,1.424645,2.2823257,8.700959,7.158446,0.6623819684996745,0.4461469767445836
4.5,71.0,207.78102,1.4145665,2.254893,8.708574,7.1140075,0.657078615570457,0.4400004108002895
4.5,71.5,212.03549,1.4012444,2.2243586,8.687167,7.03888,0.6500684090123127,0.43315884982783415
4.5,72.0,217.40187,1.3751248,2.1810904,8.598958,6.893791,0.636324065826965,0.4234641766755889
4.5,72.5,226.16386,1.3145188,2.1235795,8.376011,6.6288705,0.6044326882104089,0.41057829576067656
4.5,73.0,245.18594,1.0251921,1.6708487,6.722149,5.478456,0.4521866137385219,0.3091394443753805
4.5,73.5,176.2769,0.9991694,1.5322787,6.250502,5.3611646,0.4384932377921858,0.27809143627834115
4.5,74.0,150.93979,1.3016633,1.9925635,7.549509,6.1900263,0.5976680026042535,0.381222848960506
4.5,74.5,156.11452,1.4019768,2.1359897,7.85805,6.4471965,0.6504538154326039,0.4133589169140856
4.5,75.0,160.29604,1.4653597,2.2184207,8.022077,6.570774,0.683806400268279,0.4318284231424877
4.5,75.5,164.2166,1.5131841,2.2624333,8.125502,6.644504,0.7089719842026023,0.4416898737334662
4.5,76.0,168.20062,1.550853,2.3188171,8.208777,6.7234473,0.7287936923321373,0.4543232380074778
4.5,76.5,172.33977,1.5836518,2.371632,8.281568,6.7794867,0.7460526735908092,0.46615695734862655
4.5,77.0,176.4891,1.612344,2.4104955,8.352523,6.868146,0.7611507693732121,0.47486469482483185
4.5,77.5,180.20525,1.6380892,2.443135,8.420295,6.972288,0.774698081053655,0.4821779015393038
4.5,78.0,183.07706,1.6604577,2.4782083,8.478076,7.0605917,0.7864685963710196,0.49003642026357364
4.5,78.5,184.79623,1.6793791,2.5059316,8.523644,7.155044,0.796425179810851,0.4962481052654641
4.5,79.0,185.44186,1.6993972,2.531686,8.5382805,7.1530213,0.8069588692185665,0.5020186473816853
4.5,79.5,185.39998,1.7191832,2.565376,8.529055,7.0974793,0.8173704254393831,0.5095672228966246
4.5,80.0,185.18295,1.7391987,2.595123,8.504139,7.0420876,0.8279027348110884,0.516232337398825
4.5,80.5,185.30591,1.7593119,2.6288445,8.477807,7.020205,0.838486481888627,0.5237879643621668
4.5,81.0,185.83748,1.7752702,2.66526,8.471545,7.039169,0.8468838755526181,0.5319472380448185
4.5,81.5,186.52858,1.7898262,2.7032824,8.46968,7.026559,0.8545433263246323,0.5404665095364463
4.5,82.0,187.51044,1.803153,2.7497053,8.479158,7.080808,0.8615560420391588,0.5508680369709844
4.5,82.5,188.23048,1.8116996,2.7783892,8.506251,7.130407,0.8660533284806249,0.5572949514093438
4.5,83.0,188.98032,1.8180003,2.7977557,8.538979,7.1797004,0.8693688022661195,0.5616342097600366
4.5,83.5,189.55988,1.8222476,2.8011303,8.576016,7.2435184,0.8716037705845701,0.5623903173410201
4.5,84.0,189.75746,1.8239051,2.8205218,8.615295,7.298472,0.8724759533429898,0.5667351847983967
4.5,84.5,189.9954,1.8227236,2.8200638,8.657408,7.343885,0.8718542471204137,0.566632564856114
4.5,85.0,190.23166,1.8197916,2.8077288,8.702642,7.4027705,0.8703113668610573,0.5638687710227566
4.5,85.5,190.48969,1.8153101,2.7964587,8.748567,7.436201,0.8679531989642454,0.5613436046137493
4.5,86.0,190.78423,1.8094949,2.7869456,8.795883,7.476,0.8648931572984491,0.5592120906538213
4.5,86.5,191.20508,1.8025919,2.7875612,8.845999,7.521129,0.8612607770618945,0.5593500212581805
4.5,87.0,191.51329,1.795026,2.768321,8.895795,7.5530534,0.8572794986304083,0.5550390755412252
4.5,87.5,191.83556,1.7870616,2.7257211,8.946193,7.5566435,0.8530885801831972,0.545494138827407
4.5,88.0,192.37383,1.77947,2.6962512,8.994607,7.5819607,0.8490938150361572,0.5388910984391746
4.5,88.5,192.94302,1.7716002,2.6773949,9.046899,7.590452,0.844952703343131,0.534666159024705
4.5,89.0,193.51567,1.763489,2.6831088,9.102616,7.6091366,0.840684502879351,0.5359464242702787
4.5,89.5,194.06767,1.7552227,2.6911392,9.160683,7.623069,0.8363346921042432,0.5377457188543316
4.5,90.0,194.57079,1.7461344,2.6644442,9.224329,7.6280885,0.8315523654977699,0.5317644345869885
4.5,90.5,195.06319,1.7369958,2.6256266,9.289122,7.6518745,0.8267435672914655,0.5230669537630052
4.5,91.0,195.55287,1.7281679,2.5862644,9.352532,7.7051787,0.8220982406234552,0.514247461513632
4.5,91.5,196.13243,1.7186337,2.5521548,9.41916,7.761093,0.8170812451663455,0.5066048666866587
4.5,92.0,196.81314,1.7075163,2.5220551,9.492564,7.8516126,0.8112312097903769,0.4998607439103114
4.5,92.5,197.72325,1.6933837,2.4884367,9.579226,7.9554453,0.8037945093761842,0.4923281944144689
4.5,93.0,198.87843,1.6759133,2.4632387,9.675186,8.058986,0.7946014622234274,0.48668233472682015
4.5,93.5,200.4598,1.6516595,2.4242587,9.796787,8.1997595,0.7818388892014879,0.4779484748394872
4.5,94.0,202.48055,1.6197655,2.3752239,9.946812,8.372739,0.7650560203663205,0.4669617306076004
4.5,94.5,205.56342,1.5743184,2.3143046,10.144184,8.541225,0.7411413763462957,0.4533121564626655
4.5,95.0,208.72923,1.4927585,2.1917675,10.457313,8.841307,0.6982238873820359,0.4258564873862843
4.5,95.5,213.85187,1.2502278,1.8050532,10.555686,8.961145,0.5706022345417618,0.3392093043968512
4.5,96.0,,,,,,,
4.5,96.5,,,,,,,
4.5,97.0,,,,,,,
4.5,97.5,,,,,,,
4.5,98.0,15.795381,0.32030773,0.59562784,3.5820823,2.7809916,0.08127063428274166,0.06822546768547899
4.5,98.5,7.9574594,0.34535253,0.6145063,3.6017046,2.7807868,0.09444941361956284,0.07245537516586846
4.5,99.0,351.51395,0.37841323,0.6667213,3.7588613,2.8330207,0.11184622597474923,0.0841546629168275
4.5,99.5,338.81396,0.38250947,0.66957706,3.76805,2.793239,0.11400170108256925,0.08479452843929605
4.5,100.0,313.6702,0.35848626,0.62635064,3.6902785,2.6381443,0.1013604928183867,0.07510921715320648
4.0,50.0,139.80638,1.7098345,2.704832,6.887703,5.9660683,0.8124510361655374,0.5408137399502086
4.0,50.5,140.15762,1.7005389,2.7018156,6.9239764,5.9979615,0.8075596239853521,0.5401378693048361
4.0,51.0,139.96686,1.6870828,2.6842575,6.9391675,5.995629,0.8004789101328705,0.5362038021369722
4.0,51.5,139.67165,1.6727445,2.6634955,6.940611,5.986166,0.7929340023496995,0.5315518761537023
4.0,52.0,139.46661,1.6570067,2.6478343,6.9548526,5.9801354,0.7846526571683806,0.5280428190122834
4.0,52.5,139.65292,1.6426092,2.6223414,7.0052423,6.0043535,0.7770765731171619,0.5223308787058926
4.0,53.0,140.09239,1.6282489,2.6164067,7.0740466,6.039703,0.7695200604857237,0.5210011464813736
4.0,53.5,140.25175,1.6105514,2.6021955,7.1217885,6.067645,0.7602074520313596,0.5178169901671091
4.0,54.0,139.92593,1.5892498,2.5694132,7.142201,6.0919867,0.7489984231834006,0.5104717848345074
4.0,54.5,139.52332,1.5690079,2.5346878,7.150202,6.1081114,0.7383469288835453,0.5026912059831112
4.0,55.0,139.52797,1.5548743,2.5147967,7.166859,6.123322,0.7309097266380761,0.4982344234923758
4.0,55.5,140.00076,1.5481175,2.5174894,7.197204,6.1467953,0.7273542520446331,0.4988377496913038
4.0,56.0,140.67902,1.5453119,2.5203605,7.2278986,6.1915026,0.725877927158312,0.49948103409784633
4.0,56.5,141.33876,1.5437613,2.5449238,7.2508593,6.2412376,0.7250619495028514,0.5049846895760435
4.0,57.0,142.18777,1.5445861,2.613321,7.278424,6.27335,0.7254959708280461,0.5203097840175409
4.0,57.5,143.35898,1.5431124,2.639073,7.3415136,6.311751,0.7247205160481565,0.526079738513062
4.0,58.0,144.7036,1.5394025,2.6329057,7.430208,6.3582935,0.7227683296539691,0.5246979217264788
4.0,58.5,146.12337,1.5351979,2.6133044,7.5265684,6.4232736,0.7205558182851384,0.520306044613085
4.0,59.0,147.57404,1.530946,2.5935607,7.6167884,6.4889636,0.7183184662681248,0.5158822757216889
4.0,59.5,149.04146,1.5262873,2.5757194,7.7002707,6.5264425,0.7158670204828081,0.5118847455182018
4.0,60.0,150.51352,1.5218784,2.5588372,7.779517,6.570732,0.7135469917630042,0.508102124230802
4.0,60.5,152.03558,1.5182298,2.5461001,7.858167,6.600601,0.7116271107572364,0.5052482641701209
4.0,61.0,153.64444,1.5151986,2.531845,7.935961,6.640546,0.7100320400451322,0.5020542785641438
4.0,61.5,155.45515,1.5122713,2.509212,8.012727,6.6882305,0.7084916689421579,0.49698311192130357
4.0,62.0,157.76921,1.5092525,2.4892197,8.0841055,6.7436957,0.7069031847655567,0.49250362590351443
4.0,62.5,159.88466,1.5059576,2.4681387,8.149987,6.781879,0.705169357705522,0.48778022387507314
4.0,63.0,162.00284,1.5026475,2.4550502,8.215266,6.7923822,0.7034275640739742,0.48484762264056347
4.0,63.5,164.06436,1.4993366,2.4384756,8.282439,6.8706846,0.7016853313400595,0.48113391323527954
4.0,64.0,165.98752,1.4960403,2.4203546,8.349932,6.944046,0.6999508142620198,0.47707372129712433
4.0,64.5,167.51971,1.492267,2.403786,8.413206,7.0048003,0.6979652560879505,0.4733613473934318
4.0,65.0,168.86906,1.4876437,2.39611,8.462219,7.063978,0.6955324407887709,0.4716414884440349
4.0,65.5,170.17867,1.4816352,2.3762097,8.497306,7.112746,0.6923707155605897,0.46718262257081694
4.0,66.0,171.6483,1.4741883,2.3596282,8.523761,7.1333323,0.6884521033097466,0.46346736398368693
4.0,66.5,173.50084,1.466844,2.341137,8.543688,7.145104,0.6845874379211188,0.4593242106866744
4.0,67.0,175.89455,1.4609652,2.3262906,8.564731,7.1477118,0.6814939617465309,0.45599774332283094
4.0,67.5,178.68251,1.4570628,2.3197145,8.591371,7.15822,0.6794405308923256,0.4545243111270781
4.0,68.0,181.89731,1.4557551,2.317645,8.62703,7.172768,0.6787523947545333,0.4540606249745462
4.0,68.5,185.00127,1.4559845,2.3122702,8.668255,7.170705,0.6788730851765126,0.452856323059491
4.0,69.0,188.25609,1.4547938,2.295214,8.707175,7.2195706,0.6782465488279009,0.4490347051256224
4.0,69.5,191.71613,1.4496961,2.272897,8.738586,7.2426853,0.6755640724687019,0.4440343734871897
4.0,70.0,195.4922,1.4407879,2.2592826,8.757323,7.2354894,0.6708765292445626,0.4409839275922555
4.0,70.5,200.27937,1.4292762,2.236879,8.767791,7.1888933,0.664818986635794,0.43596420447071577
4.0,71.0,205.06471,1.4172169,2.2221935,8.771513,7.1464972,0.6584732674165406,0.4326737422297763
4.0,71.5,209.84676,1.39982,2.1967285,8.743748,7.0747595,0.6493188612720683,0.4269680520708331
4.0,72.0,217.06836,1.3649706,2.135124,8.652341,6.9329405,0.6309808173112721,0.41316494866295156
4.0,72.5,227.7102,1.2852713,2.0212696,8.417427,6.6059566,0.5890424011673098,0.3876547314647854
4.0,73.0,244.04266,0.94410264,1.4624563,6.030723,5.137016,0.40951665305135687,0.26244705011637326
4.0,73.5,155.51149,1.0391406,1.5348843,6.5714455,5.620564,0.45952639798745587,0.2786752641540348
4.0,74.0,149.46935,1.2995741,1.9822026,7.6135106,6.255767,0.5965686784643436,0.37890139996425
4.0,74.5,154.45854,1.4010539,2.1209557,7.970158,6.5448337,0.6499681682148475,0.4099904079601451
4.0,75.0,158.67154,1.4608742,2.1799054,8.133062,6.6851993,0.6814460995885423,0.42319867895921987
4.0,75.5,162.44754,1.5048213,2.236082,8.238839,6.774758,0.7045714257396664,0.4357856211979146
4.0,76.0,166.21907,1.5406704,2.2861893,8.323191,6.861411,0.7234355143359709,0.447012648876125
4.0,76.5,169.98407,1.5727375,2.341967,8.397354,6.946658,0.7403094655478087,0.4595102193483237
4.0,77.0,173.58624,1.6023084,2.376541,8.464186,7.0239263,0.7558699361225241,0.46725682303923477
4.0,77.5,177.0172,1.6293863,2.4037871,8.523758,7.1033654,0.7701185570117653,0.47336161449375
4.0,78.0,179.58302,1.6540153,2.441167,8.56828,7.1453323,0.7830785379120669,0.48173697233388924
4.0,78.5,181.41081,1.6774393,2.476413,8.5911665,7.177219,0.7954044549946107,0.48963416718424585
4.0,79.0,182.77095,1.6991752,2.5201628,8.599117,7.20328,0.8068420679889795,0.4994367488650757
4.0,79.5,183.49107,1.7187581,2.5557783,8.594643,7.149445,0.8171467341479184,0.5074167448140987
4.0,80.0,184.17816,1.7379488,2.5826142,8.584328,7.1390367,0.8272450221944291,0.5134296003390625
4.0,80.5,184.94627,1.7565238,2.631067,8.575327,7.133175,0.8370193781520101,0.5242859461955657
4.0,81.0,185.86403,1.7715986,2.6747742,8.581157,7.155791,0.8449518251383972,0.5340789656850011
4.0,81.5,187.06454,1.7837955,2.696619,8.599813,7.1817408,0.8513699335192744,0.5389735255973954
4.0,82.0,188.13986,1.7942439,2.7227778,8.623279,7.192334,0.8568679969837432,0.5448346681415768
4.0,82.5,189.59593,1.8030301,2.751656,8.648678,7.239072,0.86149136853341,0.5513051199318157
4.0,83.0,190.96378,1.8098506,2.7737045,8.675884,7.266393,0.8650803403645541,0.556245300578572
4.0,83.5,191.48535,1.8127438,2.7847378,8.711704,7.3295493,0.8666027709993963,0.558717420864369
4.0,84.0,191.79066,1.814438,2.7929113,8.746098,7.3882623,0.8674942742619584,0.5605487674866154
4.0,84.5,192.10126,1.8136071,2.7996013,8.781244,7.4285464,0.8670570537623765,0.5620477344727958
4.0,85.0,192.3883,1.809822,2.7932956,8.823003,7.489275,0.8650652854262615,0.5606348806292285
4.0,85.5,192.6395,1.8057544,2.7894385,8.864492,7.523976,0.8629249123034162,0.5597706508394058
4.0,86.0,192.84511,1.800502,2.7830248,8.907622,7.5569315,0.8601610138196178,0.5583335977070025
4.0,86.5,193.08656,1.7938614,2.7777495,8.9532175,7.604975,0.8566666999129887,0.5571516253785554
4.0,87.0,193.30724,1.7858702,2.7668023,9.003514,7.634576,0.8524616674611283,0.554698789735738
4.0,87.5,193.65302,1.777767,2.736216,9.054403,7.659672,0.8481976698342885,0.5478456366094694
4.0,88.0,194.13257,1.770197,2.7136674,9.104584,7.6817026,0.8442143213487869,0.5427933806691634
4.0,88.5,194.70375,1.7627038,2.7168677,9.156835,7.6941,0.8402713075521279,0.5435104381836144
4.0,89.0,195.2232,1.7549187,2.7087889,9.211811,7.7132683,0.8361747333848839,0.5417002993266394
4.0,89.5,195.8186,1.7466673,2.676163,9.270833,7.706844,0.8318327637234701,0.5343901375557958
4.0,90.0,196.32935,1.7376549,2.6422024,9.335357,7.7295337,0.8270903954323819,0.5267809302686074
4.0,90.5,196.8011,1.72842,2.6158242,9.401231,7.7830276,0.8222309122671589,0.5208706412658627
4.0,91.0,197.34068,1.719259,2.5740058,9.467795,7.8641696,0.8174103210258585,0.511500815520708
4.0,91.5,198.02986,1.709342,2.541429,9.539128,7.935497,0.8121919030401754,0.5042016582829775
4.0,92.0,198.81291,1.6980653,2.513102,9.616116,8.010006,0.806257999112135,0.49785471367991074
4.0,92.5,199.78575,1.6842949,2.4837692,9.704364,8.095213,0.7990119318540727,0.4912823898282803
4.0,93.0,200.91614,1.6676321,2.4598453,9.804508,8.195516,0.7902438103346255,0.4859220069608079
4.0,93.5,202.41673,1.645056,2.4252484,9.928946,8.309926,0.7783640839857296,0.47817022152372224
4.0,94.0,204.04378,1.616693,2.3834376,10.073157,8.415625,0.7634392454515111,0.4688021052206046
4.0,94.5,205.84732,1.580296,2.320506,10.245755,8.578033,0.7442868547869027,0.45470166573841514
4.0,95.0,208.16368,1.5232723,2.2265909,10.468455,8.755827,0.714280480902403,0.4336590218838429
4.0,95.5,214.07701,1.3411417,1.9371902,10.475684,8.749093,0.6184418728518877,0.3688159056262993
4.0,96.0,222.09583,1.0715023,1.5909996,10.16249,8.335887,0.4765554150637078,0.29124845072633826
4.0,96.5,,,,,,,
4.0,97.0,,,,,,,
4.0,97.5,,,,,,,
4.0,98.0,,,,,,,
4.0,98.5,,,,,,,
4.0,99.0,8.088194,0.31173718,0.54545015,3.4432077,2.7061098,0.07676073933045546,0.05698265437845833
4.0,99.5,349.0196,0.3451877,0.610826,3.520243,2.682697,0.09436267521987894,0.07163076970826242
4.0,100.0,322.10803,0.34439793,0.6023499,3.5162296,2.6151896,0.09394709619409278,0.06973160631520507
3.5,50.0,139.13435,1.6705253,2.613321,6.929306,5.997588,0.7917662409694678,0.5203097840175409
3.5,50.5,139.19339,1.6594054,2.5984428,6.9630694,6.045408,0.785914825557489,0.5169761583651676
3.5,51.0,138.88722,1.6468523,2.591621,6.975308,6.0569167,0.7793092831948687,0.5154476500837857
3.5,51.5,138.45045,1.6320784,2.574324,6.97708,6.0316153,0.7715351639761924,0.5115720778856248
3.5,52.0,138.03941,1.6161892,2.5572147,6.9937353,6.024879,0.7631741530797417,0.5077386006976247
3.5,52.5,138.1704,1.6040169,2.542827,7.0450716,6.045009,0.7567689668542323,0.5045148601161912
3.5,53.0,138.5781,1.5921127,2.5427227,7.116003,6.0815806,0.750504857946307,0.5044915155483736
3.5,53.5,138.6695,1.5769565,2.5398827,7.164037,6.110949,0.7425295671146953,0.5038551757501063
3.5,54.0,138.31459,1.5592043,2.5150192,7.1809044,6.132087,0.7331882288197562,0.4982842644117666
3.5,54.5,137.90933,1.5424985,2.4810777,7.186482,6.137927,0.7243974621639604,0.49067933072967057
3.5,55.0,137.88887,1.5309025,2.47506,7.2031617,6.1651835,0.7182955702161381,0.48933100832299953
3.5,55.5,138.37921,1.5259786,2.4862106,7.2370806,6.1985493,0.7157045526070668,0.4918294112801152
3.5,56.0,139.06253,1.5242504,2.5073204,7.275943,6.250646,0.7147951716052824,0.4965592771362588
3.5,56.5,139.7241,1.5234511,2.542324,7.305112,6.2984247,0.714374574266732,0.5044021972019412
3.5,57.0,140.5082,1.5218296,2.5701964,7.3453617,6.339494,0.7135213356389971,0.5106472697436165
3.5,57.5,141.61916,1.5182941,2.571643,7.416348,6.3708453,0.7116609216394852,0.5109714226898796
3.5,58.0,142.9382,1.5143051,2.5629268,7.5073433,6.4125013,0.7095618868680352,0.509018438582689
3.5,58.5,144.36363,1.5107116,2.5431724,7.6046534,6.470318,0.7076709238895713,0.5045922657884283
3.5,59.0,145.81915,1.5067458,2.515189,7.6973977,6.5377903,0.705584121255484,0.4983222994970895
3.5,59.5,147.29114,1.502591,2.4965081,7.783578,6.58744,0.7033978305708463,0.49413667724947063
3.5,60.0,148.76443,1.4989213,2.475361,7.86547,6.6377215,0.7014667838191782,0.4893984778633967
3.5,60.5,150.32477,1.4961958,2.4686625,7.945866,6.686635,0.7000326127600764,0.4878975877549248
3.5,61.0,152.01678,1.4944795,2.4524202,8.023994,6.7194076,0.6991295046492473,0.4842583459183769
3.5,61.5,154.03723,1.4926835,2.4367425,8.1001215,6.762975,0.6981844308979274,0.4807456027925659
3.5,62.0,156.25267,1.4907678,2.423158,8.170089,6.814095,0.6971763773214166,0.47770183440558867
3.5,62.5,158.28816,1.4884082,2.4076402,8.233606,6.8524656,0.6959347212857319,0.4742249361424906
3.5,63.0,160.35815,1.4860047,2.3929577,8.294935,6.886445,0.6946699810113318,0.47093516836237864
3.5,63.5,162.46088,1.4839652,2.3786106,8.355432,6.926312,0.6935967520977959,0.4677205626118303
3.5,64.0,164.28954,1.4818481,2.35416,8.416581,6.9768705,0.6924827493930508,0.46224217482374236
3.5,64.5,165.80673,1.4787796,2.3413534,8.475524,7.041606,0.6908680445322566,0.45937271610447383
3.5,65.0,167.07387,1.4750304,2.3295538,8.51984,7.113679,0.6888952203268264,0.45672890373408714
3.5,65.5,168.21912,1.4699391,2.322023,8.5531025,7.1567063,0.6862161313287433,0.45504152418339305
3.5,66.0,169.71832,1.4642719,2.309597,8.576956,7.1787825,0.6832339989686113,0.45225737730578275
3.5,66.5,171.62704,1.4590082,2.2917144,8.59662,7.199078,0.680464203967315,0.4482506054312833
3.5,67.0,173.9748,1.4557275,2.2813392,8.6186695,7.2021775,0.678737841647517,0.44592592452117613
3.5,67.5,177.00908,1.4546883,2.2762432,8.646499,7.210081,0.6781910337429469,0.44478412408059814
3.5,68.0,180.19708,1.4554384,2.273561,8.685612,7.22795,0.678585724041852,0.444183148364471
3.5,68.5,183.31346,1.4577979,2.2730637,8.7308035,7.2600293,0.6798273173486271,0.44407171411168506
3.5,69.0,186.27206,1.4589664,2.2615662,8.772735,7.289847,0.680442186120062,0.44149558496195024
3.5,69.5,189.37749,1.4556537,2.2461572,8.804968,7.299761,0.678699012452504,0.4380430462478792
3.5,70.0,192.69157,1.448411,2.229854,8.823991,7.2883077,0.6748878548237246,0.4343901822950991
3.5,70.5,196.76463,1.4370803,2.2060595,8.834133,7.2405057,0.6689255346996568,0.42905875310212815
3.5,71.0,201.81451,1.4236281,2.195204,8.8359785,7.2014284,0.6618468909011905,0.42662648418381827
3.5,71.5,207.01273,1.4034791,2.1658778,8.801938,7.118808,0.6512443251507862,0.4200556560939702
3.5,72.0,214.26363,1.3662975,2.1032593,8.703306,6.9570646,0.6316790528035023,0.40602535715536076
3.5,72.5,225.81041,1.2868685,1.9835695,8.460733,6.6285143,0.5898828430974958,0.37920765718918836
3.5,73.0,216.98218,0.9803245,1.4670508,6.6780276,5.5920315,0.42857689494783247,0.26347648145305136
3.5,73.5,158.0806,1.0459348,1.5236238,6.612317,5.706534,0.46310156945849834,0.2761522345475738
3.5,74.0,149.2681,1.3019733,1.9705943,7.7317433,6.4002085,0.5978311604979998,0.37630043048491524
3.5,74.5,154.2804,1.4076902,2.1041644,8.100336,6.659004,0.6534602238807328,0.406228139716998
3.5,75.0,158.19978,1.4633191,2.179705,8.255515,6.8115196,0.6827326067945572,0.42315375268568534
3.5,75.5,161.56714,1.5035365,2.2230785,8.358809,6.9072847,0.7038953335525081,0.43287203750606645
3.5,76.0,164.94162,1.5376228,2.2693062,8.441569,6.9817038,0.721831849763258,0.4432298139084705
3.5,76.5,168.1182,1.5689759,2.325642,8.510842,7.0723896,0.7383301175357851,0.4558524407496873
3.5,77.0,171.1953,1.5984653,2.357722,8.569976,7.1324725,0.7538476815363665,0.4630402705747592
3.5,77.5,174.59454,1.6261358,2.3901277,8.620089,7.1758127,0.7684081278349939,0.4703010722067849
3.5,78.0,177.01923,1.6509633,2.428537,8.654764,7.2054687,0.7814725523697006,0.478907044461726
3.5,78.5,179.17186,1.673489,2.4589584,8.674287,7.2113223,0.7933257443898557,0.4857232843240085
3.5,79.0,181.00674,1.694658,2.5042975,8.681434,7.2292414,0.8044650814193018,0.4958819641491676
3.5,79.5,182.28514,1.7140727,2.5433643,8.67963,7.238988,0.8146812370868619,0.5046352689396713
3.5,80.0,183.47098,1.7321428,2.5764973,8.679965,7.2451196,0.824189873383578,0.5120590551859105
3.5,80.5,184.63608,1.7483518,2.6138387,8.687984,7.2670107,0.8327191859443583,0.5204257589757376
3.5,81.0,185.89429,1.7618963,2.6432118,8.706004,7.305367,0.8398463819188183,0.5270071108181258
3.5,81.5,187.59296,1.7741529,2.6685057,8.727806,7.3255076,0.8462959174833814,0.5326744453713642
3.5,82.0,189.45853,1.784869,2.6922328,8.751703,7.330572,0.8519348073497958,0.5379907566863206
3.5,82.5,191.25642,1.7932221,2.71766,8.779659,7.34928,0.856330284771058,0.5436879530551425
3.5,83.0,192.58057,1.7991782,2.7341676,8.808695,7.380698,0.8594644720079455,0.5473866514225393
3.5,83.5,193.1586,1.8029499,2.7495944,8.837829,7.411235,0.8614491519772811,0.5508431966413845
3.5,84.0,193.69318,1.8048253,2.7647967,8.868405,7.470754,0.862436003182363,0.5542494201602659
3.5,84.5,194.24634,1.8033441,2.7680001,8.905056,7.5207562,0.8616565964811717,0.5549671721355446
3.5,85.0,194.3777,1.8007977,2.773127,8.942313,7.563039,0.8603166442442179,0.5561159171843978
3.5,85.5,194.58565,1.7976665,2.7782567,8.979091,7.6042414,0.8586690067059086,0.5572652498539512
3.5,86.0,194.69989,1.793457,2.7741566,9.017235,7.6388316,0.8564539234517862,0.5563465850192633
3.5,86.5,194.92056,1.7881243,2.77136,9.057993,7.6840277,0.8536478084118589,0.5557199676725814
3.5,87.0,195.19266,1.7808608,2.7651494,9.105412,7.744074,0.8498256732239078,0.5543284284344128
3.5,87.5,195.5093,1.7728589,2.7542984,9.155999,7.7651305,0.8456149951701876,0.5518971744973123
3.5,88.0,195.86674,1.7652375,2.7510574,9.206712,7.7799616,0.8416045477957594,0.5511709821519761
3.5,88.5,196.33188,1.7579126,2.7225182,9.258283,7.8139033,0.8377501699482982,0.5447764936922557
3.5,89.0,196.97562,1.750323,2.6946845,9.312064,7.8322606,0.8337564711927206,0.5385400752008926
3.5,89.5,197.43526,1.7419175,2.671171,9.370649,7.845671,0.8293333930512552,0.5332716282629718
3.5,90.0,197.90555,1.732314,2.6322768,9.436573,7.874984,0.8242799520976956,0.524556999598555
3.5,90.5,198.38028,1.7227998,2.5938761,9.5034685,7.9210906,0.8192734950973907,0.5159529504659054
3.5,91.0,198.92336,1.713657,2.5549028,9.570819,7.971333,0.8144625013792519,0.5072205863403548
3.5,91.5,199.60258,1.7039536,2.5257487,9.64198,8.030109,0.809356493599487,0.5006883275364663
3.5,92.0,200.38751,1.6927031,2.5096376,9.721236,8.104414,0.8034363900315482,0.49707846673492906
3.5,92.5,201.35542,1.679438,2.484586,9.809905,8.176761,0.79645616789217,0.4914654069663649
3.5,93.0,202.51062,1.664138,2.4641933,9.906519,8.252556,0.7884051632667284,0.4868962286616978
3.5,93.5,203.45789,1.64538,2.4276206,10.017356,8.337891,0.7785345811618937,0.47870175115709696
3.5,94.0,204.57054,1.62188,2.3892074,10.144675,8.464487,0.766168705763965,0.4700948707610737
3.5,94.5,205.58131,1.5943983,2.3362,10.283596,8.573263,0.7517075593291594,0.4582180414285548
3.5,95.0,207.33582,1.549572,2.2647967,10.4587755,8.740766,0.7281196074700848,0.4422194268244857
3.5,95.5,214.21896,1.3393716,1.9354705,10.355797,8.591756,0.6175104112739407,0.36843058670715034
3.5,96.0,225.40305,0.9904194,1.4677082,9.6258,7.8759995,0.4338889044665681,0.2636237872785821
3.5,96.5,223.92001,0.8473412,1.2527786,9.21242,7.69099,0.35859997354094597,0.21546666829419794
3.5,97.0,,,,,,,
3.5,97.5,,,,,,,
3.5,98.0,,,,,,,
3.5,98.5,,,,,,,
3.5,99.0,16.161167,0.20191485,0.3253124,2.7921464,2.362488,0.018971323667184743,0.007658594136038212
3.5,99.5,11.442959,0.24322341,0.42234677,2.9751203,2.4780042,0.04070823165761206,0.029400112650894736
3.5,100.0,340.74878,0.32033104,0.5744113,3.2867074,2.5502515,0.08128289778455919,0.0634716829958335
3.0,50.0,137.98515,1.6320641,2.522584,6.976055,6.0498595,0.771527636507046,0.4999792296114999
3.0,50.5,137.90292,1.6204859,2.5187514,7.006009,6.0858793,0.765435091166747,0.4991205020882337
3.0,51.0,137.59999,1.6079308,2.513864,7.0176735,6.10159,0.7588284824126643,0.4980254442033545
3.0,51.5,137.03098,1.5922323,2.4938352,7.0212455,6.0816684,0.7505678377714978,0.49353778491582606
3.0,52.0,136.57008,1.5773128,2.479562,7.0391645,6.07384,0.7427170638253482,0.490339739385011
3.0,52.5,136.6547,1.5670341,2.4883177,7.0911236,6.0993648,0.7373083263280824,0.4923015378027047
3.0,53.0,137.05673,1.5576832,2.5025933,7.1659894,6.1372795,0.7323878079338647,0.4955001175341563
3.0,53.5,137.10605,1.545556,2.4903102,7.2121935,6.176316,0.7260063332361663,0.4927479692746758
3.0,54.0,136.72849,1.5303224,2.4804802,7.224056,6.1935973,0.717990331342255,0.49054546005014926
3.0,54.5,136.32848,1.5169544,2.4445014,7.225766,6.2044806,0.7109559741539329,0.4824840519241149
3.0,55.0,136.31644,1.5080312,2.4525967,7.2411075,6.2273464,0.70626052708719,0.4842978767654822
3.0,55.5,136.84445,1.504542,2.4593313,7.2807646,6.2597685,0.7044244519045846,0.4858068333035661
3.0,56.0,137.47354,1.5038687,2.4813993,7.3277225,6.3022103,0.7040701590234313,0.4907513943955422
3.0,56.5,138.04482,1.5024928,2.5100222,7.367366,6.360575,0.7033461419493748,0.4971646332976058
3.0,57.0,138.77588,1.4986995,2.5266268,7.4183435,6.393649,0.7013501080474103,0.5008850736309104
3.0,57.5,139.85428,1.4951131,2.5208988,7.493102,6.444994,0.6994629088035195,0.499601656601581
3.0,58.0,141.2001,1.4923413,2.5019166,7.5871534,6.4766107,0.6980043361986017,0.4953485113935013
3.0,58.5,142.6384,1.4897846,2.473728,7.686218,6.5315523,0.6966589892754265,0.48903255042735483
3.0,59.0,144.0998,1.4867649,2.4447424,7.780068,6.585219,0.6950700032675489,0.48253805960847085
3.0,59.5,145.60052,1.4831966,2.4267192,7.8688073,6.636132,0.6931923388179101,0.4784997698964146
3.0,60.0,147.14755,1.4799224,2.4092865,7.954255,6.6944394,0.6914694265881376,0.4745938016820335
3.0,60.5,148.77782,1.4777949,2.3987591,8.0353155,6.758802,0.6903499037393519,0.47223503877131395
3.0,61.0,150.51292,1.4767473,2.3846421,8.114006,6.7775073,0.6897986420822033,0.4690719833821934
3.0,61.5,152.66327,1.4760473,2.3771002,8.188536,6.823462,0.6894302979253103,0.46738214650857113
3.0,62.0,154.78177,1.4749203,2.362217,8.2558975,6.868,0.6888372588143997,0.46404739903486103
3.0,62.5,156.84042,1.4733572,2.3410602,8.315372,6.920493,0.6880147573523457,0.45930700942617725
3.0,63.0,158.8989,1.4717638,2.3258615,8.371006,6.964587,0.6871763227472653,0.4559015872082506
3.0,63.5,160.82182,1.4705368,2.3124201,8.427237,6.9946384,0.68653065408124,0.45288992427953045
3.0,64.0,162.64194,1.4695776,2.3000143,8.483045,7.0361857,0.6860258745460701,0.4501102646872672
3.0,64.5,164.1289,1.4675627,2.2867637,8.535282,7.085067,0.6849656305168116,0.4471413378094717
3.0,65.0,165.30798,1.4644399,2.2756853,8.575202,7.153307,0.6833223840021709,0.4446591211316437
3.0,65.5,166.52591,1.4601406,2.2613542,8.605917,7.1966,0.6810600658791554,0.4414480945253603
3.0,66.0,168.1737,1.4559215,2.2507277,8.628597,7.220432,0.6788399643122688,0.4390671088681599
3.0,66.5,170.12628,1.4530696,2.2412233,8.64888,7.234797,0.6773392378801317,0.43693757145058715
3.0,67.0,172.48233,1.4518601,2.2407978,8.6721325,7.2298403,0.6767027903638108,0.43684221663696166
3.0,67.5,175.4971,1.4534847,2.2415934,8.704607,7.256471,0.677557659943194,0.4370204793893809
3.0,68.0,178.711,1.4569731,2.2451963,8.745488,7.2946067,0.6793932960234325,0.43782776339134655
3.0,68.5,181.67839,1.4612805,2.2418058,8.792199,7.316491,0.6816598797122976,0.43706807666609815
3.0,69.0,184.27635,1.4646184,2.2311122,8.836561,7.338999,0.6834163519086808,0.43467207997101054
3.0,69.5,187.06738,1.464038,2.220098,8.868284,7.352706,0.683110924848069,0.43220423329030594
3.0,70.0,190.12762,1.4578127,2.20655,8.88567,7.329792,0.6798350957334117,0.429168638173068
3.0,70.5,193.55658,1.447307,2.187192,8.895742,7.297381,0.6743069223923577,0.4248313029446668
3.0,71.0,197.77324,1.4337949,2.170898,8.89706,7.2511115,0.6671967259523863,0.42118046895430566
3.0,71.5,203.32562,1.4124743,2.1363235,8.863461,7.178637,0.6559776604788988,0.41343370500320364
3.0,72.0,210.08784,1.3741767,2.0796993,8.769763,7.0250196,0.6358251828092929,0.40074649330502704
3.0,72.5,222.0671,1.2758019,1.9327453,8.503979,6.6968055,0.5840595302369967,0.36781999537956517
3.0,73.0,215.99005,0.99289566,1.474784,6.699694,5.6578317,0.4351919407402501,0.2652091879277574
3.0,73.5,160.0932,1.0540285,1.5477431,6.71001,5.7408996,0.467360548772574,0.28155639515721215
3.0,74.0,148.96167,1.3321837,1.9976623,8.011953,6.61678,0.6137281089435555,0.3823652904418478
3.0,74.5,154.10555,1.4148751,2.0990233,8.240758,6.8121862,0.6572410207172887,0.4050762428843891
3.0,75.0,157.90012,1.4676317,2.176374,8.3818035,6.9691396,0.6850019505554426,0.42240742097635087
3.0,75.5,161.22325,1.5073944,2.2282298,8.474033,7.0541744,0.7059254292523598,0.43402623140141255
3.0,76.0,164.20963,1.5403357,2.2841072,8.549496,7.111023,0.7232593715579471,0.4465461314602193
3.0,76.5,167.05565,1.5707159,2.3211684,8.61368,7.1682115,0.7392457086996153,0.45485006667525085
3.0,77.0,170.15422,1.5995363,2.3583674,8.668062,7.218388,0.7544112380597873,0.4631848786870753
3.0,77.5,173.07982,1.6264035,2.3927724,8.709535,7.241802,0.7685489542369395,0.4708936609729181
3.0,78.0,175.75499,1.65034,2.428933,8.73805,7.267102,0.7811445429016499,0.4789957751874582
3.0,78.5,178.17534,1.6720495,2.461196,8.755651,7.2761126,0.7925682928070077,0.4862246316214177
3.0,79.0,180.14153,1.6914147,2.4884892,8.76722,7.274206,0.8027584159771034,0.4923399468284732
3.0,79.5,181.97787,1.7089082,2.5133004,8.778313,7.3120823,0.8119636325383134,0.4978991591728723
3.0,80.0,183.51907,1.7252667,2.5486438,8.789706,7.343558,0.8205716071516728,0.5058182028292642
3.0,80.5,185.1852,1.739854,2.583712,8.807486,7.3527775,0.8282475556268992,0.5136755997321972
3.0,81.0,187.22128,1.7527581,2.6100454,8.829929,7.3902392,0.8350378346281521,0.5195758457629747
3.0,81.5,189.14792,1.7640139,2.6372762,8.856405,7.4309773,0.8409606982681113,0.5256771649133523
3.0,82.0,190.90785,1.7737128,2.6596107,8.88329,7.4413257,0.8460643223493131,0.5306814496364956
3.0,82.5,192.50308,1.7820529,2.6828914,8.908409,7.4453397,0.850452962319434,0.5358977051722247
3.0,83.0,193.7204,1.7891942,2.7039096,8.92997,7.4691133,0.8542108003750938,0.5406070577239246
3.0,83.5,194.65123,1.7935348,2.7223372,8.955462,7.4844394,0.8564948227008146,0.544735947863941
3.0,84.0,195.12221,1.794505,2.7403624,8.9876995,7.5173726,0.8570053732956634,0.5487746649365065
3.0,84.5,195.53853,1.7940989,2.7468514,9.020469,7.5812554,0.8567916559008175,0.5502285988090251
3.0,85.0,195.85391,1.7927778,2.7547321,9.05423,7.621707,0.8560964941251553,0.5519943455931021
3.0,85.5,196.10901,1.7907372,2.7617264,9.087629,7.6625643,0.8550227006514335,0.5535614765805073
3.0,86.0,196.37668,1.7880774,2.7606661,9.120485,7.705614,0.8536230932214952,0.55332391755743
3.0,86.5,196.6763,1.7833256,2.75688,9.15949,7.756147,0.8511226561578179,0.5524756069465768
3.0,87.0,196.97229,1.7771806,2.7480366,9.203451,7.7938514,0.847889106328199,0.5504941499454578
3.0,87.5,197.27983,1.7699242,2.7457914,9.252453,7.8294587,0.844070734874821,0.5499910932060116
3.0,88.0,197.5995,1.7628609,2.7310407,9.301234,7.854829,0.8403539842549183,0.5466860472876941
3.0,88.5,198.02716,1.7558563,2.7108445,9.350595,7.868684,0.8366680962585153,0.5421608871154793
3.0,89.0,198.47285,1.7483937,2.6863317,9.402952,7.8789096,0.8327412037916113,0.5366685566907772
3.0,89.5,198.94545,1.7398741,2.6554008,9.461211,7.904454,0.8282581568126136,0.5297381581524623
3.0,90.0,199.36804,1.7302252,2.6066895,9.526073,7.9375486,0.8231808161445143,0.5188239049469563
3.0,90.5,199.8386,1.7207954,2.5733523,9.591947,7.9834065,0.8182187712121728,0.5113543911262276
3.0,91.0,200.36923,1.7119625,2.5313919,9.657542,8.020035,0.8135708099299613,0.5019527270231342
3.0,91.5,201.03241,1.702968,2.5095026,9.725642,8.090078,0.8088378509753059,0.4970482309788999
3.0,92.0,201.86758,1.6922387,2.502699,9.803263,8.16816,0.8031919981999313,0.4955237826223558
3.0,92.5,202.74574,1.6802301,2.4871764,9.886572,8.230905,0.7968730014961473,0.49204581595798463
3.0,93.0,203.46873,1.6661456,2.4632652,9.978285,8.305732,0.7894615808325042,0.48668826435388596
3.0,93.5,204.11649,1.650472,2.4418857,10.074789,8.391061,0.7812140465334342,0.48189798040574766
3.0,94.0,204.72528,1.6321478,2.4045756,10.17968,8.479719,0.771571672201552,0.4735382746442596
3.0,94.5,205.31798,1.6107904,2.356636,10.295018,8.582066,0.7603332234950128,0.46279694218480727
3.0,95.0,206.25853,1.5813553,2.3108351,10.430757,8.718669,0.7448442638771874,0.45253478769634703
3.0,95.5,211.20036,1.3988087,2.015461,10.36068,8.615272,0.6487867319323333,0.3863532584539404
3.0,96.0,221.27696,0.8421508,1.236151,9.537159,7.633613,0.3558687568190245,0.21174107292475056
3.0,96.5,220.41713,0.72450197,1.077665,8.718575,7.0062113,0.29396096869244037,0.17623069994032378
3.0,97.0,221.65598,0.73985773,1.0763648,8.639999,7.2247877,0.3020412990830978,0.17593937362317716
3.0,97.5,238.92104,0.45582408,0.70580274,7.778767,6.431065,0.15258045092425715,0.09291125304124596
3.0,98.0,,,,,,,
3.0,98.5,,,,,,,
3.0,99.0,,,,,,,
3.0,99.5,,,,,,,
3.0,100.0,14.79861,0.23912497,0.42414996,3.0067358,2.4302442,0.03855159606496532,0.029804135269831118
2.5,50.0,136.66512,1.5964102,2.4561217,7.0271063,6.103416,0.7527662351356792,0.4850876924066324
2.5,50.5,136.47696,1.584365,2.4581678,7.0527472,6.1455297,0.7464279806566625,0.48554614339292607
2.5,51.0,136.11613,1.5708282,2.4454548,7.0649953,6.1485558,0.7393047993324139,0.48269767875867425
2.5,51.5,135.52536,1.5551503,2.4317536,7.0711656,6.135973,0.7310549440636904,0.4796277879605693
2.5,52.0,135.10411,1.5410986,2.432104,7.091787,6.1261125,0.723660836579084,0.4797063154541433
2.5,52.5,135.17781,1.5320358,2.449815,7.145387,6.1572647,0.718891933959255,0.48367462488281054
2.5,53.0,135.58688,1.5254532,2.457618,7.219562,6.2168922,0.7154281063026684,0.4854229567261359
2.5,53.5,135.58633,1.5162654,2.453784,7.259826,6.24327,0.7105934010567186,0.48456390868248783
2.5,54.0,135.15033,1.5035856,2.4311996,7.2674346,6.262121,0.7039211778632438,0.4795036397326334
2.5,54.5,134.77853,1.4930416,2.4187944,7.268113,6.2768593,0.6983728685422235,0.47672414040056116
2.5,55.0,134.79526,1.4859707,2.4368126,7.2848544,6.3103,0.6946521032721092,0.48076130829128066
2.5,55.5,135.30444,1.4838924,2.4393847,7.329536,6.3308144,0.6935584874629688,0.4813376039379989
2.5,56.0,135.87401,1.4836683,2.463707,7.382097,6.379253,0.6934405571130098,0.48678725173184006
2.5,56.5,136.3716,1.4811311,2.474596,7.4319806,6.4231653,0.6921054350020917,0.48922705287912543
2.5,57.0,137.12117,1.4770491,2.471667,7.4916463,6.458183,0.6899574716811906,0.48857078739711457
2.5,57.5,138.23561,1.4743,2.4567409,7.571266,6.509766,0.6885108802979975,0.4852264243119464
2.5,58.0,139.59712,1.4732124,2.4252462,7.6683125,6.563454,0.6879385417272392,0.47816974074314933
2.5,58.5,141.05048,1.4721336,2.4045303,7.76854,6.59545,0.6873709078246976,0.473528124832165
2.5,59.0,142.52892,1.4705321,2.3955286,7.8629556,6.65558,0.686528144924858,0.4715111969087786
2.5,59.5,144.08888,1.4678559,2.3764546,7.9546323,6.705666,0.6851199436343111,0.4672374849761914
2.5,60.0,145.69592,1.4651577,2.3626182,8.041787,6.765092,0.6837001374954969,0.4641373050019937
2.5,60.5,147.35577,1.4634364,2.3480406,8.123686,6.8318205,0.6827943320415569,0.46087104204989027
2.5,61.0,149.13051,1.4626554,2.3308313,8.20239,6.856112,0.6823833949550776,0.4570151284351547
2.5,61.5,151.39928,1.4623665,2.3234003,8.274823,6.881753,0.6822313400783221,0.45535013189113227
2.5,62.0,153.57025,1.4618632,2.3045676,8.338015,6.92726,0.6819664986221908,0.4511304810629647
2.5,62.5,155.70038,1.4608564,2.2918286,8.393327,6.9918466,0.6814367529810189,0.4482761936417744
2.5,63.0,157.48497,1.4597996,2.2747872,8.444143,7.0302987,0.6808806611978349,0.44445788775185247
2.5,63.5,159.286,1.4592876,2.264277,8.495643,7.063201,0.6806112405313063,0.4421029710857161
2.5,64.0,161.16493,1.458929,2.253778,8.547616,7.1082664,0.6804224892424625,0.43975056516257155
2.5,64.5,162.66905,1.4577187,2.2424526,8.593979,7.1576405,0.6797856653526841,0.4372130052987962
2.5,65.0,163.9327,1.4552746,2.227004,8.629265,7.2090945,0.6784995345201267,0.4337515988541583
2.5,65.5,165.38962,1.4518981,2.2148702,8.656838,7.2457027,0.676722800885958,0.43103289155452634
2.5,66.0,167.10019,1.4488608,2.2071002,8.680166,7.2755475,0.6751245309994666,0.4292919316799855
2.5,66.5,169.15958,1.4474111,2.195605,8.704193,7.304255,0.6743616847303971,0.4267163367308872
2.5,67.0,171.82317,1.4484715,2.1921837,8.732368,7.309839,0.6749197211097773,0.42594975881742725
2.5,67.5,175.10841,1.452023,2.1963925,8.768817,7.3284864,0.6767885407831692,0.42689278320114216
2.5,68.0,177.88936,1.4575562,2.2041378,8.811977,7.335545,0.679700165848964,0.42862818738906283
2.5,68.5,180.35945,1.4639213,2.2079763,8.858919,7.364517,0.683049513245617,0.42948825041392036
2.5,69.0,182.86848,1.4689516,2.2057877,8.902477,7.405075,0.6856964850420092,0.4289978542295606
2.5,69.5,185.39021,1.4707208,2.1967099,8.932867,7.4161415,0.6866274447886798,0.426963885305868
2.5,70.0,188.14601,1.4662666,2.1891418,8.947908,7.4162235,0.6842836418121554,0.42526817222524355
2.5,70.5,191.2902,1.4571567,2.1746066,8.95562,7.3839006,0.6794898985441435,0.42201141804447084
2.5,71.0,195.11473,1.4442263,2.1502044,8.953938,7.314975,0.6726858191827891,0.41654387452930497
2.5,71.5,199.85532,1.4228339,2.1207814,8.917715,7.2528205,0.6614289909057509,0.4099513578936127
2.5,72.0,205.76651,1.386163,2.0690937,8.827135,7.116677,0.6421324492069905,0.39837020861342837
2.5,72.5,213.6954,1.3070124,1.9484444,8.672461,6.9013023,0.6004827742336989,0.37133751960107336
2.5,73.0,219.56415,1.0231365,1.5109446,7.170079,5.9523063,0.4511049164221964,0.2733113288523293
2.5,73.5,148.12646,1.0697386,1.5806316,7.160923,6.022539,0.4756273408468767,0.28892539912817256
2.5,74.0,150.28856,1.3588771,2.0507672,8.138125,6.7746916,0.6277743663705799,0.3942639685804019
2.5,74.5,154.95503,1.430061,2.1224651,8.364574,6.9607296,0.665231931047379,0.4103286103831496
2.5,75.0,158.4113,1.477878,2.1895156,8.496958,7.090247,0.6903936257893101,0.42535193488505574
2.5,75.5,161.53056,1.5150466,2.244715,8.584911,7.1567993,0.7099520606854526,0.4377199082828256
2.5,76.0,164.47705,1.5464426,2.2914271,8.653939,7.1981454,0.7264729108654187,0.44818623425457815
2.5,76.5,167.29543,1.5750858,2.3184443,8.712786,7.2510777,0.741545162337086,0.4542396890279202
2.5,77.0,170.1695,1.6023055,2.346048,8.762107,7.29833,0.7558684306286948,0.46042461057791917
2.5,77.5,172.90332,1.6270956,2.3799312,8.799133,7.327118,0.7689131582858021,0.4680164563444195
2.5,78.0,175.55789,1.6488359,2.4176235,8.82895,7.337086,0.7803530922498244,0.47646179446794773
2.5,78.5,178.04495,1.6688066,2.4508064,8.849794,7.347627,0.790861815551538,0.4838967455074912
2.5,79.0,180.48204,1.6880401,2.4739099,8.861603,7.3395715,0.8009826860054876,0.4890733099359242
2.5,79.5,182.95766,1.7055441,2.5043688,8.876128,7.3555226,0.8101934227107382,0.49589793674820065
2.5,80.0,185.09128,1.7209576,2.531199,8.896058,7.3892627,0.8183041452580739,0.5019095101916367
2.5,80.5,187.07846,1.7344347,2.5733407,8.920301,7.4095426,0.8253958993986368,0.5113517735431085
2.5,81.0,188.89975,1.7463077,2.5985057,8.947051,7.4372487,0.8316435733322595,0.5169902612619728
2.5,81.5,190.62811,1.756936,2.621003,8.973496,7.4869266,0.8372362319923335,0.5220309784685292
2.5,82.0,192.15042,1.7664521,2.6424444,8.997734,7.5104365,0.8422436926551912,0.5268351516332179
2.5,82.5,193.51997,1.7743242,2.6579874,9.021226,7.5351257,0.8463860589264085,0.5303177124230635
2.5,83.0,194.82195,1.7803982,2.6721764,9.044583,7.551547,0.8495822850548436,0.5334969006714081
2.5,83.5,195.92323,1.7853317,2.6914332,9.065449,7.565141,0.8521783209766791,0.5378115857928192
2.5,84.0,196.22453,1.7870777,2.7109444,9.092655,7.6049633,0.8530970485859869,0.5421832701221511
2.5,84.5,196.59444,1.7871736,2.7273185,9.123225,7.6297264,0.8531475453581767,0.5458520532539005
2.5,85.0,196.94073,1.7864928,2.7378898,9.1547575,7.673303,0.8527893005557217,0.5482206454563328
2.5,85.5,197.35645,1.7852491,2.74432,9.185531,7.689554,0.8521348498423591,0.5496613845731283
2.5,86.0,197.7524,1.7830678,2.7439952,9.217242,7.737122,0.8509870362553651,0.5495886264464291
2.5,86.5,198.11578,1.7794989,2.7415097,9.252825,7.7976604,0.8491090581611785,0.549031722282818
2.5,87.0,198.42645,1.7744553,2.7412546,9.293936,7.840039,0.8464550607269165,0.5489745628147064
2.5,87.5,198.6933,1.7684299,2.726463,9.339137,7.874217,0.8432844279935788,0.5456603820655037
2.5,88.0,199.04955,1.7621202,2.707241,9.386067,7.901087,0.8399642495398678,0.5413534962733864
2.5,88.5,199.46333,1.7553965,2.6925771,9.43496,7.9181437,0.8364261508543709,0.5380678952582395
2.5,89.0,199.8111,1.7483087,2.6682947,9.486086,7.938836,0.8326964780791003,0.5326271686150288
2.5,89.5,200.17744,1.7403134,2.628838,9.541796,7.9645543,0.828489312844315,0.5237865220204481
2.5,90.0,200.58052,1.7318263,2.591551,9.600229,8.012397,0.8240233281287157,0.5154319980051346
2.5,90.5,201.0876,1.7226771,2.5485249,9.664426,8.065015,0.819208947049461,0.5057915462174999
2.5,91.0,201.68164,1.7140931,2.518129,9.728005,8.114686,0.8146919637303954,0.4989810757220922
2.5,91.5,202.30327,1.7055718,2.515951,9.79343,8.16677,0.8102079758177545,0.49849303002053325
2.5,92.0,202.91048,1.6956797,2.5060542,9.866703,8.221886,0.8050026681741678,0.49627556317818317
2.5,92.5,203.47401,1.6851914,2.493359,9.942333,8.258268,0.7994836532539085,0.4934311050487055
2.5,93.0,204.0122,1.6735651,2.4808145,10.021227,8.34656,0.7933658281630598,0.49062035497939466
2.5,93.5,204.46,1.6604388,2.455946,10.103685,8.390938,0.7864586224744008,0.48504832181971813
2.5,94.0,204.82379,1.6455638,2.4148507,10.191143,8.465328,0.7786313091404239,0.4758405191276314
2.5,94.5,205.18503,1.6282341,2.3764603,10.289119,8.537989,0.7695122821009392,0.4672387670577191
2.5,95.0,205.63,1.6082304,2.338845,10.3983965,8.627792,0.75898612016237,0.4588106836147517
2.5,95.5,206.36526,1.5691296,2.262018,10.52706,8.80783,0.7384109751001985,0.4415968159825779
2.5,96.0,206.36348,1.3527293,1.9290236,10.62562,8.954325,0.6245393737760414,0.3669861081858989
2.5,96.5,206.38673,0.8412296,1.169491,9.870969,8.013962,0.3553840191704566,0.19680525048711253
2.5,97.0,218.9267,0.7366701,1.0266324,8.4134655,6.880137,0.3003639280416605,0.16479634899506543
2.5,97.5,241.4613,0.47724703,0.73692137,6.7998276,5.4755144,0.163853384848823,0.09988369316965791
2.5,98.0,,,,,,,
2.5,98.5,,,,,,,
2.5,99.0,,,,,,,
2.5,99.5,,,,,,,
2.5,100.0,,,,,,,
2.0,50.0,135.25706,1.5637367,2.403412,7.081533,6.153023,0.7355731819609471,0.4732775847336195
2.0,50.5,135.00687,1.551055,2.4038906,7.104322,6.1801844,0.7288999551049195,0.4733847988013766
2.0,51.0,134.56512,1.5371952,2.39485,7.1170154,6.180188,0.7216068411646926,0.4713591634076143
2.0,51.5,133.99635,1.5220183,2.386573,7.1242785,6.182455,0.713620635502819,0.4695046324777413
2.0,52.0,133.6321,1.5087024,2.3909576,7.146635,6.1763005,0.7066136908479713,0.47048702744837056
2.0,52.5,133.77013,1.501401,2.4067621,7.2021117,6.2284613,0.7027716078667824,0.47402819004804647
2.0,53.0,134.12395,1.4970858,2.4022317,7.272448,6.282875,0.7005009467987964,0.4730131019984599
2.0,53.5,134.05208,1.4895529,2.4032056,7.3081203,6.311815,0.6965370442752562,0.4732313229584937
2.0,54.0,133.53615,1.4790143,2.391917,7.311327,6.3328996,0.6909915577551656,0.47070198978452127
2.0,54.5,133.1836,1.4706913,2.381197,7.3119283,6.3558626,0.6866119507480203,0.46830006346236785
2.0,55.0,133.19977,1.4646173,2.396052,7.330756,6.3972096,0.6834157246195852,0.47162845394850295
2.0,55.5,133.72049,1.463842,2.4137406,7.3785653,6.43096,0.6830077985207645,0.47559179531125023
2.0,56.0,134.28772,1.463548,2.425066,7.4373217,6.4688787,0.6828530463008982,0.4781293551750256
2.0,56.5,134.83261,1.461345,2.420147,7.4928737,6.4886603,0.6816938160523656,0.4770271924216802
2.0,57.0,135.63524,1.4584123,2.4104428,7.558177,6.528739,0.6801506221484613,0.47485288899076394
2.0,57.5,136.80768,1.4575227,2.3964245,7.6448183,6.575066,0.6796825390253797,0.4717119495079969
2.0,58.0,138.21474,1.4579562,2.3715982,7.7462587,6.639427,0.679910621340513,0.4661493716995874
2.0,58.5,139.68524,1.4583107,2.3535075,7.848381,6.6997957,0.6800971771175226,0.46209596410951653
2.0,59.0,141.21281,1.4585963,2.3458993,7.945227,6.738239,0.6802474755848107,0.46039127645819794
2.0,59.5,142.82445,1.4572971,2.3343368,8.038121,6.7870493,0.6795637931995966,0.4578005636310851
2.0,60.0,144.45918,1.4552138,2.3169835,8.126312,6.845009,0.6784675427762549,0.4539123842979015
2.0,60.5,146.15239,1.453899,2.3015165,8.20839,6.897888,0.6777757056327989,0.4504468645083621
2.0,61.0,148.07684,1.4535019,2.2942185,8.283458,6.9411507,0.6775667556350791,0.44881167635985963
2.0,61.5,150.74435,1.4534566,2.2758706,8.352785,6.982134,0.677542918649449,0.4447006285211042
2.0,62.0,152.8463,1.4532354,2.260361,8.410584,7.022984,0.6774264937933194,0.44122554654017043
2.0,62.5,154.7378,1.452292,2.2445672,8.460488,7.060909,0.6769300572031199,0.43768678784335907
2.0,63.0,156.46503,1.451403,2.2330124,8.507955,7.1066413,0.6764622877245859,0.4350978378783468
2.0,63.5,158.35175,1.4512187,2.222633,8.556103,7.1219597,0.6763653088304176,0.43277219540709383
2.0,64.0,160.47044,1.4513178,2.2169948,8.603204,7.1644154,0.6764174365542558,0.4315089177417627
2.0,64.5,162.04927,1.4505632,2.2077737,8.644938,7.197162,0.6760203625567877,0.429442843359813
2.0,65.0,163.43681,1.4485314,2.1980467,8.676697,7.2544427,0.6749512110223727,0.42726341160278575
2.0,65.5,165.22049,1.4459988,2.1835344,8.701189,7.2876806,0.6736185353389271,0.424011785748124
2.0,66.0,167.07405,1.4439995,2.1748044,8.726356,7.3208194,0.67256650879682,0.4220557566973051
2.0,66.5,169.38925,1.443556,2.1657536,8.753972,7.3428407,0.6723330945243746,0.4200278242408056
2.0,67.0,171.9264,1.4461128,2.1677737,8.788377,7.345972,0.6736785041764595,0.42048045244016075
2.0,67.5,174.66707,1.4517673,2.171317,8.829316,7.3598657,0.6766539872721788,0.4212743814262125
2.0,68.0,177.15892,1.4587518,2.1741002,8.874229,7.397486,0.6803292740828673,0.42189795382926604
2.0,68.5,179.53758,1.4666505,2.1763635,8.921401,7.4250574,0.6844856289009149,0.42240507049355003
2.0,69.0,181.71547,1.4740238,2.1753302,8.961487,7.461933,0.688365537414564,0.42217354793766604
2.0,69.5,183.76561,1.4777623,2.1836789,8.989678,7.4714212,0.690332778747044,0.4240441583066994
2.0,70.0,186.24107,1.475137,2.1798103,9.002715,7.4656944,0.6889512999719665,0.4231773643538212
2.0,70.5,189.12108,1.4683689,2.1691606,9.005237,7.4434752,0.6853898661321159,0.4207911969504462
2.0,71.0,192.49661,1.4563508,2.1517968,8.995973,7.3839784,0.6790658511155678,0.4169006671344617
2.0,71.5,196.73277,1.435161,2.1080072,8.95248,7.2914176,0.6679155992558595,0.40708916430300135
2.0,72.0,201.3893,1.4004287,2.0538898,8.850859,7.1599317,0.649639155084244,0.3949636111541013
2.0,72.5,206.33951,1.3449986,1.9730227,8.690315,6.9912457,0.6204714039915534,0.37684454054328087
2.0,73.0,203.58708,1.1492665,1.6484026,8.019966,6.4671116,0.5174755528189023,0.3041101590624464
2.0,73.5,163.14734,1.0794883,1.5855994,7.202238,6.1012273,0.4807576874435479,0.29003848628453555
2.0,74.0,150.74966,1.3705525,2.051976,8.253967,6.852555,0.6339180985010738,0.3945348083031366
2.0,74.5,155.76826,1.4435236,2.142179,8.470342,7.016945,0.6723160949898859,0.4147457017665888
2.0,75.0,159.28352,1.4897203,2.2037506,8.5959215,7.103011,0.6966251783931776,0.4285414332056859
2.0,75.5,162.47542,1.5246593,2.2503586,8.678769,7.186263,0.7150103317650479,0.43898441460962084
2.0,76.0,165.55295,1.5547296,2.2820928,8.74304,7.2239747,0.7308335737418792,0.44609478534239194
2.0,76.5,168.65878,1.5822271,2.3065073,8.796888,7.279671,0.7453030003927457,0.45156510670086786
2.0,77.0,171.4036,1.6071799,2.3309364,8.84141,7.335621,0.7584333530113923,0.45703868668322684
2.0,77.5,174.0904,1.6298614,2.3682075,8.876778,7.3576035,0.7703685317163326,0.4653896315542754
2.0,78.0,176.89919,1.6505411,2.4027317,8.905863,7.3886433,0.7812503665720651,0.47312512387194605
2.0,78.5,179.55165,1.669595,2.4373722,8.929037,7.387092,0.7912767045593191,0.48088668518068073
2.0,79.0,182.00467,1.6876576,2.4699364,8.950107,7.3833494,0.8007813889347333,0.4881830111550375
2.0,79.5,184.4666,1.704823,2.504062,8.970234,7.392804,0.8098139755368544,0.4958291851262757
2.0,80.0,186.66138,1.7198077,2.5258517,8.995561,7.415633,0.8176990621965293,0.5007114050039655
2.0,80.5,188.42143,1.7329328,2.5477605,9.021626,7.43752,0.8246055778671832,0.5056202814934195
2.0,81.0,190.14374,1.7445915,2.5744555,9.047053,7.4618845,0.8307404652214302,0.5116015657607628
2.0,81.5,191.92216,1.7546754,2.6012225,9.072316,7.502198,0.8360467036804871,0.51759898288733
2.0,82.0,193.2746,1.7629331,2.6221638,9.097018,7.5466456,0.8403919979741071,0.522291080758469
2.0,82.5,194.50075,1.7698921,2.63598,9.119701,7.5777364,0.8440538607981514,0.525386720027256
2.0,83.0,195.70308,1.775878,2.6514988,9.139749,7.576913,0.8472036675335175,0.5288638853906723
2.0,83.5,196.53603,1.7803539,2.6764982,9.159492,7.5888205,0.84955894990049,0.5344652461652958
2.0,84.0,196.79291,1.7822657,2.6976075,9.185604,7.644855,0.8505649334229854,0.5391950051813121
2.0,84.5,197.18797,1.7829292,2.705939,9.212873,7.6778827,0.8509140825335554,0.5410617693057622
2.0,85.0,197.69574,1.7831678,2.7187028,9.238707,7.7134542,0.8510396658104797,0.5439216124135727
2.0,85.5,198.16135,1.7818613,2.7265627,9.268605,7.762766,0.850352156961783,0.5456827116521118
2.0,86.0,198.65863,1.780035,2.7425618,9.299018,7.7974715,0.8493911500674367,0.5492674650237308
2.0,86.5,199.10063,1.7773746,2.7494302,9.332431,7.844368,0.8479912289929508,0.5508063902175256
2.0,87.0,199.42796,1.77367,2.73785,9.370241,7.895511,0.8460418026707837,0.5482117243057023
2.0,87.5,199.80325,1.7688215,2.7218766,9.412117,7.926671,0.8434904924614592,0.5446327403009581
2.0,88.0,200.14137,1.7631049,2.703961,9.458132,7.9667635,0.8404823903327725,0.5406185430376105
2.0,88.5,200.44775,1.7574824,2.6852393,9.503974,7.995307,0.8375237813137227,0.5364237859591066
2.0,89.0,200.77458,1.7511919,2.6588643,9.552938,8.009885,0.8342136394855402,0.5305141914171894
2.0,89.5,201.12637,1.743709,2.6186383,9.606853,8.032704,0.8302760831040121,0.5215011582771915
2.0,90.0,201.50278,1.7362334,2.5869472,9.661009,8.066907,0.8263423531859668,0.514400456575942
2.0,90.5,201.90393,1.7280581,2.556546,9.719626,8.1341505,0.8220404672977571,0.5075887574190703
2.0,91.0,202.3689,1.7200567,2.5307364,9.779322,8.15219,0.8178300401596752,0.5018058752681445
2.0,91.5,202.82379,1.7120817,2.5321443,9.841231,8.176422,0.813633538839514,0.5021213207440317
2.0,92.0,203.27881,1.7036425,2.5146978,9.905667,8.227225,0.8091927711455548,0.49821225416595866
2.0,92.5,203.7483,1.6945668,2.5045888,9.973422,8.273489,0.804417093803494,0.4959472434669549
2.0,93.0,204.18459,1.684787,2.4917853,10.041746,8.32245,0.799270876792706,0.4930784792085139
2.0,93.5,204.5267,1.6739293,2.4631875,10.111403,8.32466,0.7935574649817431,0.4866708494131342
2.0,94.0,204.84277,1.6612952,2.4230983,10.186276,8.379899,0.7869092669606269,0.4776884793896747
2.0,94.5,205.12753,1.6460668,2.391891,10.272276,8.453112,0.7788959624098264,0.4706961669975828
2.0,95.0,205.42148,1.630463,2.3584104,10.359499,8.550348,0.7706851245228447,0.4631944942985334
2.0,95.5,205.82118,1.6119919,2.3143265,10.457929,8.657251,0.7609654681743937,0.4533170711085218
2.0,96.0,206.21692,1.5694302,2.2410321,10.568737,8.78719,0.7385691774100902,0.43689472855953526
2.0,96.5,208.15306,1.4722414,2.0801034,10.608543,8.829672,0.6874276147589331,0.4008370403129235
2.0,97.0,218.12878,1.086788,1.5380336,9.790585,7.9628315,0.4845988922200031,0.27938088977486364
2.0,97.5,237.10905,0.6153043,0.9712555,7.9045196,6.113201,0.2365002525152254,0.15238859100488797
2.0,98.0,237.99886,0.52218074,0.8564975,7.504549,5.9821787,0.18749787113763206,0.12667592512048245
2.0,98.5,250.14542,0.34026676,0.6056,6.1394587,5.245574,0.09177324151577385,0.07045982862296024
2.0,99.0,,,,,,,
2.0,99.5,,,,,,,
2.0,100.0,,,,,,,
1.5,50.0,133.7582,1.533651,2.368841,7.1352606,6.1956444,0.7197418479547835,0.4655315686634087
1.5,50.5,133.477,1.5208664,2.3552933,7.155597,6.214277,0.7130144860498119,0.46249608038629814
1.5,51.0,133.04578,1.506969,2.3442783,7.168836,6.219109,0.7057015497741665,0.46002807344540253
1.5,51.5,132.5471,1.4926167,2.3445618,7.177283,6.2174497,0.6981492399796683,0.4600915899010892
1.5,52.0,132.24622,1.4807314,2.3552947,7.201026,6.2362194,0.6918951049683617,0.46249640090668004
1.5,52.5,132.39294,1.4745601,2.3581154,7.2566633,6.300299,0.6886477547786413,0.4631284136797912
1.5,53.0,132.69676,1.4719647,2.359142,7.323332,6.3459496,0.6872820209598615,0.46335844047389285
1.5,53.5,132.51767,1.466544,2.3576696,7.351339,6.37206,0.6844296119846843,0.46302851816075496
1.5,54.0,131.97862,1.4576985,2.3565433,7.35044,6.4025035,0.6797750014380602,0.4627761617800452
1.5,54.5,131.63054,1.4502337,2.3535862,7.3528476,6.420959,0.6758469798507842,0.46211359273052294
1.5,55.0,131.638,1.4456533,2.3650615,7.3737164,6.466937,0.6734367469590437,0.46468475381433777
1.5,55.5,132.16524,1.4451501,2.3820188,7.424329,6.492543,0.673171968231822,0.46848420242178923
1.5,56.0,132.75215,1.4449418,2.387502,7.486239,6.522267,0.6730623180979239,0.46971275704574417
1.5,56.5,133.43472,1.444255,2.3774822,7.547829,6.5371327,0.6727009368499913,0.46746772545054766
1.5,57.0,134.38237,1.4432461,2.3651793,7.6204243,6.60413,0.6721700620884474,0.4647111433257837
1.5,57.5,135.63026,1.4439577,2.34717,7.7119393,6.6616054,0.672544490949567,0.4606760053974831
1.5,58.0,137.0948,1.4461676,2.3209276,7.818543,6.7303295,0.6737073594748536,0.4547961124109585
1.5,58.5,138.63243,1.4484115,2.3095067,7.926106,6.787901,0.6748881057393628,0.4522371311016572
1.5,59.0,140.20908,1.44989,2.3012438,8.025714,6.8369236,0.675666132404544,0.4503857519555399
1.5,59.5,141.87643,1.4498067,2.2899468,8.120147,6.8809867,0.6756222848967667,0.4478545490793396
1.5,60.0,143.64716,1.4491068,2.2793207,8.208199,6.929439,0.6752540034687833,0.44547367026226653
1.5,60.5,145.48698,1.4484345,2.2664862,8.28784,6.9839034,0.6749002124189064,0.4425979613955503
1.5,61.0,147.68317,1.4482896,2.2536051,8.359809,7.027226,0.6748239967938,0.43971183561642113
1.5,61.5,150.1841,1.4483287,2.2440355,8.42305,7.0775485,0.6748445718761332,0.4375676611014067
1.5,62.0,152.20761,1.4480032,2.2287564,8.476218,7.1053247,0.674673259224145,0.4341442363220281
1.5,62.5,154.09964,1.4469911,2.2218652,8.522141,7.1294365,0.6741406907820432,0.4326001828021223
1.5,63.0,156.06448,1.4463042,2.2057288,8.563823,7.1436386,0.673779246805201,0.4289846594738376
1.5,63.5,158.27605,1.4462445,2.1970334,8.608105,7.1490793,0.6737478196215151,0.42703637633224883
1.5,64.0,160.5255,1.4464395,2.1938064,8.651992,7.1709895,0.6738504441175431,0.42631333577066827
1.5,64.5,162.13152,1.4458174,2.1854668,8.689785,7.2176876,0.673523061938588,0.42444475536405385
1.5,65.0,163.75626,1.4439688,2.172463,8.718413,7.275635,0.6725503247381555,0.421531118252142
1.5,65.5,165.53537,1.4418162,2.1625702,8.742085,7.3185544,0.6714176288183636,0.41931455955087404
1.5,66.0,167.48874,1.4406357,2.150707,8.767552,7.3488793,0.6707964244270639,0.4166564840234913
1.5,66.5,169.49223,1.441855,2.145957,8.800178,7.3708735,0.6714380157139682,0.4155921960952778
1.5,67.0,171.52058,1.4458472,2.1481533,8.838488,7.3939557,0.6735387441659761,0.41608430172167454
1.5,67.5,173.9217,1.452788,2.1505904,8.8820505,7.407724,0.6771910721957684,0.4166303616123636
1.5,68.0,176.2388,1.4616318,2.1593668,8.928451,7.4579644,0.6818447418087492,0.41859680757559536
1.5,68.5,178.2855,1.4709285,2.165351,8.974873,7.4969893,0.6867367812780301,0.41993759775329104
1.5,69.0,180.18117,1.4796524,2.175973,9.013374,7.5225596,0.6913273456080009,0.4223175684292819
1.5,69.5,182.00774,1.4857924,2.1807373,9.038601,7.5197973,0.6945582608234185,0.4233850615613147
1.5,70.0,184.09981,1.4862051,2.1842093,9.0491085,7.507423,0.6947754283082898,0.4241630179483334
1.5,70.5,186.42451,1.481389,2.1763453,9.049645,7.4782395,0.6922411803623636,0.4224010105687122
1.5,71.0,189.32129,1.4704878,2.152444,9.037618,7.433146,0.6865048724994139,0.4170456491872234
1.5,71.5,192.98947,1.4478432,2.1157787,8.981275,7.3103476,0.6745890770275254,0.4088304446979241
1.5,72.0,197.37656,1.4109858,2.0503411,8.868547,7.164229,0.6551944273142247,0.3941685069266491
1.5,72.5,201.84616,1.3573487,1.9544624,8.693943,6.9788256,0.6269701190212057,0.37268592213783996
1.5,73.0,197.70238,1.2423412,1.8180726,8.174308,6.637001,0.5664522153435791,0.34212641381290065
1.5,73.5,164.03767,1.2473291,1.8593037,7.8613486,6.5478945,0.5690769183770802,0.3513646659412712
1.5,74.0,156.63196,1.4215691,2.1481826,8.346702,6.940201,0.6607634371753975,0.4160908723895042
1.5,74.5,159.8598,1.4749981,2.1934385,8.560026,7.0621176,0.6888782207923376,0.42623090861244745
1.5,75.0,163.17621,1.5138488,2.2241378,8.681852,7.1375885,0.7093217606022678,0.43310938284888895
1.5,75.5,166.20018,1.5440933,2.252501,8.759722,7.203795,0.7252366495159555,0.43946444730163137
1.5,76.0,169.17877,1.5700153,2.2852304,8.818256,7.233621,0.7388770508981745,0.44679779338010156
1.5,76.5,171.71178,1.5936018,2.3101285,8.867354,7.2816887,0.7512884674844383,0.4523764506276714
1.5,77.0,174.01015,1.615964,2.3319697,8.91137,7.3446045,0.7630556581695968,0.4572702092391109
1.5,77.5,176.32745,1.6361399,2.3598578,8.948612,7.3946996,0.7736723379246504,0.4635188075049874
1.5,78.0,178.68452,1.6548773,2.3895729,8.979193,7.415436,0.7835321306570421,0.47017676371865796
1.5,78.5,181.30586,1.6732471,2.4266226,9.005381,7.4182825,0.7931984674323733,0.478478134770634
1.5,79.0,183.60622,1.6907676,2.456685,9.030429,7.4355564,0.8024179234560518,0.485213924017051
1.5,79.5,186.00558,1.7073046,2.4964359,9.055273,7.431346,0.8111198032470115,0.49412049097018296
1.5,80.0,188.0818,1.7220213,2.523894,9.081931,7.4328146,0.8188638753180121,0.5002727728612882
1.5,80.5,189.78157,1.7347779,2.5321789,9.109,7.4549575,0.8255764959292388,0.5021290666532618
1.5,81.0,191.59763,1.7458493,2.556807,9.134818,7.450248,0.83140231794612,0.5076472523887733
1.5,81.5,193.10768,1.7552795,2.5795958,9.1587715,7.4692583,0.8363646137940998,0.5127533023331807
1.5,82.0,194.29747,1.763304,2.6015415,9.180868,7.5319824,0.8405871476117254,0.5176704589325014
1.5,82.5,195.27592,1.7696407,2.6158745,9.201527,7.563395,0.8439215655279049,0.520881912899294
1.5,83.0,195.86435,1.7738446,2.6390831,9.224188,7.585855,0.8461337005232783,0.5260820355757992
1.5,83.5,196.48952,1.7776263,2.6731942,9.244334,7.6173797,0.8481236497210163,0.5337249509231544
1.5,84.0,197.04337,1.7800872,2.694883,9.266005,7.6554627,0.8494186253298208,0.5385845741139179
1.5,84.5,197.61322,1.7812277,2.7123075,9.289285,7.7236547,0.8500187528075107,0.5424886726260709
1.5,85.0,198.20285,1.781552,2.7260458,9.312534,7.7490454,0.8501893754414939,0.5455668969541062
1.5,85.5,198.7484,1.7807575,2.7343326,9.339293,7.8003645,0.8497713499882352,0.547423618106589
1.5,86.0,199.27582,1.7793044,2.741479,9.368978,7.846312,0.8490066845807887,0.5490248310946064
1.5,86.5,199.78073,1.776925,2.7364438,9.402508,7.8996944,0.8477546155461182,0.5478966527702607
1.5,87.0,200.12442,1.7740195,2.7306519,9.437681,7.935599,0.846225723833592,0.5465989191638716
1.5,87.5,200.40677,1.7703685,2.719993,9.476018,7.970073,0.8443045255207237,0.5442107217980777
1.5,88.0,200.69783,1.7660308,2.7020173,9.517732,8.007139,0.8420220086888321,0.5401830626786889
1.5,88.5,200.99771,1.7611301,2.6824715,9.561623,8.034069,0.8394432232171236,0.535803632440127
1.5,89.0,201.29861,1.7553943,2.651589,9.609802,8.072119,0.8364250217339989,0.5288840781747342
1.5,89.5,201.62233,1.7490281,2.6322632,9.660554,8.08852,0.8330750470482504,0.5245539546549265
1.5,90.0,201.96565,1.7421806,2.5985954,9.712879,8.106085,0.8294718357546379,0.5170103472059073
1.5,90.5,202.31679,1.734891,2.569144,9.766882,8.112678,0.8256360256644042,0.51041147358264
1.5,91.0,202.67346,1.7279329,2.5468302,9.82009,8.122522,0.8219746019427269,0.5054118364050348
1.5,91.5,203.0421,1.7209363,2.53609,9.87562,8.155611,0.818292916783264,0.5030053693774706
1.5,92.0,203.43774,1.7133754,2.5281613,9.934363,8.190561,0.8143143356948885,0.5012288851605988
1.5,92.5,203.83087,1.7055597,2.514382,9.993944,8.260118,0.8102016401978896,0.4981414725816148
1.5,93.0,204.18652,1.6967767,2.494582,10.055903,8.301516,0.8055799623287807,0.49370509655519584
1.5,93.5,204.49562,1.6869844,2.4744706,10.119056,8.332129,0.8004271587824896,0.4891989539256425
1.5,94.0,204.79355,1.6763377,2.453253,10.183485,8.372944,0.7948247771414348,0.4844449422007265
1.5,94.5,205.04579,1.6638281,2.4112139,10.254554,8.438732,0.7882421308308011,0.4750256494766266
1.5,95.0,205.31252,1.6500955,2.3810523,10.331408,8.518995,0.7810158859081575,0.46826763748372885
1.5,95.5,205.67624,1.6345474,2.3450503,10.416567,8.6337385,0.7728343424219368,0.46020104761151986
1.5,96.0,206.21434,1.6140493,2.3060913,10.514257,8.75583,0.7620481064243625,0.4514718886897886
1.5,96.5,207.44357,1.5789983,2.2406743,10.631566,8.888663,0.7436039878775128,0.436814545043988
1.5,97.0,215.90382,1.2760501,1.8024955,10.17243,8.414003,0.5841901318266853,0.3386362139539523
1.5,97.5,246.20377,0.48238483,0.776335,7.5047693,5.818556,0.16655693812163172,0.10871471079776475
1.5,98.0,235.80202,0.4783153,0.776453,7.3276343,5.620436,0.1644155142895515,0.10874115372927434
1.5,98.5,229.49928,0.48188114,0.7166878,8.067249,6.381584,0.1662918927965445,0.09535015940246507
1.5,99.0,,,,,,,
1.5,99.5,,,,,,,
1.5,100.0,,,,,,,
1.0,50.0,132.2602,1.508285,2.3282802,7.181366,6.236109,0.7063940769356275,0.4564435337540381
1.0,50.5,132.00722,1.4956028,2.3161228,7.198993,6.247929,0.6997205991639617,0.4537195378681042
1.0,51.0,131.61833,1.4819766,2.3013732,7.2125783,6.263915,0.6925503711575485,0.450414759050105
1.0,51.5,131.17537,1.4683688,2.307283,7.222898,6.2747164,0.6853898034032064,0.45173888216794006
1.0,52.0,130.90996,1.4577323,2.3196876,7.2485414,6.282958,0.6797928164483732,0.454518274659885
1.0,52.5,131.06732,1.4527582,2.3140955,7.304287,6.348909,0.6771753899683802,0.4532653070668394
1.0,53.0,131.32466,1.4515221,2.3113441,7.365603,6.400073,0.676524953905229,0.45264883953225205
1.0,53.5,131.07733,1.4474417,2.3077407,7.3864975,6.4452434,0.6743778060601522,0.4518414486901591
1.0,54.0,130.50104,1.4398757,2.3175168,7.3823934,6.455432,0.670396527628666,0.4540318849802994
1.0,54.5,130.14911,1.4332107,2.323289,7.3880725,6.47312,0.6668893542955785,0.45532518472140504
1.0,55.0,130.17406,1.4294404,2.330934,7.4106045,6.4948506,0.664905364344248,0.4570381524825903
1.0,55.5,130.71791,1.4292755,2.3493786,7.4638042,6.5308924,0.6648186102623367,0.4611708354471263
1.0,56.0,131.3767,1.4299421,2.350999,7.527101,6.567791,0.665169390324555,0.46153393161979445
1.0,56.5,132.23238,1.4312898,2.3414397,7.592047,6.591822,0.6658785406470474,0.45939205416751716
1.0,57.0,133.3654,1.4324001,2.3319802,7.672215,6.6694903,0.6664627977106207,0.4572725597219117
1.0,57.5,134.73154,1.4346435,2.3138015,7.770775,6.747607,0.6676432930594915,0.45319944012835184
1.0,58.0,136.31223,1.4387519,2.2843876,7.883546,6.8229885,0.6698051821983133,0.4466089534550785
1.0,58.5,137.98055,1.4426912,2.2731187,7.9956107,6.864069,0.67187805901448,0.4440840541463896
1.0,59.0,139.67885,1.4455122,2.2639925,8.099772,6.921407,0.6733624759301333,0.4420392409497748
1.0,59.5,141.4632,1.4469848,2.2482662,8.195378,6.9893956,0.6741373661498369,0.43851560013097796
1.0,60.0,143.32799,1.4472893,2.2414052,8.2817545,7.023717,0.6742976385137439,0.4369783309591565
1.0,60.5,145.30278,1.44732,2.2392678,8.358057,7.0736523,0.674313759843499,0.43649942008848275
1.0,61.0,147.59291,1.4475163,2.2296896,8.425106,7.1124983,0.6744170743575321,0.4343533224511767
1.0,61.5,149.91074,1.4477259,2.2273288,8.482939,7.1329927,0.6745273517805256,0.4338243569808575
1.0,62.0,151.99295,1.4471697,2.2162497,8.530909,7.1638336,0.674234658688553,0.43134198004283847
1.0,62.5,154.1622,1.4461005,2.214996,8.571908,7.164522,0.6736720430987755,0.4310610973481366
1.0,63.0,156.28754,1.4454054,2.2020593,8.60843,7.1740227,0.6733062708271741,0.428162471274112
1.0,63.5,158.5278,1.4453237,2.1908863,8.648668,7.1852493,0.6732633015241306,0.42565904683101263
1.0,64.0,160.76659,1.4455334,2.176133,8.688612,7.2021766,0.6733736416760336,0.42235341329199494
1.0,64.5,162.44447,1.4447291,2.1672847,8.722769,7.220138,0.6729504097232821,0.4203708878896028
1.0,65.0,164.45354,1.4428738,2.1582406,8.749073,7.2575436,0.6719741597039145,0.4183444511948856
1.0,65.5,166.26186,1.441022,2.1447625,8.77199,7.2991076,0.670999728822924,0.4153245615763625
1.0,66.0,168.10509,1.4406227,2.1389124,8.799313,7.3358455,0.6707895869759227,0.4140137934744414
1.0,66.5,169.7305,1.4428614,2.136379,8.834935,7.375317,0.671967635897321,0.4134461518780354
1.0,67.0,171.3842,1.4481673,2.1423988,8.877543,7.4160247,0.674759636932599,0.4147949550652794
1.0,67.5,173.47841,1.4562159,2.1483805,8.924192,7.4335704,0.6789948419899542,0.41613521104233847
1.0,68.0,175.38785,1.4660826,2.1594672,8.971081,7.470245,0.6841867883758062,0.41861929742239445
1.0,68.5,177.16557,1.4765431,2.1708255,9.015847,7.526736,0.6896911874601397,0.42116422925495434
1.0,69.0,178.77646,1.486492,2.1764102,9.05291,7.560578,0.6949264167935829,0.42241554082602656
1.0,69.5,180.19778,1.494909,2.186825,9.076063,7.555331,0.6993555169103653,0.42474908946670065
1.0,70.0,181.63983,1.4987708,2.1897821,9.084726,7.539733,0.7013876199353227,0.42541165851622287
1.0,70.5,183.44122,1.497352,2.1882656,9.084506,7.4893584,0.7006410204538274,0.42507185349130866
1.0,71.0,185.7072,1.4896276,2.1744366,9.072575,7.450625,0.6965763753015457,0.4219733295390843
1.0,71.5,188.85046,1.4679852,2.1417954,9.017404,7.3585906,0.685187941772266,0.41465974888416673
1.0,72.0,193.74031,1.4259504,2.0543766,8.901853,7.196295,0.6630689127881852,0.3950726949240863
1.0,72.5,202.15527,1.350189,1.9166209,8.703056,6.974336,0.6232026207134749,0.3642071430544632
1.0,73.0,229.63965,1.1053188,1.5960597,7.594646,6.1170344,0.49434991302323045,0.292382211447336
1.0,73.5,163.26508,1.1521208,1.6879001,7.426209,6.202845,0.5189775338292305,0.3129599671979441
1.0,74.0,157.67328,1.434171,2.1757739,8.417455,6.9638314,0.667394635662025,0.42227296267612935
1.0,74.5,163.64775,1.50342,2.2300887,8.664099,7.1239376,0.7038340474078753,0.4344427476377364
1.0,75.0,167.10728,1.5387443,2.2520995,8.766529,7.1864734,0.722422003344329,0.4393744879144351
1.0,75.5,169.8562,1.5644522,2.2639976,8.831681,7.2234025,0.735949680876082,0.4420403627711116
1.0,76.0,172.06892,1.5866274,2.281112,8.881654,7.2502084,0.7476184499021523,0.44587501520051215
1.0,76.5,174.35695,1.6073493,2.2991803,8.92917,7.2927256,0.7585224907918665,0.4499234013045994
1.0,77.0,176.48705,1.627303,2.3174393,8.971887,7.3525143,0.7690223065884236,0.45401452345961124
1.0,77.5,178.60135,1.6458216,2.344732,9.010298,7.3989387,0.7787669290428767,0.46012973182653943
1.0,78.0,181.03189,1.6638093,2.3812745,9.043607,7.4428782,0.7882322196630918,0.468317424983056
1.0,78.5,183.6051,1.6814314,2.4188728,9.07377,7.470251,0.7975051207177091,0.47674171560150386
1.0,79.0,185.73904,1.6981213,2.4499774,9.103533,7.475311,0.8062874816996247,0.4837110039461601
1.0,79.5,187.6368,1.7134799,2.493273,9.132831,7.483115,0.8143692862196567,0.4934118204057258
1.0,80.0,189.28384,1.7270323,2.5126767,9.161237,7.472609,0.8215006850310568,0.4977594122863489
1.0,80.5,190.77911,1.7390193,2.5335743,9.188538,7.497038,0.8278083278022117,0.5024417342858389
1.0,81.0,192.26912,1.749705,2.5486732,9.210841,7.4880786,0.8334312217966902,0.5058247734970938
1.0,81.5,193.53989,1.758567,2.5648794,9.23231,7.496123,0.8380944889328326,0.5094559489040297
1.0,82.0,194.59886,1.7660661,2.5889328,9.2534895,7.5172014,0.8420405764460598,0.5148453388660671
1.0,82.5,195.37843,1.7716901,2.6129966,9.272999,7.5596905,0.8450000009409336,0.5202370793109055
1.0,83.0,195.99507,1.7757785,2.637649,9.29188,7.599161,0.8471513516229505,0.5257607138929099
1.0,83.5,196.69487,1.7791343,2.6714532,9.310412,7.631949,0.8489171704268571,0.5333348776183402
1.0,84.0,197.34215,1.7810109,2.7024903,9.332162,7.6955647,0.8499046489210346,0.5402890480849819
1.0,84.5,197.93768,1.7819306,2.7189963,9.35392,7.742096,0.850388602458233,0.543987372511933
1.0,85.0,198.59291,1.7826239,2.7317944,9.373732,7.7762294,0.8507534337961912,0.5468549081089099
1.0,85.5,199.32858,1.7823753,2.7378178,9.398072,7.8228207,0.8506226440197739,0.5482045125971088
1.0,86.0,199.68747,1.7812037,2.7359293,9.426108,7.8987637,0.8500061442966906,0.5477813722728916
1.0,86.5,200.00345,1.7792249,2.7342691,9.457646,7.9496837,0.848964844398117,0.5474094083696566
1.0,87.0,200.30365,1.7767171,2.7284477,9.491477,7.965489,0.8476452163278584,0.5461050506753742
1.0,87.5,200.58655,1.7739075,2.716563,9.52696,7.993509,0.8461668213875221,0.5434421673422625
1.0,88.0,200.87267,1.7705616,2.7016199,9.565798,8.026143,0.8444061463541989,0.5400940114325747
1.0,88.5,201.15558,1.7662513,2.6891756,9.608384,8.046114,0.8421380571715046,0.537305751210063
1.0,89.0,201.43881,1.7612314,2.6712396,9.6546755,8.074944,0.8394965427902433,0.5332870132413047
1.0,89.5,201.74876,1.7557641,2.6412072,9.702322,8.100676,0.8366196068114312,0.5265579549229082
1.0,90.0,202.07347,1.7499101,2.6120713,9.750953,8.115182,0.8335391782500303,0.5200297560438575
1.0,90.5,202.40552,1.7437445,2.587842,9.799799,8.1374235,0.8302947763190588,0.5146009420748421
1.0,91.0,202.7491,1.7377976,2.5654848,9.847414,8.138837,0.8271654819371164,0.5095915824456516
1.0,91.5,203.09726,1.7318102,2.543982,9.896482,8.162095,0.8240148597259261,0.5047736803246032
1.0,92.0,203.44962,1.7250328,2.5327964,9.950026,8.18671,0.8204485330311305,0.5022674246181302
1.0,92.5,203.80856,1.718026,2.5187554,10.003891,8.21515,0.8167615159143558,0.49912141022931583
1.0,93.0,204.11182,1.7100139,2.5044005,10.061687,8.273898,0.812545443174414,0.4959050416166669
1.0,93.5,204.40268,1.7013453,2.474764,10.1185665,8.347464,0.8079839850584756,0.48926471402400273
1.0,94.0,204.66896,1.6920245,2.4531462,10.175791,8.389151,0.8030792743494651,0.48442101001220866
1.0,94.5,204.90805,1.6810677,2.4249127,10.238503,8.454095,0.7973137348146639,0.47809500607409494
1.0,95.0,205.15796,1.6690173,2.3913286,10.305999,8.526645,0.790972720263627,0.4705701490674189
1.0,95.5,205.4874,1.6559889,2.366166,10.378966,8.607861,0.7841170777386203,0.4649322489692549
1.0,96.0,205.95064,1.6396513,2.3400457,10.460894,8.707414,0.7755200806844327,0.45907970705532203
1.0,96.5,206.84412,1.616225,2.2955232,10.551312,8.831947,0.7631929717526075,0.4491039909481839
1.0,97.0,210.34114,1.4505004,2.0406978,10.525035,8.790386,0.6759873044214535,0.39200782561196507
1.0,97.5,,,,,,,
1.0,98.0,207.47018,0.49088892,0.67346466,9.232292,7.0474977,0.17103186170684234,0.08566558264225077
1.0,98.5,221.32974,0.60727376,0.8407034,9.442409,7.1426167,0.23227451952321262,0.12313709964859147
1.0,99.0,,,,,,,
1.0,99.5,,,,,,,
1.0,100.0,,,,,,,
0.5,50.0,130.89304,1.4876062,2.3077033,7.216753,6.2744884,0.6955126811822618,0.45183306174016513
0.5,50.5,130.66022,1.4751463,2.2953708,7.231073,6.27885,0.6889561928269116,0.4490698555275079
0.5,51.0,130.33337,1.4621824,2.2803574,7.244457,6.295585,0.6821344866419728,0.44570594069904174
0.5,51.5,129.9412,1.4490315,2.2732499,7.257946,6.309772,0.675214358797946,0.44411343518140023
0.5,52.0,129.70747,1.4392594,2.273543,7.2860208,6.3383713,0.6700722191662788,0.4441790884396331
0.5,52.5,129.85138,1.4356191,2.2784152,7.341097,6.402433,0.6681566664552703,0.445270780860502
0.5,53.0,130.01888,1.4347894,2.272016,7.3962016,6.460932,0.667720073244784,0.4438369863519817
0.5,53.5,129.69035,1.4313544,2.2747543,7.4115796,6.497627,0.6659125397160249,0.444450515783068
0.5,54.0,129.03282,1.4244872,2.2895777,7.4059377,6.4958143,0.6622989781523363,0.4477718548208005
0.5,54.5,128.70691,1.4191902,2.2994027,7.414172,6.5039067,0.6595116190563652,0.4499732422239902
0.5,55.0,128.77531,1.4164423,2.311083,7.4383707,6.530919,0.6580656549622677,0.452590344562549
0.5,55.5,129.38661,1.4174534,2.3215666,7.493744,6.558448,0.658597721573093,0.45493927818155594
0.5,56.0,130.16185,1.4199034,2.3250763,7.557829,6.584336,0.6598869261222187,0.4557256749386322
0.5,56.5,131.16956,1.42306,2.321385,7.6262965,6.6225047,0.6615479876471723,0.45489857209305024
0.5,57.0,132.4546,1.4261742,2.313292,7.710493,6.6963816,0.6631866549514155,0.4530852814523195
0.5,57.5,134.06161,1.4306858,2.2912526,7.819191,6.789705,0.6655606932623442,0.4481471307679821
0.5,58.0,135.78949,1.4361335,2.2614396,7.937154,6.844882,0.6684273416999899,0.44146721890814905
0.5,58.5,137.6093,1.441518,2.2473004,8.052409,6.9241204,0.6712606810866629,0.4382991954531085
0.5,59.0,139.5428,1.446305,2.2411835,8.160556,6.99705,0.6737796859075679,0.43692865029995664
0.5,59.5,141.48987,1.4490197,2.224482,8.256747,7.0545607,0.6752081486359003,0.4331865214208078
0.5,60.0,143.46967,1.4500405,2.2187502,8.341813,7.1028533,0.6757452962883994,0.43190224967046
0.5,60.5,145.58728,1.4505016,2.2151988,8.415074,7.1433434,0.6759879317105489,0.43110650440224396
0.5,61.0,147.95259,1.4510044,2.2126245,8.4765005,7.156158,0.6762525222510419,0.4305297279749528
0.5,61.5,150.34633,1.451273,2.2136035,8.530307,7.1694484,0.676393850484264,0.43074907075632335
0.5,62.0,152.49106,1.4506828,2.21046,8.573851,7.1967382,0.676083279653069,0.4300447272170223
0.5,62.5,154.73077,1.4491954,2.2065477,8.609592,7.200678,0.6753006110485809,0.4291681573924951
0.5,63.0,156.91585,1.4482381,2.1993234,8.643512,7.20115,0.6747968979048733,0.4275494760436623
0.5,63.5,159.11154,1.4479692,2.192327,8.68111,7.202513,0.6746553814849225,0.42598186427568435
0.5,64.0,161.10953,1.447815,2.1772673,8.716773,7.214779,0.6745742102759614,0.42260758595486897
0.5,64.5,163.08777,1.4469243,2.1654778,8.747273,7.2278843,0.6741055625926937,0.4199660172271559
0.5,65.0,165.29152,1.4451486,2.1527662,8.770521,7.2465606,0.6731711527559978,0.41711787311328596
0.5,65.5,167.21046,1.4437228,2.1446137,8.791015,7.2684975,0.6724209149977484,0.4152912274566413
0.5,66.0,168.82841,1.443894,2.1412904,8.820867,7.3060875,0.672510993711866,0.41454660518934383
0.5,66.5,170.25578,1.4467834,2.1438003,8.858671,7.341758,0.6740314170216025,0.41510895819944793
0.5,67.0,171.79846,1.4529377,2.147534,8.904221,7.3743057,0.6772698597061665,0.41594551639629695
0.5,67.5,173.50137,1.4617242,2.1495721,8.953119,7.4031715,0.6818933567136525,0.4164022045204899
0.5,68.0,175.1843,1.4718653,2.1585698,9.000484,7.4244347,0.6872297050492946,0.41841822430279424
0.5,68.5,176.60583,1.4825883,2.1719053,9.043947,7.487822,0.692872233192463,0.4214061687232512
0.5,69.0,177.76387,1.4936055,2.1798332,9.076894,7.5316706,0.6986695762844074,0.42318249267993213
0.5,69.5,178.87161,1.5035748,2.1932359,9.098116,7.541262,0.703915532261384,0.42618550155834006
0.5,70.0,179.94174,1.5098233,2.1986856,9.105971,7.5230803,0.7072035307844946,0.42740657737338317
0.5,70.5,180.96106,1.5138296,2.2067611,9.107955,7.493767,0.7093116612478298,0.429215968349467
0.5,71.0,182.41696,1.5116853,2.2108126,9.098009,7.4718323,0.7081832936227972,0.4301237354911691
0.5,71.5,184.74403,1.4953525,2.1838818,9.045579,7.4016266,0.6995888684539011,0.4240896187808704
0.5,72.0,188.81236,1.4617376,2.1146715,8.943721,7.2534165,0.6819004450804319,0.40858236192230685
0.5,72.5,197.57803,1.3804977,1.9747442,8.7741995,7.0582037,0.6391513205094115,0.37723026011290717
0.5,73.0,229.49013,1.0189687,1.4305251,7.0647235,5.77244,0.4489117882864174,0.2552925277009907
0.5,73.5,165.10773,1.0592757,1.4906037,6.902719,5.8897133,0.47012168718435204,0.26875374270147545
0.5,74.0,158.90709,1.441693,2.1545434,8.567947,7.0687385,0.6713527671258862,0.41751606626777593
0.5,74.5,165.71541,1.5167198,2.2208583,8.774475,7.1779666,0.7108325236599333,0.4323745898733041
0.5,75.0,168.9452,1.5507425,2.2483492,8.845886,7.2166343,0.728735542632982,0.4385341903131302
0.5,75.5,171.3873,1.5748585,2.2711952,8.89356,7.2520204,0.7414256010354786,0.443653061072815
0.5,76.0,173.55672,1.596439,2.2915528,8.942208,7.2939157,0.7527814155317909,0.44821438662812474
0.5,76.5,175.83888,1.6165596,2.3121552,8.990577,7.336601,0.7633690518017217,0.45283057458880893
0.5,77.0,178.14694,1.6358485,2.3288977,9.035835,7.3905735,0.7735190284697038,0.45658189171890656
0.5,77.5,180.50317,1.6543481,2.349304,9.075762,7.4457836,0.7832536770275379,0.46115411496720204
0.5,78.0,182.83952,1.672429,2.3771324,9.110432,7.4695005,0.7927679589261137,0.46738935821716465
0.5,78.5,184.91911,1.6900972,2.4117303,9.142466,7.485071,0.8020651360687278,0.47514135733450497
0.5,79.0,186.70808,1.7066351,2.452399,9.172255,7.514919,0.8107675176909639,0.4842535915327116
0.5,79.5,188.41058,1.7215898,2.4813392,9.201518,7.5370145,0.8186367966654315,0.49073793253950093
0.5,80.0,189.80725,1.7345037,2.5031211,9.229065,7.5315986,0.8254322194372677,0.49561838955509013
0.5,80.5,190.99768,1.7451656,2.527429,9.25565,7.5337524,0.8310425676498356,0.501064832145112
0.5,81.0,192.34619,1.7550014,2.5514512,9.277501,7.518499,0.8362182672481134,0.5064472240788106
0.5,81.5,193.6079,1.7631572,2.5721226,9.297615,7.5341945,0.8405099283240661,0.5110788504378913
0.5,82.0,194.64528,1.7702762,2.5987244,9.313771,7.5453863,0.8442559733447299,0.517039247460345
0.5,82.5,195.50845,1.7758491,2.6238854,9.331419,7.591961,0.8471884871374057,0.5226768270381271
0.5,83.0,196.30272,1.7795516,2.6447456,9.350376,7.6435623,0.8491367843392008,0.5273507620876232
0.5,83.5,197.1055,1.7821066,2.6887555,9.370035,7.693052,0.8504812530576423,0.5372116250579015
0.5,84.0,197.84558,1.7842712,2.7056997,9.388774,7.7430663,0.8516202845972989,0.5410081355618519
0.5,84.5,198.4966,1.785442,2.7294495,9.408063,7.7796316,0.8522363452180153,0.5463295217828557
0.5,85.0,198.94354,1.785887,2.7288427,9.428153,7.825373,0.8524705122373752,0.5461935677208517
0.5,85.5,199.32066,1.7862335,2.7332494,9.448178,7.8642926,0.8526528651774448,0.5471809307574009
0.5,86.0,199.6557,1.7856503,2.7324183,9.472819,7.9105544,0.8523459326230037,0.546994708415497
0.5,86.5,199.95314,1.7840664,2.7284331,9.5022745,7.9574943,0.8515125163306875,0.5461017920514911
0.5,87.0,200.23665,1.7821684,2.7223492,9.533421,7.9913087,0.8505137466327906,0.5447386188671238
0.5,87.5,200.52,1.7797465,2.709184,9.567494,8.008043,0.8492393461063193,0.541788816372117
0.5,88.0,200.79251,1.7765673,2.6939058,9.605594,8.043211,0.8475664288174604,0.5383656052729929
0.5,88.5,201.06886,1.7731143,2.6803727,9.644907,8.067384,0.8457494232233589,0.5353333756197654
0.5,89.0,201.35364,1.7688391,2.6617866,9.68805,8.086069,0.843499776340073,0.5311689611374178
0.5,89.5,201.65532,1.7639433,2.6396992,9.732816,8.108911,0.8409235627536561,0.5262200730202856
0.5,90.0,201.97531,1.7590392,2.6117797,9.775721,8.128608,0.8383429581435705,0.5199644233060066
0.5,90.5,202.29913,1.7537678,2.5865192,9.820216,8.154924,0.8355691484920629,0.51430456756168
0.5,91.0,202.64447,1.7486535,2.575742,9.863657,8.14847,0.832877952814436,0.5118898204242492
0.5,91.5,203.00552,1.7437071,2.5602093,9.907771,8.1511755,0.8302750794414593,0.5084095566971408
0.5,92.0,203.34999,1.7382104,2.5385926,9.9545765,8.173532,0.8273827121508972,0.5035661197856651
0.5,92.5,203.69727,1.7320116,2.524537,10.003728,8.1971,0.8241208088541605,0.5004168467729677
0.5,93.0,203.98961,1.7248718,2.498761,10.05684,8.257231,0.8203637862743249,0.4946414434309538
0.5,93.5,204.24084,1.717303,2.4812725,10.108215,8.328386,0.8163810650779191,0.4907229749216773
0.5,94.0,204.49486,1.7087859,2.4623227,10.160434,8.406413,0.8118992726771124,0.48647709484225476
0.5,94.5,204.73091,1.698751,2.433991,10.217779,8.47168,0.8066188157998817,0.48012908183791486
0.5,95.0,204.99652,1.6884543,2.4148195,10.274831,8.5255375,0.8012006062372735,0.4758335210992925
0.5,95.5,205.30244,1.6769975,2.389377,10.337948,8.59184,0.7951719816558086,0.4701329058463966
0.5,96.0,205.6991,1.6629736,2.3557112,10.409682,8.679627,0.7877924900071279,0.46258972575788665
0.5,96.5,206.34686,1.6455091,2.327478,10.481652,8.766191,0.7786025165709393,0.4562637752398366
0.5,97.0,207.56052,1.6164465,2.2681565,10.568055,8.845462,0.7633095220665562,0.44297222236152245
0.5,97.5,208.62593,1.4908587,2.0759463,10.693737,8.959257,0.6972241767504957,0.3999056080830219
0.5,98.0,212.71483,1.1130908,1.5215217,10.376833,8.459949,0.4984395870104236,0.2756812298463211
0.5,98.5,235.78784,0.6671502,0.9940547,8.625331,6.728971,0.26378199621330667,0.1574969780770803
0.5,99.0,241.49176,0.47303072,0.74775004,7.301159,5.679161,0.1616347260468561,0.10230996568582243
0.5,99.5,,,,,,,
0.5,100.0,,,,,,,
0.0,50.0,129.68939,1.4710473,2.2908854,7.2384534,6.3041587,0.6867992592719444,0.44806486386995226
0.0,50.5,129.4727,1.4587656,2.2721634,7.2492676,6.308676,0.6803365506363753,0.443869999951321
0.0,51.0,129.18813,1.4458442,2.2558262,7.263618,6.3148456,0.6735371759432374,0.4402094969294381
0.0,51.5,128.86197,1.4334687,2.2448604,7.279815,6.3343234,0.6670250996558503,0.4377524945216556
0.0,52.0,128.6751,1.4244738,2.2385564,7.3124323,6.3694925,0.6622918897855569,0.43634001461853394
0.0,52.5,128.80232,1.4210806,2.2430086,7.368275,6.442131,0.6605063741040508,0.4373375808872414
0.0,53.0,128.82558,1.4198686,2.2499044,7.418196,6.495175,0.6598686092806293,0.43888264938835664
0.0,53.5,128.32568,1.4166027,2.254929,7.4270363,6.5146146,0.6581500880745255,0.44000847722990155
0.0,54.0,127.60146,1.4106119,2.2676284,7.42006,6.5139685,0.6549976467249581,0.44285389692052496
0.0,54.5,127.32345,1.4069462,2.2818477,7.4308753,6.535841,0.6530687327562148,0.4460398695169538
0.0,55.0,127.450806,1.4061857,2.3009663,7.457448,6.550709,0.6526685850421786,0.45032357100144466
0.0,55.5,128.13829,1.4093996,2.3069546,7.513274,6.5730863,0.6543597564437175,0.4516653227402861
0.0,56.0,128.98726,1.4137642,2.3110664,7.5761557,6.592049,0.6566564500091678,0.4525866051580931
0.0,56.5,130.232,1.4201984,2.3091464,7.6481643,6.6301455,0.6600421801733614,0.45215641338547335
0.0,57.0,131.74472,1.425772,2.2976294,7.7393923,6.7020187,0.6629750076105849,0.44957590379051876
0.0,57.5,133.50496,1.4315492,2.2751248,7.8544583,6.7845497,0.666015038754234,0.444533530561989
0.0,58.0,135.46815,1.4384797,2.2407703,7.9793315,6.8695765,0.6696619093688951,0.43683607332964125
0.0,58.5,137.5575,1.4453983,2.2359033,8.09953,6.9313726,0.6733025698215105,0.4357455561501728
0.0,59.0,139.73859,1.4512203,2.2215552,8.209648,7.005388,0.6763661243062418,0.43253073671936987
0.0,59.5,141.94214,1.45491,2.2223477,8.306406,7.0704455,0.6783077095147148,0.4327083050109616
0.0,60.0,144.14334,1.4568236,2.2207978,8.388646,7.1135244,0.6793146339708536,0.43236102117713554
0.0,60.5,146.41579,1.4575206,2.214468,8.458592,7.1437454,0.6796814099050077,0.4309427719071391
0.0,61.0,148.80052,1.4579054,2.2101974,8.516929,7.158347,0.6798838988250436,0.4299859117269373
0.0,61.5,151.13927,1.4580767,2.2052827,8.565975,7.1599836,0.6799740402680707,0.4288847105347377
0.0,62.0,153.31789,1.4572608,2.2126164,8.605632,7.174185,0.6795447236110925,0.43052791169278853
0.0,62.5,155.46751,1.4556748,2.2120442,8.63811,7.1822014,0.6787101154694949,0.4303997035400147
0.0,63.0,157.56998,1.4543675,2.205898,8.669049,7.1834626,0.6780222302473408,0.4290225877190332
0.0,63.5,159.69388,1.4536283,2.1875734,8.705053,7.180445,0.6776332482792049,0.42491677504651604
0.0,64.0,161.769,1.4532001,2.1809995,8.738609,7.183771,0.6774079260360918,0.4234438236313361
0.0,64.5,164.16246,1.4521044,2.169044,8.765052,7.2012525,0.6768313846283937,0.42076507453931855
0.0,65.0,166.2861,1.4503834,2.158547,8.784489,7.212216,0.6759257673611824,0.41841309597668325
0.0,65.5,168.1346,1.4491631,2.154802,8.80409,7.214558,0.6752836115140921,0.41757402703684243
0.0,66.0,169.56772,1.4496741,2.150243,8.835533,7.249868,0.6755525303493441,0.4165525285796172
0.0,66.5,170.97224,1.4530964,2.1528206,8.876726,7.300272,0.6773533518847811,0.4171300528877995
0.0,67.0,172.43056,1.4596796,2.1563194,8.923911,7.325655,0.6808174931859153,0.4179139923219476
0.0,67.5,173.96823,1.4686733,2.154742,8.9727745,7.353693,0.6855500757671134,0.41756056518080115
0.0,68.0,175.34299,1.4786148,2.1559322,9.019056,7.379218,0.6907813531792548,0.41782723813857064
0.0,68.5,176.4246,1.4891137,2.167745,9.058805,7.408372,0.6963059509724643,0.42047404203252203
0.0,69.0,177.34276,1.5000448,2.1800725,9.088921,7.4477468,0.7020580037917117,0.4232361264238425
0.0,69.5,178.09126,1.5106204,2.1986146,9.108792,7.4654665,0.7076229362737635,0.42739065819441374
0.0,70.0,178.72914,1.5193226,2.2144446,9.116296,7.483746,0.7122021466711054,0.4309375367409008
0.0,70.5,179.428,1.526265,2.221986,9.1176815,7.450548,0.7158552901767218,0.4326272667743958
0.0,71.0,180.30083,1.529242,2.236563,9.107434,7.441689,0.7174218192349795,0.43589336946630824
0.0,71.5,181.4311,1.5222678,2.2260642,9.056162,7.4100375,0.7137519271105126,0.4335410169632274
0.0,72.0,183.29822,1.5032046,2.195209,8.961565,7.2888217,0.7037206962683136,0.42662760600515504
0.0,72.5,186.3422,1.4647249,2.1463459,8.83936,7.190358,0.6834723688249112,0.4156793242191003
0.0,73.0,183.30197,1.3239394,1.9191083,8.502227,6.868253,0.6093899030167148,0.36476447457858363
0.0,73.5,167.96974,1.3507688,1.9716634,8.37211,6.885301,0.6235077341295389,0.3765399660503476
0.0,74.0,165.85826,1.5041656,2.213799,8.725309,7.1445694,0.7042264167371269,0.43079287520852105
0.0,74.5,168.587,1.5418674,2.2456012,8.832169,7.1869173,0.7240653753167888,0.437918470659434
0.0,75.0,170.62662,1.566105,2.2706425,8.8857,7.2302113,0.7368194172070291,0.44352923336526096
0.0,75.5,172.61533,1.5872453,2.2914336,8.934297,7.2783747,0.7479436365692731,0.4481876765962968
0.0,76.0,174.69583,1.6079046,2.3124452,8.9871645,7.3221283,0.7588146820525626,0.4528955333862143
0.0,76.5,177.01814,1.6277227,2.3340187,9.042447,7.3682528,0.7692431750789585,0.45772930126616834
0.0,77.0,179.42844,1.6467569,2.3532448,9.092661,7.420802,0.7792591000672265,0.4620370951993679
0.0,77.5,181.55746,1.6652461,2.371482,9.136066,7.486807,0.7889882912099296,0.4661233027085234
0.0,78.0,183.5556,1.6832511,2.391641,9.173405,7.5197554,0.7984626775220299,0.47064012935080796
0.0,78.5,185.41954,1.7005007,2.4153647,9.207388,7.5280175,0.8075395507342952,0.4759556927848732
0.0,79.0,187.11009,1.7164606,2.443621,9.237402,7.542672,0.8159377598741107,0.4822867716290342
0.0,79.5,188.61008,1.7305845,2.4788308,9.265336,7.55108,0.823369881077906,0.49017590004977885
0.0,80.0,189.86903,1.7424451,2.496637,9.291198,7.558902,0.8296110312049352,0.4941655775039084
0.0,80.5,191.0618,1.7524914,2.5253472,9.314967,7.567364,0.8348974473285733,0.50059836814927
0.0,81.0,192.32547,1.761195,2.560511,9.3354225,7.556483,0.8394773477439202,0.508477186497729
0.0,81.5,193.57306,1.7685078,2.5888069,9.353116,7.5651383,0.8433254527004262,0.5148171330724569
0.0,82.0,194.83075,1.7751708,2.6040745,9.367981,7.574045,0.8468315596420513,0.5182379936887801
0.0,82.5,195.98872,1.7807882,2.6364489,9.382957,7.6033773,0.8497874713179903,0.5254917972924669
0.0,83.0,196.87584,1.7845037,2.671287,9.400598,7.6632385,0.8517426059709265,0.5332976438339722
0.0,83.5,197.52966,1.7874485,2.6986618,9.417891,7.7117167,0.8532921982236051,0.5394312287027978
0.0,84.0,198.02483,1.7895092,2.7127528,9.436749,7.749926,0.8543765301541318,0.54258846130498
0.0,84.5,198.43362,1.790644,2.7184412,9.455437,7.7917633,0.8549737093730728,0.5438630106037424
0.0,85.0,198.78085,1.7914181,2.7085252,9.472996,7.8499465,0.855381008182798,0.5416412167362362
0.0,85.5,199.1162,1.7919714,2.706312,9.491405,7.8878164,0.8556721957809413,0.5411453182853199
0.0,86.0,199.43126,1.791799,2.7082562,9.512954,7.9171815,0.8555814270488187,0.5415809589044325
0.0,86.5,199.7169,1.7906054,2.7086535,9.53968,7.944297,0.8549533852063778,0.541669956730483
0.0,87.0,199.99678,1.7889587,2.7013733,9.569172,7.995265,0.8540868480498178,0.5400387750867547
0.0,87.5,200.26486,1.7869654,2.6924102,9.60177,8.03051,0.8530379579531883,0.5380305012136805
0.0,88.0,200.53267,1.78423,2.673288,9.637174,8.066143,0.8515985803945937,0.5337459984282348
0.0,88.5,200.81023,1.7810234,2.6584516,9.674394,8.069536,0.8499112354565376,0.5304217212870013
0.0,89.0,201.09314,1.7773032,2.6510549,9.713861,8.097113,0.8479536543761287,0.5287644172321453
0.0,89.5,201.39963,1.773367,2.6289709,9.753042,8.128664,0.8458824085116105,0.5238162769959043
0.0,90.0,201.7253,1.7692184,2.593715,9.791812,8.15634,0.8436993797302694,0.5159168385028742
0.0,90.5,202.06392,1.7647768,2.5744061,9.831632,8.160663,0.8413621632892481,0.5115905078075861
0.0,91.0,202.42508,1.760618,2.5630486,9.870544,8.139824,0.8391737398216855,0.5090457362352171
0.0,91.5,202.79858,1.7565163,2.5503018,9.910281,8.164867,0.8370154262307082,0.5061896859519261
0.0,92.0,203.14948,1.7517395,2.5465875,9.95291,8.170003,0.8345018160960249,0.5053574547802333
0.0,92.5,203.46925,1.7462171,2.5371852,9.998241,8.18345,0.8315958993609994,0.5032507811499052
0.0,93.0,203.75433,1.7399669,2.516431,10.046323,8.223623,0.8283069599042455,0.49860061802873595
0.0,93.5,204.01195,1.7330635,2.4987686,10.09395,8.30311,0.8246743287520529,0.49464315287299077
0.0,94.0,204.2717,1.7255372,2.4774706,10.140544,8.3727,0.8207139390474477,0.4898711385866228
0.0,94.5,204.52122,1.7167469,2.4513438,10.191405,8.454742,0.816088434714856,0.48401715433097126
0.0,95.0,204.80913,1.7074984,2.4283524,10.241867,8.505043,0.811221800453944,0.47886569733245643
0.0,95.5,205.11806,1.697394,2.4023256,10.297361,8.551729,0.8059047726224442,0.4730341495035403
0.0,96.0,205.46455,1.6858945,2.3814728,10.357683,8.654755,0.7998536283624499,0.46836187047601757
0.0,96.5,205.98499,1.6716301,2.3587644,10.418984,8.736034,0.7923476125032015,0.46327382309306214
0.0,97.0,206.98174,1.6484365,2.3116846,10.490155,8.811858,0.7801429504028231,0.45272512338315246
0.0,97.5,208.91246,1.6021053,2.229333,10.595974,8.890021,0.7557630460606465,0.43427340603594766
0.0,98.0,215.85756,1.1884998,1.6418846,9.945899,8.1225,0.5381204524284964,0.3026497346521937
0.0,98.5,227.92177,0.6327361,0.89926404,8.217388,6.2327704,0.24567300686574187,0.13625818910378007
0.0,99.0,225.57378,0.5213561,0.77480537,7.708295,5.8846536,0.18706394390580175,0.10837198102436538
0.0,99.5,215.67429,0.5185834,0.6913671,8.830747,7.072342,0.18560493219851718,0.08967680173704952
0.0,100.0,,,,,,,
